#
# There is insufficient memory for the Java Runtime Environment to continue.
# Native memory allocation (mmap) failed to map 92274688 bytes. Error detail: G1 virtual space
# Possible reasons:
#   The system is out of physical RAM or swap space
#   This process is running with CompressedOops enabled, and the Java Heap may be blocking the growth of the native heap
# Possible solutions:
#   Reduce memory load on the system
#   Increase physical memory or swap space
#   Check if swap backing store is full
#   Decrease Java heap size (-Xmx/-Xms)
#   Decrease number of Java threads
#   Decrease Java thread stack sizes (-Xss)
#   Set larger code cache with -XX:ReservedCodeCacheSize=
#   JVM is running with Zero Based Compressed Oops mode in which the Java heap is
#     placed in the first 32GB address space. The Java Heap base address is the
#     maximum limit for the native heap growth. Please use -XX:HeapBaseMinAddress
#     to set the Java Heap base and to place the Java Heap above 32GB virtual address.
# This output file may be truncated or incomplete.
#
#  Out of Memory Error (os_windows.cpp:3735), pid=26924, tid=20600
#
# JRE version: OpenJDK Runtime Environment Microsoft-14941484 (21.0.12.1+1) (build 21.0.12.1+1-LTS)
# Java VM: OpenJDK 64-Bit Server VM Microsoft-14941484 (21.0.12.1+1-LTS, mixed mode, sharing, tiered, compressed oops, compressed class ptrs, g1 gc, windows-amd64)
# No core dump will be written. Minidumps are not enabled by default on client versions of Windows
#

---------------  S U M M A R Y ------------

Command Line: --add-opens=java.base/java.util=ALL-UNNAMED --add-opens=java.base/java.lang=ALL-UNNAMED --add-opens=java.base/java.lang.invoke=ALL-UNNAMED --add-opens=java.prefs/java.util.prefs=ALL-UNNAMED --add-exports=jdk.compiler/com.sun.tools.javac.api=ALL-UNNAMED --add-exports=jdk.compiler/com.sun.tools.javac.util=ALL-UNNAMED --add-opens=java.base/java.nio.charset=ALL-UNNAMED --add-opens=java.base/java.net=ALL-UNNAMED --add-opens=java.base/java.util.concurrent.atomic=ALL-UNNAMED -Xmx4096m -Dfile.encoding=UTF-8 -Duser.country=IN -Duser.language=en -Duser.variant -javaagent:D:\IQOO Hackathon\DevLens_Prototype\.build-tools\gradle-8.10.2\lib\agents\gradle-instrumentation-agent-8.10.2.jar org.gradle.launcher.daemon.bootstrap.GradleDaemon 8.10.2

Host: 13th Gen Intel(R) Core(TM) i7-13650HX, 20 cores, 23G,  Windows 11 , 64 bit Build 26100 (10.0.26100.9549)
Time: Mon Sep 28 18:36:58 2026 India Standard Time elapsed time: 194.400102 seconds (0d 0h 3m 14s)

---------------  T H R E A D  ---------------

Current thread (0x0000019fa25d46c0):  VMThread "VM Thread"          [id=20600, stack(0x0000007c82600000,0x0000007c82700000) (1024K)]

Stack: [0x0000007c82600000,0x0000007c82700000]
Native frames: (J=compiled Java code, j=interpreted, Vv=VM code, C=native code)
V  [jvm.dll+0x6e0c09]  (no source info available)
V  [jvm.dll+0x8c0e1b]  (no source info available)
V  [jvm.dll+0x8c33ad]  (no source info available)
V  [jvm.dll+0x8c3a83]  (no source info available)
V  [jvm.dll+0x28ac66]  (no source info available)
V  [jvm.dll+0x6e00b5]  (no source info available)
V  [jvm.dll+0x6d3b6a]  (no source info available)
V  [jvm.dll+0x367f2e]  (no source info available)
V  [jvm.dll+0x36fdfb]  (no source info available)
V  [jvm.dll+0x3c1909]  (no source info available)
V  [jvm.dll+0x3c1bab]  (no source info available)
V  [jvm.dll+0x33b527]  (no source info available)
V  [jvm.dll+0x33b5ba]  (no source info available)
V  [jvm.dll+0x380692]  (no source info available)
V  [jvm.dll+0x37ee6a]  (no source info available)
V  [jvm.dll+0x33ac81]  (no source info available)
V  [jvm.dll+0x37e4ca]  (no source info available)
V  [jvm.dll+0x8c97ef]  (no source info available)
V  [jvm.dll+0x8cacd3]  (no source info available)
V  [jvm.dll+0x8cb244]  (no source info available)
V  [jvm.dll+0x8cb343]  (no source info available)
V  [jvm.dll+0x86ba8d]  (no source info available)
V  [jvm.dll+0x6e21bd]  (no source info available)
C  [ucrtbase.dll+0x2cd30]  (no source info available)
C  [KERNEL32.DLL+0x2cdf7]  (no source info available)
C  [ntdll.dll+0x7ee4c]  (no source info available)

VM_Operation (0x0000007c8ebf9030): G1CollectForAllocation, mode: safepoint, requested by thread 0x0000019fece28270


---------------  P R O C E S S  ---------------

Threads class SMR info:
_java_thread_list=0x0000019fea4f1cb0, length=194, elements={
0x0000019f82d05d60, 0x0000019fa25f1bf0, 0x0000019fa25f2850, 0x0000019fa25f9150,
0x0000019fa25fd610, 0x0000019fa2608930, 0x0000019fa260a610, 0x0000019fa260e660,
0x0000019fa25fb7b0, 0x0000019fa260c6e0, 0x0000019fa260b9c0, 0x0000019fa2609f80,
0x0000019fa260c050, 0x0000019fa260b330, 0x0000019fa260aca0, 0x0000019fa260d400,
0x0000019fea054720, 0x0000019fea0567f0, 0x0000019fea056e80, 0x0000019fea055ad0,
0x0000019fea057510, 0x0000019fea054db0, 0x0000019fea054090, 0x0000019fea055440,
0x0000019fea0595e0, 0x0000019fea058230, 0x0000019fea056160, 0x0000019fea0588c0,
0x0000019fea05b6b0, 0x0000019fea058f50, 0x0000019fea059c70, 0x0000019fea05a300,
0x0000019fea05b020, 0x0000019fee014f20, 0x0000019fee017680, 0x0000019fee015c40,
0x0000019fee017d10, 0x0000019fee0155b0, 0x0000019fee01b190, 0x0000019fee0190c0,
0x0000019fee01b820, 0x0000019fee01beb0, 0x0000019fee01c540, 0x0000019fee019750,
0x0000019fee019de0, 0x0000019fee01a470, 0x0000019fee01ab00, 0x0000019fec29e6e0,
0x0000019fec2a0120, 0x0000019fec29ed70, 0x0000019fec2a14d0, 0x0000019fec29f400,
0x0000019fec29fa90, 0x0000019fec2a07b0, 0x0000019fec2a2f10, 0x0000019fec2a21f0,
0x0000019fec2a1b60, 0x0000019fec2a3c30, 0x0000019fec2a42c0, 0x0000019fec2a4950,
0x0000019fec2a4fe0, 0x0000019fec2a5670, 0x0000019fecfcd6c0, 0x0000019fecfcdd50,
0x0000019fecfd0b40, 0x0000019fecfcea70, 0x0000019fecfd04b0, 0x0000019fecfd11d0,
0x0000019fecfcf790, 0x0000019fecfcfe20, 0x0000019fecfd1860, 0x0000019fecfce3e0,
0x0000019fecfd1ef0, 0x0000019fecfd2580, 0x0000019fecfcf100, 0x0000019fecfd32a0,
0x0000019fecfd2c10, 0x0000019fecfd3930, 0x0000019fecfd3fc0, 0x0000019fecfd4ce0,
0x0000019fe9b6e690, 0x0000019fe9b6d970, 0x0000019fe9b6bf30, 0x0000019fe9b6ed20,
0x0000019fe9b6e000, 0x0000019fe9b6f3b0, 0x0000019fe9b6fa40, 0x0000019fe9b6c5c0,
0x0000019fe9b700d0, 0x0000019fe9b6cc50, 0x0000019fe9b70760, 0x0000019fe9b6d2e0,
0x0000019fe9b71b10, 0x0000019fe9b721a0, 0x0000019fe9b72830, 0x0000019fe9b72ec0,
0x0000019fe9b70df0, 0x0000019fe9b73550, 0x0000019fe9b71480, 0x0000019fe9efb840,
0x0000019fe9efbed0, 0x0000019fe9efc560, 0x0000019fe9efcbf0, 0x0000019fe9ef9e00,
0x0000019fe9efa490, 0x0000019fe9ef9770, 0x0000019fe9efab20, 0x0000019fe9efb1b0,
0x0000019fee235d30, 0x0000019fee234980, 0x0000019fee2342f0, 0x0000019fee2363c0,
0x0000019fee233c60, 0x0000019fee235010, 0x0000019fee236a50, 0x0000019fee2356a0,
0x0000019fee2335d0, 0x0000019fee237770, 0x0000019fee239840, 0x0000019fee239ed0,
0x0000019fee238b20, 0x0000019fee23a560, 0x0000019fee2370e0, 0x0000019fee23abf0,
0x0000019fee237e00, 0x0000019fee238490, 0x0000019fee2391b0, 0x0000019febb2eb50,
0x0000019febb2c3f0, 0x0000019febb2de30, 0x0000019febb2b6d0, 0x0000019febb2f1e0,
0x0000019febb2ca80, 0x0000019febb2e4c0, 0x0000019febb2bd60, 0x0000019febb2f870,
0x0000019febb2d110, 0x0000019febb30c20, 0x0000019febb2ff00, 0x0000019febb30590,
0x0000019febb2d7a0, 0x0000019febb312b0, 0x0000019febb31940, 0x0000019febb32660,
0x0000019febb31fd0, 0x0000019febb32cf0, 0x0000019fecfc3b10, 0x0000019fecfc51d0,
0x0000019fec33d840, 0x0000019fec33ebf0, 0x0000019fec340630, 0x0000019fee013970,
0x0000019fed29f920, 0x0000019fec341350, 0x0000019fec340cc0, 0x0000019fec33f910,
0x0000019fec33e560, 0x0000019fec33ded0, 0x0000019fec3419e0, 0x0000019fec342070,
0x0000019fec342700, 0x0000019fec33f280, 0x0000019fec3447d0, 0x0000019fec342d90,
0x0000019fec343ab0, 0x0000019fec344140, 0x0000019fec344e60, 0x0000019fece23a40,
0x0000019fece22d20, 0x0000019fece240d0, 0x0000019fece21970, 0x0000019fece233b0,
0x0000019fece22690, 0x0000019fece25480, 0x0000019fece24760, 0x0000019fece22000,
0x0000019fece25b10, 0x0000019fece28900, 0x0000019fece26830, 0x0000019fece28f90,
0x0000019fece26ec0, 0x0000019fece27be0, 0x0000019fece28270, 0x0000019fece29620,
0x0000019fece261a0, 0x0000019fece29cb0, 0x0000019fece27550, 0x0000019fece2a9d0,
0x0000019fefff7c20, 0x0000019fed61a2f0, 0x0000019fe9ed4be0, 0x0000019fee6c0140,
0x0000019fef1544f0, 0x0000019fef5c2b30
}

Java Threads: ( => current thread )
  0x0000019f82d05d60 JavaThread "main"                              [_thread_blocked, id=9860, stack(0x0000007c81f00000,0x0000007c82000000) (1024K)]
  0x0000019fa25f1bf0 JavaThread "Reference Handler"          daemon [_thread_blocked, id=17108, stack(0x0000007c82700000,0x0000007c82800000) (1024K)]
  0x0000019fa25f2850 JavaThread "Finalizer"                  daemon [_thread_blocked, id=11944, stack(0x0000007c82800000,0x0000007c82900000) (1024K)]
  0x0000019fa25f9150 JavaThread "Signal Dispatcher"          daemon [_thread_blocked, id=6440, stack(0x0000007c82900000,0x0000007c82a00000) (1024K)]
  0x0000019fa25fd610 JavaThread "Attach Listener"            daemon [_thread_blocked, id=12180, stack(0x0000007c82a00000,0x0000007c82b00000) (1024K)]
  0x0000019fa2608930 JavaThread "Service Thread"             daemon [_thread_blocked, id=29680, stack(0x0000007c82b00000,0x0000007c82c00000) (1024K)]
  0x0000019fa260a610 JavaThread "Monitor Deflation Thread"   daemon [_thread_blocked, id=22164, stack(0x0000007c82c00000,0x0000007c82d00000) (1024K)]
  0x0000019fa260e660 JavaThread "C2 CompilerThread0"         daemon [_thread_blocked, id=24184, stack(0x0000007c82d00000,0x0000007c82e00000) (1024K)]
  0x0000019fa25fb7b0 JavaThread "C1 CompilerThread0"         daemon [_thread_blocked, id=24772, stack(0x0000007c82e00000,0x0000007c82f00000) (1024K)]
  0x0000019fa260c6e0 JavaThread "Common-Cleaner"             daemon [_thread_blocked, id=29560, stack(0x0000007c83100000,0x0000007c83200000) (1024K)]
  0x0000019fa260b9c0 JavaThread "Notification Thread"        daemon [_thread_blocked, id=29624, stack(0x0000007c83200000,0x0000007c83300000) (1024K)]
  0x0000019fa2609f80 JavaThread "Daemon health stats"               [_thread_blocked, id=27260, stack(0x0000007c83500000,0x0000007c83600000) (1024K)]
  0x0000019fa260c050 JavaThread "Incoming local TCP Connector on port 59652"        [_thread_in_native, id=20808, stack(0x0000007c83600000,0x0000007c83700000) (1024K)]
  0x0000019fa260b330 JavaThread "Daemon periodic checks"            [_thread_blocked, id=17688, stack(0x0000007c83f00000,0x0000007c84000000) (1024K)]
  0x0000019fa260aca0 JavaThread "Daemon"                            [_thread_blocked, id=7292, stack(0x0000007c84000000,0x0000007c84100000) (1024K)]
  0x0000019fa260d400 JavaThread "Handler for socket connection from /127.0.0.1:59652 to /127.0.0.1:59653"        [_thread_in_native, id=28472, stack(0x0000007c84100000,0x0000007c84200000) (1024K)]
  0x0000019fea054720 JavaThread "Cancel handler"                    [_thread_blocked, id=27624, stack(0x0000007c84200000,0x0000007c84300000) (1024K)]
  0x0000019fea0567f0 JavaThread "Daemon worker"                     [_thread_blocked, id=24396, stack(0x0000007c84300000,0x0000007c84400000) (1024K)]
  0x0000019fea056e80 JavaThread "Asynchronous log dispatcher for DefaultDaemonConnection: socket connection from /127.0.0.1:59652 to /127.0.0.1:59653"        [_thread_blocked, id=21384, stack(0x0000007c84400000,0x0000007c84500000) (1024K)]
  0x0000019fea055ad0 JavaThread "Stdin handler"                     [_thread_blocked, id=22236, stack(0x0000007c84500000,0x0000007c84600000) (1024K)]
  0x0000019fea057510 JavaThread "Daemon client event forwarder"        [_thread_blocked, id=28040, stack(0x0000007c84600000,0x0000007c84700000) (1024K)]
  0x0000019fea054db0 JavaThread "Cache worker for journal cache (C:\Users\araba\.gradle\caches\journal-1)"        [_thread_blocked, id=4024, stack(0x0000007c84d00000,0x0000007c84e00000) (1024K)]
  0x0000019fea054090 JavaThread "File lock request listener"        [_thread_in_native, id=22512, stack(0x0000007c84e00000,0x0000007c84f00000) (1024K)]
  0x0000019fea055440 JavaThread "Cache worker for file hash cache (C:\Users\araba\.gradle\caches\8.10.2\fileHashes)"        [_thread_blocked, id=17668, stack(0x0000007c84f00000,0x0000007c85000000) (1024K)]
  0x0000019fea0595e0 JavaThread "Cache worker for file hash cache (D:\IQOO Hackathon\DevLens_New_Version\.gradle\8.10.2\fileHashes)"        [_thread_blocked, id=11440, stack(0x0000007c85500000,0x0000007c85600000) (1024K)]
  0x0000019fea058230 JavaThread "Cache worker for Build Output Cleanup Cache (D:\IQOO Hackathon\DevLens_New_Version\.gradle\buildOutputCleanup)"        [_thread_blocked, id=7152, stack(0x0000007c85600000,0x0000007c85700000) (1024K)]
  0x0000019fea056160 JavaThread "File watcher server"        daemon [_thread_in_native, id=28840, stack(0x0000007c85700000,0x0000007c85800000) (1024K)]
  0x0000019fea0588c0 JavaThread "File watcher consumer"      daemon [_thread_blocked, id=9496, stack(0x0000007c85800000,0x0000007c85900000) (1024K)]
  0x0000019fea05b6b0 JavaThread "Cache worker for checksums cache (D:\IQOO Hackathon\DevLens_New_Version\.gradle\8.10.2\checksums)"        [_thread_blocked, id=26680, stack(0x0000007c85900000,0x0000007c85a00000) (1024K)]
  0x0000019fea058f50 JavaThread "Cache worker for file content cache (C:\Users\araba\.gradle\caches\8.10.2\fileContent)"        [_thread_blocked, id=15080, stack(0x0000007c85a00000,0x0000007c85b00000) (1024K)]
  0x0000019fea059c70 JavaThread "Cache worker for cache directory md-rule (C:\Users\araba\.gradle\caches\8.10.2\md-rule)"        [_thread_blocked, id=6532, stack(0x0000007c85b00000,0x0000007c85c00000) (1024K)]
  0x0000019fea05a300 JavaThread "Cache worker for cache directory md-supplier (C:\Users\araba\.gradle\caches\8.10.2\md-supplier)"        [_thread_blocked, id=29784, stack(0x0000007c85c00000,0x0000007c85d00000) (1024K)]
  0x0000019fea05b020 JavaThread "jar transforms"                    [_thread_blocked, id=18184, stack(0x0000007c85f00000,0x0000007c86000000) (1024K)]
  0x0000019fee014f20 JavaThread "jar transforms Thread 2"           [_thread_blocked, id=8172, stack(0x0000007c86000000,0x0000007c86100000) (1024K)]
  0x0000019fee017680 JavaThread "jar transforms Thread 3"           [_thread_blocked, id=23844, stack(0x0000007c86100000,0x0000007c86200000) (1024K)]
  0x0000019fee015c40 JavaThread "Unconstrained build operations"        [_thread_blocked, id=12128, stack(0x0000007c83000000,0x0000007c83100000) (1024K)]
  0x0000019fee017d10 JavaThread "Unconstrained build operations Thread 2"        [_thread_blocked, id=17264, stack(0x0000007c83400000,0x0000007c83500000) (1024K)]
  0x0000019fee0155b0 JavaThread "Unconstrained build operations Thread 3"        [_thread_blocked, id=20720, stack(0x0000007c85000000,0x0000007c85100000) (1024K)]
  0x0000019fee01b190 JavaThread "Unconstrained build operations Thread 4"        [_thread_blocked, id=29420, stack(0x0000007c85100000,0x0000007c85200000) (1024K)]
  0x0000019fee0190c0 JavaThread "Unconstrained build operations Thread 5"        [_thread_blocked, id=29376, stack(0x0000007c85d00000,0x0000007c85e00000) (1024K)]
  0x0000019fee01b820 JavaThread "Unconstrained build operations Thread 6"        [_thread_blocked, id=29832, stack(0x0000007c86200000,0x0000007c86300000) (1024K)]
  0x0000019fee01beb0 JavaThread "Unconstrained build operations Thread 7"        [_thread_blocked, id=18364, stack(0x0000007c86300000,0x0000007c86400000) (1024K)]
  0x0000019fee01c540 JavaThread "Unconstrained build operations Thread 8"        [_thread_blocked, id=30172, stack(0x0000007c86400000,0x0000007c86500000) (1024K)]
  0x0000019fee019750 JavaThread "Unconstrained build operations Thread 9"        [_thread_blocked, id=30636, stack(0x0000007c86500000,0x0000007c86600000) (1024K)]
  0x0000019fee019de0 JavaThread "Unconstrained build operations Thread 10"        [_thread_blocked, id=18764, stack(0x0000007c86600000,0x0000007c86700000) (1024K)]
  0x0000019fee01a470 JavaThread "Unconstrained build operations Thread 11"        [_thread_blocked, id=21248, stack(0x0000007c86700000,0x0000007c86800000) (1024K)]
  0x0000019fee01ab00 JavaThread "Unconstrained build operations Thread 12"        [_thread_blocked, id=6352, stack(0x0000007c86800000,0x0000007c86900000) (1024K)]
  0x0000019fec29e6e0 JavaThread "Unconstrained build operations Thread 13"        [_thread_blocked, id=12452, stack(0x0000007c86900000,0x0000007c86a00000) (1024K)]
  0x0000019fec2a0120 JavaThread "Unconstrained build operations Thread 14"        [_thread_blocked, id=30228, stack(0x0000007c86a00000,0x0000007c86b00000) (1024K)]
  0x0000019fec29ed70 JavaThread "Unconstrained build operations Thread 15"        [_thread_blocked, id=23836, stack(0x0000007c86b00000,0x0000007c86c00000) (1024K)]
  0x0000019fec2a14d0 JavaThread "Unconstrained build operations Thread 16"        [_thread_blocked, id=8160, stack(0x0000007c86c00000,0x0000007c86d00000) (1024K)]
  0x0000019fec29f400 JavaThread "Unconstrained build operations Thread 17"        [_thread_blocked, id=27780, stack(0x0000007c86d00000,0x0000007c86e00000) (1024K)]
  0x0000019fec29fa90 JavaThread "Unconstrained build operations Thread 18"        [_thread_blocked, id=26168, stack(0x0000007c86e00000,0x0000007c86f00000) (1024K)]
  0x0000019fec2a07b0 JavaThread "Unconstrained build operations Thread 19"        [_thread_blocked, id=29812, stack(0x0000007c86f00000,0x0000007c87000000) (1024K)]
  0x0000019fec2a2f10 JavaThread "Unconstrained build operations Thread 20"        [_thread_blocked, id=25360, stack(0x0000007c87000000,0x0000007c87100000) (1024K)]
  0x0000019fec2a21f0 JavaThread "Unconstrained build operations Thread 21"        [_thread_blocked, id=30672, stack(0x0000007c87100000,0x0000007c87200000) (1024K)]
  0x0000019fec2a1b60 JavaThread "Unconstrained build operations Thread 22"        [_thread_blocked, id=18916, stack(0x0000007c87300000,0x0000007c87400000) (1024K)]
  0x0000019fec2a3c30 JavaThread "Unconstrained build operations Thread 23"        [_thread_blocked, id=30528, stack(0x0000007c87400000,0x0000007c87500000) (1024K)]
  0x0000019fec2a42c0 JavaThread "Unconstrained build operations Thread 24"        [_thread_blocked, id=30076, stack(0x0000007c87500000,0x0000007c87600000) (1024K)]
  0x0000019fec2a4950 JavaThread "Unconstrained build operations Thread 25"        [_thread_blocked, id=20428, stack(0x0000007c87600000,0x0000007c87700000) (1024K)]
  0x0000019fec2a4fe0 JavaThread "Unconstrained build operations Thread 26"        [_thread_blocked, id=23716, stack(0x0000007c87700000,0x0000007c87800000) (1024K)]
  0x0000019fec2a5670 JavaThread "Unconstrained build operations Thread 27"        [_thread_blocked, id=26104, stack(0x0000007c87800000,0x0000007c87900000) (1024K)]
  0x0000019fecfcd6c0 JavaThread "Unconstrained build operations Thread 28"        [_thread_blocked, id=3404, stack(0x0000007c87900000,0x0000007c87a00000) (1024K)]
  0x0000019fecfcdd50 JavaThread "Unconstrained build operations Thread 29"        [_thread_blocked, id=13768, stack(0x0000007c87a00000,0x0000007c87b00000) (1024K)]
  0x0000019fecfd0b40 JavaThread "Unconstrained build operations Thread 30"        [_thread_blocked, id=25872, stack(0x0000007c87b00000,0x0000007c87c00000) (1024K)]
  0x0000019fecfcea70 JavaThread "Unconstrained build operations Thread 31"        [_thread_blocked, id=3520, stack(0x0000007c87c00000,0x0000007c87d00000) (1024K)]
  0x0000019fecfd04b0 JavaThread "Unconstrained build operations Thread 32"        [_thread_blocked, id=18088, stack(0x0000007c87d00000,0x0000007c87e00000) (1024K)]
  0x0000019fecfd11d0 JavaThread "Unconstrained build operations Thread 33"        [_thread_blocked, id=8300, stack(0x0000007c87e00000,0x0000007c87f00000) (1024K)]
  0x0000019fecfcf790 JavaThread "Unconstrained build operations Thread 34"        [_thread_blocked, id=28196, stack(0x0000007c87f00000,0x0000007c88000000) (1024K)]
  0x0000019fecfcfe20 JavaThread "Unconstrained build operations Thread 35"        [_thread_blocked, id=25612, stack(0x0000007c88000000,0x0000007c88100000) (1024K)]
  0x0000019fecfd1860 JavaThread "Unconstrained build operations Thread 36"        [_thread_blocked, id=19948, stack(0x0000007c88100000,0x0000007c88200000) (1024K)]
  0x0000019fecfce3e0 JavaThread "Unconstrained build operations Thread 37"        [_thread_blocked, id=30060, stack(0x0000007c88200000,0x0000007c88300000) (1024K)]
  0x0000019fecfd1ef0 JavaThread "Unconstrained build operations Thread 38"        [_thread_blocked, id=16868, stack(0x0000007c88300000,0x0000007c88400000) (1024K)]
  0x0000019fecfd2580 JavaThread "Unconstrained build operations Thread 39"        [_thread_blocked, id=29296, stack(0x0000007c88400000,0x0000007c88500000) (1024K)]
  0x0000019fecfcf100 JavaThread "Unconstrained build operations Thread 40"        [_thread_blocked, id=28620, stack(0x0000007c88500000,0x0000007c88600000) (1024K)]
  0x0000019fecfd32a0 JavaThread "Unconstrained build operations Thread 41"        [_thread_blocked, id=22724, stack(0x0000007c83300000,0x0000007c83400000) (1024K)]
  0x0000019fecfd2c10 JavaThread "Unconstrained build operations Thread 42"        [_thread_blocked, id=16192, stack(0x0000007c87200000,0x0000007c87300000) (1024K)]
  0x0000019fecfd3930 JavaThread "Unconstrained build operations Thread 43"        [_thread_blocked, id=12860, stack(0x0000007c88600000,0x0000007c88700000) (1024K)]
  0x0000019fecfd3fc0 JavaThread "Unconstrained build operations Thread 44"        [_thread_blocked, id=29252, stack(0x0000007c88700000,0x0000007c88800000) (1024K)]
  0x0000019fecfd4ce0 JavaThread "Unconstrained build operations Thread 45"        [_thread_blocked, id=25096, stack(0x0000007c88900000,0x0000007c88a00000) (1024K)]
  0x0000019fe9b6e690 JavaThread "Unconstrained build operations Thread 46"        [_thread_blocked, id=16716, stack(0x0000007c88a00000,0x0000007c88b00000) (1024K)]
  0x0000019fe9b6d970 JavaThread "Unconstrained build operations Thread 47"        [_thread_blocked, id=30180, stack(0x0000007c81d00000,0x0000007c81e00000) (1024K)]
  0x0000019fe9b6bf30 JavaThread "Unconstrained build operations Thread 48"        [_thread_blocked, id=28716, stack(0x0000007c88800000,0x0000007c88900000) (1024K)]
  0x0000019fe9b6ed20 JavaThread "Unconstrained build operations Thread 49"        [_thread_blocked, id=26832, stack(0x0000007c88b00000,0x0000007c88c00000) (1024K)]
  0x0000019fe9b6e000 JavaThread "Unconstrained build operations Thread 50"        [_thread_blocked, id=7612, stack(0x0000007c88c00000,0x0000007c88d00000) (1024K)]
  0x0000019fe9b6f3b0 JavaThread "Unconstrained build operations Thread 51"        [_thread_blocked, id=16608, stack(0x0000007c88d00000,0x0000007c88e00000) (1024K)]
  0x0000019fe9b6fa40 JavaThread "Unconstrained build operations Thread 52"        [_thread_blocked, id=27492, stack(0x0000007c88e00000,0x0000007c88f00000) (1024K)]
  0x0000019fe9b6c5c0 JavaThread "Unconstrained build operations Thread 53"        [_thread_blocked, id=13656, stack(0x0000007c88f00000,0x0000007c89000000) (1024K)]
  0x0000019fe9b700d0 JavaThread "Unconstrained build operations Thread 54"        [_thread_blocked, id=22276, stack(0x0000007c89000000,0x0000007c89100000) (1024K)]
  0x0000019fe9b6cc50 JavaThread "Unconstrained build operations Thread 55"        [_thread_blocked, id=25528, stack(0x0000007c89100000,0x0000007c89200000) (1024K)]
  0x0000019fe9b70760 JavaThread "Unconstrained build operations Thread 56"        [_thread_blocked, id=17120, stack(0x0000007c89200000,0x0000007c89300000) (1024K)]
  0x0000019fe9b6d2e0 JavaThread "Unconstrained build operations Thread 57"        [_thread_blocked, id=18024, stack(0x0000007c89300000,0x0000007c89400000) (1024K)]
  0x0000019fe9b71b10 JavaThread "Unconstrained build operations Thread 58"        [_thread_blocked, id=25384, stack(0x0000007c89400000,0x0000007c89500000) (1024K)]
  0x0000019fe9b721a0 JavaThread "Unconstrained build operations Thread 59"        [_thread_blocked, id=12976, stack(0x0000007c89500000,0x0000007c89600000) (1024K)]
  0x0000019fe9b72830 JavaThread "Unconstrained build operations Thread 60"        [_thread_blocked, id=20772, stack(0x0000007c89600000,0x0000007c89700000) (1024K)]
  0x0000019fe9b72ec0 JavaThread "Unconstrained build operations Thread 61"        [_thread_blocked, id=5916, stack(0x0000007c89700000,0x0000007c89800000) (1024K)]
  0x0000019fe9b70df0 JavaThread "Unconstrained build operations Thread 62"        [_thread_blocked, id=5860, stack(0x0000007c89800000,0x0000007c89900000) (1024K)]
  0x0000019fe9b73550 JavaThread "Unconstrained build operations Thread 63"        [_thread_blocked, id=24152, stack(0x0000007c89900000,0x0000007c89a00000) (1024K)]
  0x0000019fe9b71480 JavaThread "Unconstrained build operations Thread 64"        [_thread_blocked, id=22284, stack(0x0000007c89a00000,0x0000007c89b00000) (1024K)]
  0x0000019fe9efb840 JavaThread "Unconstrained build operations Thread 65"        [_thread_blocked, id=13548, stack(0x0000007c89b00000,0x0000007c89c00000) (1024K)]
  0x0000019fe9efbed0 JavaThread "Unconstrained build operations Thread 66"        [_thread_blocked, id=26332, stack(0x0000007c89c00000,0x0000007c89d00000) (1024K)]
  0x0000019fe9efc560 JavaThread "Unconstrained build operations Thread 67"        [_thread_blocked, id=29620, stack(0x0000007c89d00000,0x0000007c89e00000) (1024K)]
  0x0000019fe9efcbf0 JavaThread "Unconstrained build operations Thread 68"        [_thread_blocked, id=30024, stack(0x0000007c89e00000,0x0000007c89f00000) (1024K)]
  0x0000019fe9ef9e00 JavaThread "Unconstrained build operations Thread 69"        [_thread_blocked, id=29912, stack(0x0000007c89f00000,0x0000007c8a000000) (1024K)]
  0x0000019fe9efa490 JavaThread "Unconstrained build operations Thread 70"        [_thread_blocked, id=23720, stack(0x0000007c82f00000,0x0000007c83000000) (1024K)]
  0x0000019fe9ef9770 JavaThread "Unconstrained build operations Thread 71"        [_thread_blocked, id=9372, stack(0x0000007c8a000000,0x0000007c8a100000) (1024K)]
  0x0000019fe9efab20 JavaThread "Unconstrained build operations Thread 72"        [_thread_blocked, id=16568, stack(0x0000007c8a200000,0x0000007c8a300000) (1024K)]
  0x0000019fe9efb1b0 JavaThread "Unconstrained build operations Thread 73"        [_thread_blocked, id=26276, stack(0x0000007c8a300000,0x0000007c8a400000) (1024K)]
  0x0000019fee235d30 JavaThread "Unconstrained build operations Thread 74"        [_thread_blocked, id=16472, stack(0x0000007c8a400000,0x0000007c8a500000) (1024K)]
  0x0000019fee234980 JavaThread "Unconstrained build operations Thread 75"        [_thread_blocked, id=30460, stack(0x0000007c8a500000,0x0000007c8a600000) (1024K)]
  0x0000019fee2342f0 JavaThread "Unconstrained build operations Thread 76"        [_thread_blocked, id=30380, stack(0x0000007c8a600000,0x0000007c8a700000) (1024K)]
  0x0000019fee2363c0 JavaThread "Unconstrained build operations Thread 77"        [_thread_blocked, id=12340, stack(0x0000007c8a700000,0x0000007c8a800000) (1024K)]
  0x0000019fee233c60 JavaThread "Unconstrained build operations Thread 78"        [_thread_blocked, id=13728, stack(0x0000007c8a800000,0x0000007c8a900000) (1024K)]
  0x0000019fee235010 JavaThread "Unconstrained build operations Thread 79"        [_thread_blocked, id=30704, stack(0x0000007c8a900000,0x0000007c8aa00000) (1024K)]
  0x0000019fee236a50 JavaThread "Unconstrained build operations Thread 80"        [_thread_blocked, id=28352, stack(0x0000007c8aa00000,0x0000007c8ab00000) (1024K)]
  0x0000019fee2356a0 JavaThread "Unconstrained build operations Thread 81"        [_thread_blocked, id=28328, stack(0x0000007c8ab00000,0x0000007c8ac00000) (1024K)]
  0x0000019fee2335d0 JavaThread "Unconstrained build operations Thread 82"        [_thread_blocked, id=22948, stack(0x0000007c8ac00000,0x0000007c8ad00000) (1024K)]
  0x0000019fee237770 JavaThread "Unconstrained build operations Thread 83"        [_thread_blocked, id=18080, stack(0x0000007c8ad00000,0x0000007c8ae00000) (1024K)]
  0x0000019fee239840 JavaThread "Unconstrained build operations Thread 84"        [_thread_blocked, id=14824, stack(0x0000007c8ae00000,0x0000007c8af00000) (1024K)]
  0x0000019fee239ed0 JavaThread "Unconstrained build operations Thread 85"        [_thread_blocked, id=23032, stack(0x0000007c8af00000,0x0000007c8b000000) (1024K)]
  0x0000019fee238b20 JavaThread "Unconstrained build operations Thread 86"        [_thread_blocked, id=28844, stack(0x0000007c8b000000,0x0000007c8b100000) (1024K)]
  0x0000019fee23a560 JavaThread "Unconstrained build operations Thread 87"        [_thread_blocked, id=24452, stack(0x0000007c8a100000,0x0000007c8a200000) (1024K)]
  0x0000019fee2370e0 JavaThread "Unconstrained build operations Thread 88"        [_thread_blocked, id=3056, stack(0x0000007c8b100000,0x0000007c8b200000) (1024K)]
  0x0000019fee23abf0 JavaThread "Unconstrained build operations Thread 89"        [_thread_blocked, id=21988, stack(0x0000007c8b200000,0x0000007c8b300000) (1024K)]
  0x0000019fee237e00 JavaThread "Unconstrained build operations Thread 90"        [_thread_blocked, id=28116, stack(0x0000007c8b300000,0x0000007c8b400000) (1024K)]
  0x0000019fee238490 JavaThread "Unconstrained build operations Thread 91"        [_thread_blocked, id=30288, stack(0x0000007c8b400000,0x0000007c8b500000) (1024K)]
  0x0000019fee2391b0 JavaThread "Unconstrained build operations Thread 92"        [_thread_blocked, id=24392, stack(0x0000007c8b500000,0x0000007c8b600000) (1024K)]
  0x0000019febb2eb50 JavaThread "Unconstrained build operations Thread 93"        [_thread_blocked, id=2836, stack(0x0000007c8b900000,0x0000007c8ba00000) (1024K)]
  0x0000019febb2c3f0 JavaThread "Unconstrained build operations Thread 94"        [_thread_blocked, id=1864, stack(0x0000007c8ba00000,0x0000007c8bb00000) (1024K)]
  0x0000019febb2de30 JavaThread "Unconstrained build operations Thread 95"        [_thread_blocked, id=17152, stack(0x0000007c8bb00000,0x0000007c8bc00000) (1024K)]
  0x0000019febb2b6d0 JavaThread "Unconstrained build operations Thread 96"        [_thread_blocked, id=28488, stack(0x0000007c8bc00000,0x0000007c8bd00000) (1024K)]
  0x0000019febb2f1e0 JavaThread "Unconstrained build operations Thread 97"        [_thread_blocked, id=13832, stack(0x0000007c8bd00000,0x0000007c8be00000) (1024K)]
  0x0000019febb2ca80 JavaThread "Unconstrained build operations Thread 98"        [_thread_blocked, id=6692, stack(0x0000007c8be00000,0x0000007c8bf00000) (1024K)]
  0x0000019febb2e4c0 JavaThread "Unconstrained build operations Thread 99"        [_thread_blocked, id=12476, stack(0x0000007c8bf00000,0x0000007c8c000000) (1024K)]
  0x0000019febb2bd60 JavaThread "Unconstrained build operations Thread 100"        [_thread_blocked, id=26668, stack(0x0000007c8c000000,0x0000007c8c100000) (1024K)]
  0x0000019febb2f870 JavaThread "Unconstrained build operations Thread 101"        [_thread_blocked, id=12948, stack(0x0000007c8c100000,0x0000007c8c200000) (1024K)]
  0x0000019febb2d110 JavaThread "Unconstrained build operations Thread 102"        [_thread_blocked, id=11444, stack(0x0000007c8c200000,0x0000007c8c300000) (1024K)]
  0x0000019febb30c20 JavaThread "Unconstrained build operations Thread 103"        [_thread_blocked, id=14564, stack(0x0000007c8c300000,0x0000007c8c400000) (1024K)]
  0x0000019febb2ff00 JavaThread "Unconstrained build operations Thread 104"        [_thread_blocked, id=21904, stack(0x0000007c8c400000,0x0000007c8c500000) (1024K)]
  0x0000019febb30590 JavaThread "Unconstrained build operations Thread 105"        [_thread_blocked, id=30532, stack(0x0000007c8c500000,0x0000007c8c600000) (1024K)]
  0x0000019febb2d7a0 JavaThread "Unconstrained build operations Thread 106"        [_thread_blocked, id=25888, stack(0x0000007c8c600000,0x0000007c8c700000) (1024K)]
  0x0000019febb312b0 JavaThread "Unconstrained build operations Thread 107"        [_thread_blocked, id=30312, stack(0x0000007c8c700000,0x0000007c8c800000) (1024K)]
  0x0000019febb31940 JavaThread "Unconstrained build operations Thread 108"        [_thread_blocked, id=9408, stack(0x0000007c8c800000,0x0000007c8c900000) (1024K)]
  0x0000019febb32660 JavaThread "Unconstrained build operations Thread 109"        [_thread_blocked, id=27576, stack(0x0000007c8c900000,0x0000007c8ca00000) (1024K)]
  0x0000019febb31fd0 JavaThread "Unconstrained build operations Thread 110"        [_thread_blocked, id=13756, stack(0x0000007c8ca00000,0x0000007c8cb00000) (1024K)]
  0x0000019febb32cf0 JavaThread "Unconstrained build operations Thread 111"        [_thread_blocked, id=20236, stack(0x0000007c8cb00000,0x0000007c8cc00000) (1024K)]
  0x0000019fecfc3b10 JavaThread "C1 CompilerThread1"         daemon [_thread_blocked, id=16972, stack(0x0000007c81c00000,0x0000007c81d00000) (1024K)]
  0x0000019fecfc51d0 JavaThread "C1 CompilerThread2"         daemon [_thread_blocked, id=26780, stack(0x0000007c81e00000,0x0000007c81f00000) (1024K)]
  0x0000019fec33d840 JavaThread "Unconstrained build operations Thread 112"        [_thread_blocked, id=8980, stack(0x0000007c8b600000,0x0000007c8b700000) (1024K)]
  0x0000019fec33ebf0 JavaThread "Unconstrained build operations Thread 113"        [_thread_blocked, id=13212, stack(0x0000007c8b700000,0x0000007c8b800000) (1024K)]
  0x0000019fec340630 JavaThread "Unconstrained build operations Thread 114"        [_thread_blocked, id=26656, stack(0x0000007c8b800000,0x0000007c8b900000) (1024K)]
  0x0000019fee013970 JavaThread "C2 CompilerThread1"         daemon [_thread_blocked, id=22288, stack(0x0000007c8cc00000,0x0000007c8cd00000) (1024K)]
  0x0000019fed29f920 JavaThread "C1 CompilerThread3"         daemon [_thread_blocked, id=29028, stack(0x0000007c8cd00000,0x0000007c8ce00000) (1024K)]
  0x0000019fec341350 JavaThread "Unconstrained build operations Thread 115"        [_thread_blocked, id=6468, stack(0x0000007c8ce00000,0x0000007c8cf00000) (1024K)]
  0x0000019fec340cc0 JavaThread "Unconstrained build operations Thread 116"        [_thread_blocked, id=30416, stack(0x0000007c8cf00000,0x0000007c8d000000) (1024K)]
  0x0000019fec33f910 JavaThread "Unconstrained build operations Thread 117"        [_thread_blocked, id=16632, stack(0x0000007c8d200000,0x0000007c8d300000) (1024K)]
  0x0000019fec33e560 JavaThread "Unconstrained build operations Thread 118"        [_thread_blocked, id=27216, stack(0x0000007c8d300000,0x0000007c8d400000) (1024K)]
  0x0000019fec33ded0 JavaThread "Unconstrained build operations Thread 119"        [_thread_blocked, id=22872, stack(0x0000007c8d500000,0x0000007c8d600000) (1024K)]
  0x0000019fec3419e0 JavaThread "Unconstrained build operations Thread 120"        [_thread_blocked, id=15000, stack(0x0000007c8d600000,0x0000007c8d700000) (1024K)]
  0x0000019fec342070 JavaThread "Unconstrained build operations Thread 121"        [_thread_blocked, id=556, stack(0x0000007c8d700000,0x0000007c8d800000) (1024K)]
  0x0000019fec342700 JavaThread "Unconstrained build operations Thread 122"        [_thread_blocked, id=15652, stack(0x0000007c8d800000,0x0000007c8d900000) (1024K)]
  0x0000019fec33f280 JavaThread "Unconstrained build operations Thread 123"        [_thread_blocked, id=12412, stack(0x0000007c8d900000,0x0000007c8da00000) (1024K)]
  0x0000019fec3447d0 JavaThread "Unconstrained build operations Thread 124"        [_thread_blocked, id=27640, stack(0x0000007c8da00000,0x0000007c8db00000) (1024K)]
  0x0000019fec342d90 JavaThread "Unconstrained build operations Thread 125"        [_thread_blocked, id=15472, stack(0x0000007c8db00000,0x0000007c8dc00000) (1024K)]
  0x0000019fec343ab0 JavaThread "Unconstrained build operations Thread 126"        [_thread_blocked, id=18244, stack(0x0000007c8dc00000,0x0000007c8dd00000) (1024K)]
  0x0000019fec344140 JavaThread "Unconstrained build operations Thread 127"        [_thread_blocked, id=29172, stack(0x0000007c8dd00000,0x0000007c8de00000) (1024K)]
  0x0000019fec344e60 JavaThread "Unconstrained build operations Thread 128"        [_thread_blocked, id=27224, stack(0x0000007c8e100000,0x0000007c8e200000) (1024K)]
  0x0000019fece23a40 JavaThread "Unconstrained build operations Thread 129"        [_thread_blocked, id=25676, stack(0x0000007c8e200000,0x0000007c8e300000) (1024K)]
  0x0000019fece22d20 JavaThread "Unconstrained build operations Thread 130"        [_thread_blocked, id=20880, stack(0x0000007c8e300000,0x0000007c8e400000) (1024K)]
  0x0000019fece240d0 JavaThread "Unconstrained build operations Thread 131"        [_thread_blocked, id=11344, stack(0x0000007c8d000000,0x0000007c8d100000) (1024K)]
  0x0000019fece21970 JavaThread "Unconstrained build operations Thread 132"        [_thread_blocked, id=15156, stack(0x0000007c8d100000,0x0000007c8d200000) (1024K)]
  0x0000019fece233b0 JavaThread "Unconstrained build operations Thread 133"        [_thread_blocked, id=18744, stack(0x0000007c8d400000,0x0000007c8d500000) (1024K)]
  0x0000019fece22690 JavaThread "Unconstrained build operations Thread 134"        [_thread_blocked, id=30536, stack(0x0000007c8de00000,0x0000007c8df00000) (1024K)]
  0x0000019fece25480 JavaThread "Unconstrained build operations Thread 135"        [_thread_blocked, id=7088, stack(0x0000007c8df00000,0x0000007c8e000000) (1024K)]
  0x0000019fece24760 JavaThread "Unconstrained build operations Thread 136"        [_thread_blocked, id=16300, stack(0x0000007c8e000000,0x0000007c8e100000) (1024K)]
  0x0000019fece22000 JavaThread "Unconstrained build operations Thread 137"        [_thread_blocked, id=10624, stack(0x0000007c8e400000,0x0000007c8e500000) (1024K)]
  0x0000019fece25b10 JavaThread "Unconstrained build operations Thread 138"        [_thread_blocked, id=11824, stack(0x0000007c8e500000,0x0000007c8e600000) (1024K)]
  0x0000019fece28900 JavaThread "Unconstrained build operations Thread 139"        [_thread_blocked, id=30020, stack(0x0000007c8e600000,0x0000007c8e700000) (1024K)]
  0x0000019fece26830 JavaThread "Unconstrained build operations Thread 140"        [_thread_blocked, id=26192, stack(0x0000007c8e700000,0x0000007c8e800000) (1024K)]
  0x0000019fece28f90 JavaThread "Unconstrained build operations Thread 141"        [_thread_blocked, id=20624, stack(0x0000007c8e800000,0x0000007c8e900000) (1024K)]
  0x0000019fece26ec0 JavaThread "Unconstrained build operations Thread 142"        [_thread_blocked, id=22748, stack(0x0000007c8e900000,0x0000007c8ea00000) (1024K)]
  0x0000019fece27be0 JavaThread "Unconstrained build operations Thread 143"        [_thread_blocked, id=9000, stack(0x0000007c8ea00000,0x0000007c8eb00000) (1024K)]
  0x0000019fece28270 JavaThread "Unconstrained build operations Thread 144"        [_thread_blocked, id=27208, stack(0x0000007c8eb00000,0x0000007c8ec00000) (1024K)]
  0x0000019fece29620 JavaThread "Unconstrained build operations Thread 145"        [_thread_blocked, id=17804, stack(0x0000007c8ec00000,0x0000007c8ed00000) (1024K)]
  0x0000019fece261a0 JavaThread "Unconstrained build operations Thread 146"        [_thread_blocked, id=7812, stack(0x0000007c8ed00000,0x0000007c8ee00000) (1024K)]
  0x0000019fece29cb0 JavaThread "Unconstrained build operations Thread 147"        [_thread_blocked, id=18904, stack(0x0000007c8ee00000,0x0000007c8ef00000) (1024K)]
  0x0000019fece27550 JavaThread "Unconstrained build operations Thread 148"        [_thread_blocked, id=20076, stack(0x0000007c8ef00000,0x0000007c8f000000) (1024K)]
  0x0000019fece2a9d0 JavaThread "Unconstrained build operations Thread 149"        [_thread_blocked, id=30556, stack(0x0000007c8f000000,0x0000007c8f100000) (1024K)]
  0x0000019fefff7c20 JavaThread "C2 CompilerThread2"         daemon [_thread_blocked, id=24108, stack(0x0000007c8f100000,0x0000007c8f200000) (1024K)]
  0x0000019fed61a2f0 JavaThread "C2 CompilerThread3"         daemon [_thread_blocked, id=30452, stack(0x0000007c8f200000,0x0000007c8f300000) (1024K)]
  0x0000019fe9ed4be0 JavaThread "C2 CompilerThread4"         daemon [_thread_blocked, id=4916, stack(0x0000007c8f300000,0x0000007c8f400000) (1024K)]
  0x0000019fee6c0140 JavaThread "C2 CompilerThread5"         daemon [_thread_blocked, id=30372, stack(0x0000007c8f400000,0x0000007c8f500000) (1024K)]
  0x0000019fef1544f0 JavaThread "C2 CompilerThread6"         daemon [_thread_blocked, id=23608, stack(0x0000007c8f500000,0x0000007c8f600000) (1024K)]
  0x0000019fef5c2b30 JavaThread "C2 CompilerThread7"         daemon [_thread_blocked, id=29304, stack(0x0000007c8f600000,0x0000007c8f700000) (1024K)]
Total: 194

Other Threads:
=>0x0000019fa25d46c0 VMThread "VM Thread"                           [id=20600, stack(0x0000007c82600000,0x0000007c82700000) (1024K)]
  0x0000019fa32719e0 WatcherThread "VM Periodic Task Thread"        [id=29236, stack(0x0000007c82500000,0x0000007c82600000) (1024K)]
  0x0000019f82d6fd50 WorkerThread "GC Thread#0"                     [id=15464, stack(0x0000007c82000000,0x0000007c82100000) (1024K)]
  0x0000019fa39097a0 WorkerThread "GC Thread#1"                     [id=20308, stack(0x0000007c83700000,0x0000007c83800000) (1024K)]
  0x0000019fa3867340 WorkerThread "GC Thread#2"                     [id=26592, stack(0x0000007c83800000,0x0000007c83900000) (1024K)]
  0x0000019fa37b4620 WorkerThread "GC Thread#3"                     [id=22972, stack(0x0000007c83900000,0x0000007c83a00000) (1024K)]
  0x0000019fa37b49d0 WorkerThread "GC Thread#4"                     [id=24664, stack(0x0000007c83a00000,0x0000007c83b00000) (1024K)]
  0x0000019fa3b54cf0 WorkerThread "GC Thread#5"                     [id=23104, stack(0x0000007c83b00000,0x0000007c83c00000) (1024K)]
  0x0000019fa3b550a0 WorkerThread "GC Thread#6"                     [id=9988, stack(0x0000007c83c00000,0x0000007c83d00000) (1024K)]
  0x0000019fa3b55450 WorkerThread "GC Thread#7"                     [id=13624, stack(0x0000007c83d00000,0x0000007c83e00000) (1024K)]
  0x0000019fa3bcf8e0 WorkerThread "GC Thread#8"                     [id=30504, stack(0x0000007c83e00000,0x0000007c83f00000) (1024K)]
  0x0000019fe94f3510 WorkerThread "GC Thread#9"                     [id=20668, stack(0x0000007c84700000,0x0000007c84800000) (1024K)]
  0x0000019fe94f13e0 WorkerThread "GC Thread#10"                    [id=28484, stack(0x0000007c84800000,0x0000007c84900000) (1024K)]
  0x0000019fe94f2650 WorkerThread "GC Thread#11"                    [id=3180, stack(0x0000007c84900000,0x0000007c84a00000) (1024K)]
  0x0000019fe94f3c70 WorkerThread "GC Thread#12"                    [id=22488, stack(0x0000007c84a00000,0x0000007c84b00000) (1024K)]
  0x0000019fe94f0c80 WorkerThread "GC Thread#13"                    [id=29616, stack(0x0000007c84b00000,0x0000007c84c00000) (1024K)]
  0x0000019fe94f22a0 WorkerThread "GC Thread#14"                    [id=30104, stack(0x0000007c84c00000,0x0000007c84d00000) (1024K)]
  0x0000019f8089df80 ConcurrentGCThread "G1 Main Marker"            [id=2272, stack(0x0000007c82100000,0x0000007c82200000) (1024K)]
  0x0000019f82d7d7b0 WorkerThread "G1 Conc#0"                       [id=18152, stack(0x0000007c82200000,0x0000007c82300000) (1024K)]
  0x0000019fe94f43d0 WorkerThread "G1 Conc#1"                       [id=20240, stack(0x0000007c85200000,0x0000007c85300000) (1024K)]
  0x0000019fe94f1b40 WorkerThread "G1 Conc#2"                       [id=24420, stack(0x0000007c85300000,0x0000007c85400000) (1024K)]
  0x0000019fedc985a0 WorkerThread "G1 Conc#3"                       [id=17696, stack(0x0000007c85400000,0x0000007c85500000) (1024K)]
  0x0000019fa2512ed0 ConcurrentGCThread "G1 Refine#0"               [id=24536, stack(0x0000007c82300000,0x0000007c82400000) (1024K)]
  0x0000019fa2514710 ConcurrentGCThread "G1 Service"                [id=30260, stack(0x0000007c82400000,0x0000007c82500000) (1024K)]
Total: 24

Threads with active compile tasks:
C2 CompilerThread4  194420 16030 %     4       org.objectweb.asm.ClassReader::readCode @ 1284 (5117 bytes)
C2 CompilerThread6  194420 16108       4       org.gradle.internal.operations.DefaultBuildOperationRunner$2::execute (12 bytes)
C2 CompilerThread7  194420 16119   !   4       org.gradle.internal.hash.DefaultStreamHasher::doHash (84 bytes)
Total: 3

VM state: at safepoint (normal execution)

VM Mutex/Monitor currently owned by a thread:  ([mutex/lock_event])
[0x00007ff82ecdc8f0] Threads_lock - owner thread: 0x0000019fa25d46c0
[0x00007ff82ecdc9f0] Heap_lock - owner thread: 0x0000019fece28270

Heap address: 0x0000000700000000, size: 4096 MB, Compressed Oops mode: Zero based, Oop shift amount: 3

CDS archive(s) mapped at: [0x0000019fa4000000-0x0000019fa4c80000-0x0000019fa4c80000), size 13107200, SharedBaseAddress: 0x0000019fa4000000, ArchiveRelocationMode: 1.
Compressed class space mapped at: 0x0000019fa5000000-0x0000019fe5000000, reserved size: 1073741824
Narrow klass base: 0x0000019fa4000000, Narrow klass shift: 0, Narrow klass range: 0x100000000

GC Precious Log:
 CardTable entry size: 512
 Card Set container configuration: InlinePtr #cards 4 size 8 Array Of Cards #cards 16 size 48 Howl #buckets 8 coarsen threshold 3686 Howl Bitmap #cards 512 size 80 coarsen threshold 460 Card regions per heap region 1 cards per card region 4096
 CPUs: 20 total, 20 available
 Memory: 24283M
 Large Page Support: Disabled
 NUMA Support: Disabled
 Compressed Oops: Enabled (Zero based)
 Heap Region Size: 2M
 Heap Min Capacity: 8M
 Heap Initial Capacity: 380M
 Heap Max Capacity: 4G
 Pre-touch: Disabled
 Parallel Workers: 15
 Concurrent Workers: 4
 Concurrent Refinement Workers: 15
 Periodic GC: Disabled

Heap:
 garbage-first heap   total 561152K, used 170639K [0x0000000700000000, 0x0000000800000000)
  region size 2048K, 9 young (18432K), 9 survivors (18432K)
 Metaspace       used 69587K, committed 71296K, reserved 1114112K
  class space    used 9274K, committed 10112K, reserved 1048576K

Heap Regions: E=young(eden), S=young(survivor), O=old, HS=humongous(starts), HC=humongous(continues), CS=collection set, F=free, TAMS=top-at-mark-start, PB=parsable bottom
|   0|0x0000000700000000, 0x0000000700200000, 0x0000000700200000|100%|HS|  |TAMS 0x0000000700200000| PB 0x0000000700000000| Complete 
|   1|0x0000000700200000, 0x0000000700400000, 0x0000000700400000|100%|HC|  |TAMS 0x0000000700400000| PB 0x0000000700200000| Complete 
|   2|0x0000000700400000, 0x0000000700600000, 0x0000000700600000|100%| O|  |TAMS 0x0000000700600000| PB 0x0000000700400000| Untracked 
|   3|0x0000000700600000, 0x0000000700800000, 0x0000000700800000|100%| O|  |TAMS 0x0000000700800000| PB 0x0000000700600000| Untracked 
|   4|0x0000000700800000, 0x0000000700a00000, 0x0000000700a00000|100%| O|  |TAMS 0x0000000700a00000| PB 0x0000000700800000| Untracked 
|   5|0x0000000700a00000, 0x0000000700c00000, 0x0000000700c00000|100%| O|  |TAMS 0x0000000700c00000| PB 0x0000000700a00000| Untracked 
|   6|0x0000000700c00000, 0x0000000700e00000, 0x0000000700e00000|100%| O|  |TAMS 0x0000000700e00000| PB 0x0000000700c00000| Untracked 
|   7|0x0000000700e00000, 0x0000000701000000, 0x0000000701000000|100%| O|  |TAMS 0x0000000701000000| PB 0x0000000700e00000| Untracked 
|   8|0x0000000701000000, 0x0000000701200000, 0x0000000701200000|100%| O|  |TAMS 0x0000000701200000| PB 0x0000000701000000| Untracked 
|   9|0x0000000701200000, 0x0000000701400000, 0x0000000701400000|100%| O|  |TAMS 0x0000000701400000| PB 0x0000000701200000| Untracked 
|  10|0x0000000701400000, 0x0000000701600000, 0x0000000701600000|100%| O|  |TAMS 0x0000000701600000| PB 0x0000000701400000| Untracked 
|  11|0x0000000701600000, 0x0000000701800000, 0x0000000701800000|100%| O|  |TAMS 0x0000000701800000| PB 0x0000000701600000| Untracked 
|  12|0x0000000701800000, 0x0000000701a00000, 0x0000000701a00000|100%| O|  |TAMS 0x0000000701a00000| PB 0x0000000701800000| Untracked 
|  13|0x0000000701a00000, 0x0000000701c00000, 0x0000000701c00000|100%| O|  |TAMS 0x0000000701c00000| PB 0x0000000701a00000| Untracked 
|  14|0x0000000701c00000, 0x0000000701e00000, 0x0000000701e00000|100%| O|  |TAMS 0x0000000701e00000| PB 0x0000000701c00000| Untracked 
|  15|0x0000000701e00000, 0x0000000702000000, 0x0000000702000000|100%| O|  |TAMS 0x0000000702000000| PB 0x0000000701e00000| Untracked 
|  16|0x0000000702000000, 0x0000000702200000, 0x0000000702200000|100%| O|  |TAMS 0x0000000702200000| PB 0x0000000702000000| Untracked 
|  17|0x0000000702200000, 0x0000000702400000, 0x0000000702400000|100%| O|  |TAMS 0x0000000702400000| PB 0x0000000702200000| Untracked 
|  18|0x0000000702400000, 0x0000000702600000, 0x0000000702600000|100%| O|  |TAMS 0x0000000702600000| PB 0x0000000702400000| Untracked 
|  19|0x0000000702600000, 0x0000000702800000, 0x0000000702800000|100%| O|  |TAMS 0x0000000702800000| PB 0x0000000702600000| Untracked 
|  20|0x0000000702800000, 0x0000000702a00000, 0x0000000702a00000|100%| O|  |TAMS 0x0000000702a00000| PB 0x0000000702800000| Untracked 
|  21|0x0000000702a00000, 0x0000000702c00000, 0x0000000702c00000|100%| O|  |TAMS 0x0000000702c00000| PB 0x0000000702a00000| Untracked 
|  22|0x0000000702c00000, 0x0000000702e00000, 0x0000000702e00000|100%| O|  |TAMS 0x0000000702e00000| PB 0x0000000702c00000| Untracked 
|  23|0x0000000702e00000, 0x0000000703000000, 0x0000000703000000|100%| O|  |TAMS 0x0000000703000000| PB 0x0000000702e00000| Untracked 
|  24|0x0000000703000000, 0x0000000703200000, 0x0000000703200000|100%| O|  |TAMS 0x0000000703200000| PB 0x0000000703000000| Untracked 
|  25|0x0000000703200000, 0x0000000703400000, 0x0000000703400000|100%| O|  |TAMS 0x0000000703400000| PB 0x0000000703200000| Untracked 
|  26|0x0000000703400000, 0x0000000703600000, 0x0000000703600000|100%| O|  |TAMS 0x0000000703600000| PB 0x0000000703400000| Untracked 
|  27|0x0000000703600000, 0x0000000703800000, 0x0000000703800000|100%| O|  |TAMS 0x0000000703800000| PB 0x0000000703600000| Untracked 
|  28|0x0000000703800000, 0x0000000703a00000, 0x0000000703a00000|100%| O|  |TAMS 0x0000000703a00000| PB 0x0000000703800000| Untracked 
|  29|0x0000000703a00000, 0x0000000703c00000, 0x0000000703c00000|100%| O|  |TAMS 0x0000000703c00000| PB 0x0000000703a00000| Untracked 
|  30|0x0000000703c00000, 0x0000000703e00000, 0x0000000703e00000|100%| O|  |TAMS 0x0000000703e00000| PB 0x0000000703c00000| Untracked 
|  31|0x0000000703e00000, 0x0000000704000000, 0x0000000704000000|100%| O|  |TAMS 0x0000000703e00000| PB 0x0000000703e00000| Untracked 
|  32|0x0000000704000000, 0x0000000704200000, 0x0000000704200000|100%| O|  |TAMS 0x0000000704200000| PB 0x0000000704000000| Untracked 
|  33|0x0000000704200000, 0x0000000704400000, 0x0000000704400000|100%| O|  |TAMS 0x0000000704400000| PB 0x0000000704200000| Untracked 
|  34|0x0000000704400000, 0x0000000704600000, 0x0000000704600000|100%| O|  |TAMS 0x0000000704600000| PB 0x0000000704400000| Untracked 
|  35|0x0000000704600000, 0x0000000704800000, 0x0000000704800000|100%| O|  |TAMS 0x0000000704600000| PB 0x0000000704600000| Untracked 
|  36|0x0000000704800000, 0x0000000704a00000, 0x0000000704a00000|100%| O|  |TAMS 0x0000000704a00000| PB 0x0000000704800000| Untracked 
|  37|0x0000000704a00000, 0x0000000704c00000, 0x0000000704c00000|100%| O|  |TAMS 0x0000000704c00000| PB 0x0000000704a00000| Untracked 
|  38|0x0000000704c00000, 0x0000000704e00000, 0x0000000704e00000|100%| O|  |TAMS 0x0000000704e00000| PB 0x0000000704c00000| Untracked 
|  39|0x0000000704e00000, 0x0000000705000000, 0x0000000705000000|100%| O|  |TAMS 0x0000000705000000| PB 0x0000000704e00000| Untracked 
|  40|0x0000000705000000, 0x0000000705200000, 0x0000000705200000|100%| O|  |TAMS 0x0000000705200000| PB 0x0000000705000000| Untracked 
|  41|0x0000000705200000, 0x0000000705400000, 0x0000000705400000|100%| O|  |TAMS 0x0000000705400000| PB 0x0000000705200000| Untracked 
|  42|0x0000000705400000, 0x0000000705600000, 0x0000000705600000|100%| O|  |TAMS 0x0000000705600000| PB 0x0000000705400000| Untracked 
|  43|0x0000000705600000, 0x0000000705800000, 0x0000000705800000|100%| O|  |TAMS 0x0000000705800000| PB 0x0000000705600000| Untracked 
|  44|0x0000000705800000, 0x0000000705a00000, 0x0000000705a00000|100%| O|  |TAMS 0x0000000705a00000| PB 0x0000000705800000| Untracked 
|  45|0x0000000705a00000, 0x0000000705c00000, 0x0000000705c00000|100%| O|  |TAMS 0x0000000705c00000| PB 0x0000000705a00000| Untracked 
|  46|0x0000000705c00000, 0x0000000705e00000, 0x0000000705e00000|100%| O|  |TAMS 0x0000000705e00000| PB 0x0000000705c00000| Untracked 
|  47|0x0000000705e00000, 0x0000000706000000, 0x0000000706000000|100%| O|  |TAMS 0x0000000706000000| PB 0x0000000705e00000| Untracked 
|  48|0x0000000706000000, 0x0000000706200000, 0x0000000706200000|100%| O|  |TAMS 0x0000000706200000| PB 0x0000000706000000| Untracked 
|  49|0x0000000706200000, 0x0000000706400000, 0x0000000706400000|100%| O|  |TAMS 0x0000000706400000| PB 0x0000000706200000| Untracked 
|  50|0x0000000706400000, 0x0000000706600000, 0x0000000706600000|100%| O|  |TAMS 0x0000000706600000| PB 0x0000000706400000| Untracked 
|  51|0x0000000706600000, 0x0000000706800000, 0x0000000706800000|100%| O|  |TAMS 0x0000000706800000| PB 0x0000000706600000| Untracked 
|  52|0x0000000706800000, 0x0000000706a00000, 0x0000000706a00000|100%| O|  |TAMS 0x0000000706a00000| PB 0x0000000706800000| Untracked 
|  53|0x0000000706a00000, 0x0000000706c00000, 0x0000000706c00000|100%|HS|  |TAMS 0x0000000706c00000| PB 0x0000000706a00000| Complete 
|  54|0x0000000706c00000, 0x0000000706e00000, 0x0000000706e00000|100%| O|  |TAMS 0x0000000706e00000| PB 0x0000000706c00000| Untracked 
|  55|0x0000000706e00000, 0x0000000707000000, 0x0000000707000000|100%| O|  |TAMS 0x0000000707000000| PB 0x0000000706e00000| Untracked 
|  56|0x0000000707000000, 0x0000000707200000, 0x0000000707200000|100%|HS|  |TAMS 0x0000000707200000| PB 0x0000000707000000| Complete 
|  57|0x0000000707200000, 0x0000000707400000, 0x0000000707400000|100%|HC|  |TAMS 0x0000000707400000| PB 0x0000000707200000| Complete 
|  58|0x0000000707400000, 0x0000000707600000, 0x0000000707600000|100%| O|  |TAMS 0x0000000707600000| PB 0x0000000707400000| Untracked 
|  59|0x0000000707600000, 0x0000000707800000, 0x0000000707800000|100%| O|  |TAMS 0x0000000707800000| PB 0x0000000707600000| Untracked 
|  60|0x0000000707800000, 0x0000000707a00000, 0x0000000707a00000|100%| O|  |TAMS 0x00000007079417e0| PB 0x0000000707800000| Untracked 
|  61|0x0000000707a00000, 0x0000000707c00000, 0x0000000707c00000|100%| O|  |TAMS 0x0000000707a00000| PB 0x0000000707a00000| Untracked 
|  62|0x0000000707c00000, 0x0000000707ddf170, 0x0000000707e00000| 93%| O|  |TAMS 0x0000000707c00000| PB 0x0000000707c00000| Untracked 
|  63|0x0000000707e00000, 0x0000000708000000, 0x0000000708000000|100%| O|  |TAMS 0x0000000708000000| PB 0x0000000707e00000| Untracked 
|  64|0x0000000708000000, 0x0000000708200000, 0x0000000708200000|100%| O|  |TAMS 0x0000000708200000| PB 0x0000000708000000| Untracked 
|  65|0x0000000708200000, 0x0000000708400000, 0x0000000708400000|100%| O|  |TAMS 0x0000000708400000| PB 0x0000000708200000| Untracked 
|  66|0x0000000708400000, 0x0000000708600000, 0x0000000708600000|100%| O|  |TAMS 0x0000000708600000| PB 0x0000000708400000| Untracked 
|  67|0x0000000708600000, 0x0000000708600000, 0x0000000708800000|  0%| F|  |TAMS 0x0000000708600000| PB 0x0000000708600000| Untracked 
|  68|0x0000000708800000, 0x0000000708800000, 0x0000000708a00000|  0%| F|  |TAMS 0x0000000708800000| PB 0x0000000708800000| Untracked 
|  69|0x0000000708a00000, 0x0000000708a00000, 0x0000000708c00000|  0%| F|  |TAMS 0x0000000708a00000| PB 0x0000000708a00000| Untracked 
|  70|0x0000000708c00000, 0x0000000708e00000, 0x0000000708e00000|100%| O|  |TAMS 0x0000000708e00000| PB 0x0000000708c00000| Untracked 
|  71|0x0000000708e00000, 0x0000000709000000, 0x0000000709000000|100%| O|  |TAMS 0x0000000709000000| PB 0x0000000708e00000| Untracked 
|  72|0x0000000709000000, 0x0000000709200000, 0x0000000709200000|100%| O|  |TAMS 0x0000000709200000| PB 0x0000000709000000| Untracked 
|  73|0x0000000709200000, 0x0000000709400000, 0x0000000709400000|100%| O|  |TAMS 0x0000000709400000| PB 0x0000000709200000| Untracked 
|  74|0x0000000709400000, 0x0000000709600000, 0x0000000709600000|100%| O|  |TAMS 0x0000000709600000| PB 0x0000000709400000| Untracked 
|  75|0x0000000709600000, 0x0000000709600000, 0x0000000709800000|  0%| F|  |TAMS 0x0000000709600000| PB 0x0000000709600000| Untracked 
|  76|0x0000000709800000, 0x0000000709a00000, 0x0000000709a00000|100%| O|  |TAMS 0x0000000709a00000| PB 0x0000000709800000| Untracked 
|  77|0x0000000709a00000, 0x0000000709c00000, 0x0000000709c00000|100%| O|  |TAMS 0x0000000709c00000| PB 0x0000000709a00000| Untracked 
|  78|0x0000000709c00000, 0x0000000709c00000, 0x0000000709e00000|  0%| F|  |TAMS 0x0000000709c00000| PB 0x0000000709c00000| Untracked 
|  79|0x0000000709e00000, 0x0000000709e00000, 0x000000070a000000|  0%| F|  |TAMS 0x0000000709e00000| PB 0x0000000709e00000| Untracked 
|  80|0x000000070a000000, 0x000000070a000000, 0x000000070a200000|  0%| F|  |TAMS 0x000000070a000000| PB 0x000000070a000000| Untracked 
|  81|0x000000070a200000, 0x000000070a200000, 0x000000070a400000|  0%| F|  |TAMS 0x000000070a200000| PB 0x000000070a200000| Untracked 
|  82|0x000000070a400000, 0x000000070a400000, 0x000000070a600000|  0%| F|  |TAMS 0x000000070a400000| PB 0x000000070a400000| Untracked 
|  83|0x000000070a600000, 0x000000070a600000, 0x000000070a800000|  0%| F|  |TAMS 0x000000070a600000| PB 0x000000070a600000| Untracked 
|  84|0x000000070a800000, 0x000000070a800000, 0x000000070aa00000|  0%| F|  |TAMS 0x000000070a800000| PB 0x000000070a800000| Untracked 
|  85|0x000000070aa00000, 0x000000070aa00000, 0x000000070ac00000|  0%| F|  |TAMS 0x000000070aa00000| PB 0x000000070aa00000| Untracked 
|  86|0x000000070ac00000, 0x000000070ac00000, 0x000000070ae00000|  0%| F|  |TAMS 0x000000070ac00000| PB 0x000000070ac00000| Untracked 
|  87|0x000000070ae00000, 0x000000070ae00000, 0x000000070b000000|  0%| F|  |TAMS 0x000000070ae00000| PB 0x000000070ae00000| Untracked 
|  88|0x000000070b000000, 0x000000070b000000, 0x000000070b200000|  0%| F|  |TAMS 0x000000070b000000| PB 0x000000070b000000| Untracked 
|  89|0x000000070b200000, 0x000000070b200000, 0x000000070b400000|  0%| F|  |TAMS 0x000000070b200000| PB 0x000000070b200000| Untracked 
|  90|0x000000070b400000, 0x000000070b400000, 0x000000070b600000|  0%| F|  |TAMS 0x000000070b400000| PB 0x000000070b400000| Untracked 
|  91|0x000000070b600000, 0x000000070b600000, 0x000000070b800000|  0%| F|  |TAMS 0x000000070b600000| PB 0x000000070b600000| Untracked 
|  92|0x000000070b800000, 0x000000070b800000, 0x000000070ba00000|  0%| F|  |TAMS 0x000000070b800000| PB 0x000000070b800000| Untracked 
|  93|0x000000070ba00000, 0x000000070ba00000, 0x000000070bc00000|  0%| F|  |TAMS 0x000000070ba00000| PB 0x000000070ba00000| Untracked 
|  94|0x000000070bc00000, 0x000000070bc00000, 0x000000070be00000|  0%| F|  |TAMS 0x000000070bc00000| PB 0x000000070bc00000| Untracked 
|  95|0x000000070be00000, 0x000000070be00000, 0x000000070c000000|  0%| F|  |TAMS 0x000000070be00000| PB 0x000000070be00000| Untracked 
|  96|0x000000070c000000, 0x000000070c000000, 0x000000070c200000|  0%| F|  |TAMS 0x000000070c000000| PB 0x000000070c000000| Untracked 
|  97|0x000000070c200000, 0x000000070c200000, 0x000000070c400000|  0%| F|  |TAMS 0x000000070c200000| PB 0x000000070c200000| Untracked 
|  98|0x000000070c400000, 0x000000070c400000, 0x000000070c600000|  0%| F|  |TAMS 0x000000070c400000| PB 0x000000070c400000| Untracked 
|  99|0x000000070c600000, 0x000000070c6c4c50, 0x000000070c800000| 38%| S|CS|TAMS 0x000000070c600000| PB 0x000000070c600000| Complete 
| 100|0x000000070c800000, 0x000000070ca00000, 0x000000070ca00000|100%| S|CS|TAMS 0x000000070c800000| PB 0x000000070c800000| Complete 
| 101|0x000000070ca00000, 0x000000070cc00000, 0x000000070cc00000|100%| S|CS|TAMS 0x000000070ca00000| PB 0x000000070ca00000| Complete 
| 102|0x000000070cc00000, 0x000000070ce00000, 0x000000070ce00000|100%| S|CS|TAMS 0x000000070cc00000| PB 0x000000070cc00000| Complete 
| 103|0x000000070ce00000, 0x000000070d000000, 0x000000070d000000|100%| S|CS|TAMS 0x000000070ce00000| PB 0x000000070ce00000| Complete 
| 104|0x000000070d000000, 0x000000070d000000, 0x000000070d200000|  0%| F|  |TAMS 0x000000070d000000| PB 0x000000070d000000| Untracked 
| 105|0x000000070d200000, 0x000000070d200000, 0x000000070d400000|  0%| F|  |TAMS 0x000000070d200000| PB 0x000000070d200000| Untracked 
| 106|0x000000070d400000, 0x000000070d400000, 0x000000070d600000|  0%| F|  |TAMS 0x000000070d400000| PB 0x000000070d400000| Untracked 
| 107|0x000000070d600000, 0x000000070d600000, 0x000000070d800000|  0%| F|  |TAMS 0x000000070d600000| PB 0x000000070d600000| Untracked 
| 108|0x000000070d800000, 0x000000070d800000, 0x000000070da00000|  0%| F|  |TAMS 0x000000070d800000| PB 0x000000070d800000| Untracked 
| 109|0x000000070da00000, 0x000000070da00000, 0x000000070dc00000|  0%| F|  |TAMS 0x000000070da00000| PB 0x000000070da00000| Untracked 
| 110|0x000000070dc00000, 0x000000070dc00000, 0x000000070de00000|  0%| F|  |TAMS 0x000000070dc00000| PB 0x000000070dc00000| Untracked 
| 111|0x000000070de00000, 0x000000070de00000, 0x000000070e000000|  0%| F|  |TAMS 0x000000070de00000| PB 0x000000070de00000| Untracked 
| 112|0x000000070e000000, 0x000000070e000000, 0x000000070e200000|  0%| F|  |TAMS 0x000000070e000000| PB 0x000000070e000000| Untracked 
| 113|0x000000070e200000, 0x000000070e200000, 0x000000070e400000|  0%| F|  |TAMS 0x000000070e200000| PB 0x000000070e200000| Untracked 
| 114|0x000000070e400000, 0x000000070e600000, 0x000000070e600000|100%| S|CS|TAMS 0x000000070e400000| PB 0x000000070e400000| Complete 
| 115|0x000000070e600000, 0x000000070e800000, 0x000000070e800000|100%| S|CS|TAMS 0x000000070e600000| PB 0x000000070e600000| Complete 
| 116|0x000000070e800000, 0x000000070ea00000, 0x000000070ea00000|100%| S|CS|TAMS 0x000000070e800000| PB 0x000000070e800000| Complete 
| 117|0x000000070ea00000, 0x000000070ec00000, 0x000000070ec00000|100%| S|CS|TAMS 0x000000070ea00000| PB 0x000000070ea00000| Complete 
| 118|0x000000070ec00000, 0x000000070ec00000, 0x000000070ee00000|  0%| F|  |TAMS 0x000000070ec00000| PB 0x000000070ec00000| Untracked 
| 119|0x000000070ee00000, 0x000000070ee00000, 0x000000070f000000|  0%| F|  |TAMS 0x000000070ee00000| PB 0x000000070ee00000| Untracked 
| 120|0x000000070f000000, 0x000000070f000000, 0x000000070f200000|  0%| F|  |TAMS 0x000000070f000000| PB 0x000000070f000000| Untracked 
| 121|0x000000070f200000, 0x000000070f200000, 0x000000070f400000|  0%| F|  |TAMS 0x000000070f200000| PB 0x000000070f200000| Untracked 
| 122|0x000000070f400000, 0x000000070f400000, 0x000000070f600000|  0%| F|  |TAMS 0x000000070f400000| PB 0x000000070f400000| Untracked 
| 123|0x000000070f600000, 0x000000070f600000, 0x000000070f800000|  0%| F|  |TAMS 0x000000070f600000| PB 0x000000070f600000| Untracked 
| 124|0x000000070f800000, 0x000000070f800000, 0x000000070fa00000|  0%| F|  |TAMS 0x000000070f800000| PB 0x000000070f800000| Untracked 
| 125|0x000000070fa00000, 0x000000070fa00000, 0x000000070fc00000|  0%| F|  |TAMS 0x000000070fa00000| PB 0x000000070fa00000| Untracked 
| 126|0x000000070fc00000, 0x000000070fc00000, 0x000000070fe00000|  0%| F|  |TAMS 0x000000070fc00000| PB 0x000000070fc00000| Untracked 
| 127|0x000000070fe00000, 0x000000070fe00000, 0x0000000710000000|  0%| F|  |TAMS 0x000000070fe00000| PB 0x000000070fe00000| Untracked 
| 128|0x0000000710000000, 0x0000000710000000, 0x0000000710200000|  0%| F|  |TAMS 0x0000000710000000| PB 0x0000000710000000| Untracked 
| 129|0x0000000710200000, 0x0000000710200000, 0x0000000710400000|  0%| F|  |TAMS 0x0000000710200000| PB 0x0000000710200000| Untracked 
| 130|0x0000000710400000, 0x0000000710400000, 0x0000000710600000|  0%| F|  |TAMS 0x0000000710400000| PB 0x0000000710400000| Untracked 
| 131|0x0000000710600000, 0x0000000710600000, 0x0000000710800000|  0%| F|  |TAMS 0x0000000710600000| PB 0x0000000710600000| Untracked 
| 132|0x0000000710800000, 0x0000000710800000, 0x0000000710a00000|  0%| F|  |TAMS 0x0000000710800000| PB 0x0000000710800000| Untracked 
| 133|0x0000000710a00000, 0x0000000710a00000, 0x0000000710c00000|  0%| F|  |TAMS 0x0000000710a00000| PB 0x0000000710a00000| Untracked 
| 134|0x0000000710c00000, 0x0000000710c00000, 0x0000000710e00000|  0%| F|  |TAMS 0x0000000710c00000| PB 0x0000000710c00000| Untracked 
| 135|0x0000000710e00000, 0x0000000710e00000, 0x0000000711000000|  0%| F|  |TAMS 0x0000000710e00000| PB 0x0000000710e00000| Untracked 
| 136|0x0000000711000000, 0x0000000711000000, 0x0000000711200000|  0%| F|  |TAMS 0x0000000711000000| PB 0x0000000711000000| Untracked 
| 137|0x0000000711200000, 0x0000000711200000, 0x0000000711400000|  0%| F|  |TAMS 0x0000000711200000| PB 0x0000000711200000| Untracked 
| 138|0x0000000711400000, 0x0000000711400000, 0x0000000711600000|  0%| F|  |TAMS 0x0000000711400000| PB 0x0000000711400000| Untracked 
| 139|0x0000000711600000, 0x0000000711600000, 0x0000000711800000|  0%| F|  |TAMS 0x0000000711600000| PB 0x0000000711600000| Untracked 
| 140|0x0000000711800000, 0x0000000711800000, 0x0000000711a00000|  0%| F|  |TAMS 0x0000000711800000| PB 0x0000000711800000| Untracked 
| 141|0x0000000711a00000, 0x0000000711a00000, 0x0000000711c00000|  0%| F|  |TAMS 0x0000000711a00000| PB 0x0000000711a00000| Untracked 
| 142|0x0000000711c00000, 0x0000000711c00000, 0x0000000711e00000|  0%| F|  |TAMS 0x0000000711c00000| PB 0x0000000711c00000| Untracked 
| 143|0x0000000711e00000, 0x0000000711e00000, 0x0000000712000000|  0%| F|  |TAMS 0x0000000711e00000| PB 0x0000000711e00000| Untracked 
| 144|0x0000000712000000, 0x0000000712000000, 0x0000000712200000|  0%| F|  |TAMS 0x0000000712000000| PB 0x0000000712000000| Untracked 
| 145|0x0000000712200000, 0x0000000712200000, 0x0000000712400000|  0%| F|  |TAMS 0x0000000712200000| PB 0x0000000712200000| Untracked 
| 146|0x0000000712400000, 0x0000000712400000, 0x0000000712600000|  0%| F|  |TAMS 0x0000000712400000| PB 0x0000000712400000| Untracked 
| 147|0x0000000712600000, 0x0000000712600000, 0x0000000712800000|  0%| F|  |TAMS 0x0000000712600000| PB 0x0000000712600000| Untracked 
| 148|0x0000000712800000, 0x0000000712800000, 0x0000000712a00000|  0%| F|  |TAMS 0x0000000712800000| PB 0x0000000712800000| Untracked 
| 149|0x0000000712a00000, 0x0000000712a00000, 0x0000000712c00000|  0%| F|  |TAMS 0x0000000712a00000| PB 0x0000000712a00000| Untracked 
| 150|0x0000000712c00000, 0x0000000712c00000, 0x0000000712e00000|  0%| F|  |TAMS 0x0000000712c00000| PB 0x0000000712c00000| Untracked 
| 151|0x0000000712e00000, 0x0000000712e00000, 0x0000000713000000|  0%| F|  |TAMS 0x0000000712e00000| PB 0x0000000712e00000| Untracked 
| 152|0x0000000713000000, 0x0000000713000000, 0x0000000713200000|  0%| F|  |TAMS 0x0000000713000000| PB 0x0000000713000000| Untracked 
| 153|0x0000000713200000, 0x0000000713200000, 0x0000000713400000|  0%| F|  |TAMS 0x0000000713200000| PB 0x0000000713200000| Untracked 
| 154|0x0000000713400000, 0x0000000713400000, 0x0000000713600000|  0%| F|  |TAMS 0x0000000713400000| PB 0x0000000713400000| Untracked 
| 155|0x0000000713600000, 0x0000000713600000, 0x0000000713800000|  0%| F|  |TAMS 0x0000000713600000| PB 0x0000000713600000| Untracked 
| 156|0x0000000713800000, 0x0000000713800000, 0x0000000713a00000|  0%| F|  |TAMS 0x0000000713800000| PB 0x0000000713800000| Untracked 
| 157|0x0000000713a00000, 0x0000000713a00000, 0x0000000713c00000|  0%| F|  |TAMS 0x0000000713a00000| PB 0x0000000713a00000| Untracked 
| 158|0x0000000713c00000, 0x0000000713c00000, 0x0000000713e00000|  0%| F|  |TAMS 0x0000000713c00000| PB 0x0000000713c00000| Untracked 
| 159|0x0000000713e00000, 0x0000000713e00000, 0x0000000714000000|  0%| F|  |TAMS 0x0000000713e00000| PB 0x0000000713e00000| Untracked 
| 160|0x0000000714000000, 0x0000000714000000, 0x0000000714200000|  0%| F|  |TAMS 0x0000000714000000| PB 0x0000000714000000| Untracked 
| 161|0x0000000714200000, 0x0000000714200000, 0x0000000714400000|  0%| F|  |TAMS 0x0000000714200000| PB 0x0000000714200000| Untracked 
| 162|0x0000000714400000, 0x0000000714400000, 0x0000000714600000|  0%| F|  |TAMS 0x0000000714400000| PB 0x0000000714400000| Untracked 
| 163|0x0000000714600000, 0x0000000714600000, 0x0000000714800000|  0%| F|  |TAMS 0x0000000714600000| PB 0x0000000714600000| Untracked 
| 164|0x0000000714800000, 0x0000000714800000, 0x0000000714a00000|  0%| F|  |TAMS 0x0000000714800000| PB 0x0000000714800000| Untracked 
| 165|0x0000000714a00000, 0x0000000714a00000, 0x0000000714c00000|  0%| F|  |TAMS 0x0000000714a00000| PB 0x0000000714a00000| Untracked 
| 166|0x0000000714c00000, 0x0000000714c00000, 0x0000000714e00000|  0%| F|  |TAMS 0x0000000714c00000| PB 0x0000000714c00000| Untracked 
| 167|0x0000000714e00000, 0x0000000714e00000, 0x0000000715000000|  0%| F|  |TAMS 0x0000000714e00000| PB 0x0000000714e00000| Untracked 
| 168|0x0000000715000000, 0x0000000715000000, 0x0000000715200000|  0%| F|  |TAMS 0x0000000715000000| PB 0x0000000715000000| Untracked 
| 169|0x0000000715200000, 0x0000000715200000, 0x0000000715400000|  0%| F|  |TAMS 0x0000000715200000| PB 0x0000000715200000| Untracked 
| 170|0x0000000715400000, 0x0000000715400000, 0x0000000715600000|  0%| F|  |TAMS 0x0000000715400000| PB 0x0000000715400000| Untracked 
| 171|0x0000000715600000, 0x0000000715600000, 0x0000000715800000|  0%| F|  |TAMS 0x0000000715600000| PB 0x0000000715600000| Untracked 
| 172|0x0000000715800000, 0x0000000715800000, 0x0000000715a00000|  0%| F|  |TAMS 0x0000000715800000| PB 0x0000000715800000| Untracked 
| 173|0x0000000715a00000, 0x0000000715a00000, 0x0000000715c00000|  0%| F|  |TAMS 0x0000000715a00000| PB 0x0000000715a00000| Untracked 
| 174|0x0000000715c00000, 0x0000000715c00000, 0x0000000715e00000|  0%| F|  |TAMS 0x0000000715c00000| PB 0x0000000715c00000| Untracked 
| 175|0x0000000715e00000, 0x0000000715e00000, 0x0000000716000000|  0%| F|  |TAMS 0x0000000715e00000| PB 0x0000000715e00000| Untracked 
| 176|0x0000000716000000, 0x0000000716000000, 0x0000000716200000|  0%| F|  |TAMS 0x0000000716000000| PB 0x0000000716000000| Untracked 
| 177|0x0000000716200000, 0x0000000716200000, 0x0000000716400000|  0%| F|  |TAMS 0x0000000716200000| PB 0x0000000716200000| Untracked 
| 178|0x0000000716400000, 0x0000000716400000, 0x0000000716600000|  0%| F|  |TAMS 0x0000000716400000| PB 0x0000000716400000| Untracked 
| 179|0x0000000716600000, 0x0000000716600000, 0x0000000716800000|  0%| F|  |TAMS 0x0000000716600000| PB 0x0000000716600000| Untracked 
| 180|0x0000000716800000, 0x0000000716800000, 0x0000000716a00000|  0%| F|  |TAMS 0x0000000716800000| PB 0x0000000716800000| Untracked 
| 181|0x0000000716a00000, 0x0000000716a00000, 0x0000000716c00000|  0%| F|  |TAMS 0x0000000716a00000| PB 0x0000000716a00000| Untracked 
| 182|0x0000000716c00000, 0x0000000716c00000, 0x0000000716e00000|  0%| F|  |TAMS 0x0000000716c00000| PB 0x0000000716c00000| Untracked 
| 183|0x0000000716e00000, 0x0000000716e00000, 0x0000000717000000|  0%| F|  |TAMS 0x0000000716e00000| PB 0x0000000716e00000| Untracked 
| 184|0x0000000717000000, 0x0000000717000000, 0x0000000717200000|  0%| F|  |TAMS 0x0000000717000000| PB 0x0000000717000000| Untracked 
| 185|0x0000000717200000, 0x0000000717200000, 0x0000000717400000|  0%| F|  |TAMS 0x0000000717200000| PB 0x0000000717200000| Untracked 
| 186|0x0000000717400000, 0x0000000717400000, 0x0000000717600000|  0%| F|  |TAMS 0x0000000717400000| PB 0x0000000717400000| Untracked 
| 187|0x0000000717600000, 0x0000000717600000, 0x0000000717800000|  0%| F|  |TAMS 0x0000000717600000| PB 0x0000000717600000| Untracked 
| 188|0x0000000717800000, 0x0000000717800000, 0x0000000717a00000|  0%| F|  |TAMS 0x0000000717800000| PB 0x0000000717800000| Untracked 
| 189|0x0000000717a00000, 0x0000000717a00000, 0x0000000717c00000|  0%| F|  |TAMS 0x0000000717a00000| PB 0x0000000717a00000| Untracked 
| 190|0x0000000717c00000, 0x0000000717c00000, 0x0000000717e00000|  0%| F|  |TAMS 0x0000000717c00000| PB 0x0000000717c00000| Untracked 
| 191|0x0000000717e00000, 0x0000000717e00000, 0x0000000718000000|  0%| F|  |TAMS 0x0000000717e00000| PB 0x0000000717e00000| Untracked 
| 192|0x0000000718000000, 0x0000000718000000, 0x0000000718200000|  0%| F|  |TAMS 0x0000000718000000| PB 0x0000000718000000| Untracked 
| 193|0x0000000718200000, 0x0000000718200000, 0x0000000718400000|  0%| F|  |TAMS 0x0000000718200000| PB 0x0000000718200000| Untracked 
| 194|0x0000000718400000, 0x0000000718400000, 0x0000000718600000|  0%| F|  |TAMS 0x0000000718400000| PB 0x0000000718400000| Untracked 
| 195|0x0000000718600000, 0x0000000718600000, 0x0000000718800000|  0%| F|  |TAMS 0x0000000718600000| PB 0x0000000718600000| Untracked 
| 196|0x0000000718800000, 0x0000000718800000, 0x0000000718a00000|  0%| F|  |TAMS 0x0000000718800000| PB 0x0000000718800000| Untracked 
| 197|0x0000000718a00000, 0x0000000718a00000, 0x0000000718c00000|  0%| F|  |TAMS 0x0000000718a00000| PB 0x0000000718a00000| Untracked 
| 198|0x0000000718c00000, 0x0000000718c00000, 0x0000000718e00000|  0%| F|  |TAMS 0x0000000718c00000| PB 0x0000000718c00000| Untracked 
| 199|0x0000000718e00000, 0x0000000718e00000, 0x0000000719000000|  0%| F|  |TAMS 0x0000000718e00000| PB 0x0000000718e00000| Untracked 
| 200|0x0000000719000000, 0x0000000719000000, 0x0000000719200000|  0%| F|  |TAMS 0x0000000719000000| PB 0x0000000719000000| Untracked 
| 201|0x0000000719200000, 0x0000000719200000, 0x0000000719400000|  0%| F|  |TAMS 0x0000000719200000| PB 0x0000000719200000| Untracked 
| 202|0x0000000719400000, 0x0000000719400000, 0x0000000719600000|  0%| F|  |TAMS 0x0000000719400000| PB 0x0000000719400000| Untracked 
| 203|0x0000000719600000, 0x0000000719600000, 0x0000000719800000|  0%| F|  |TAMS 0x0000000719600000| PB 0x0000000719600000| Untracked 
| 204|0x0000000719800000, 0x0000000719800000, 0x0000000719a00000|  0%| F|  |TAMS 0x0000000719800000| PB 0x0000000719800000| Untracked 
| 205|0x0000000719a00000, 0x0000000719a00000, 0x0000000719c00000|  0%| F|  |TAMS 0x0000000719a00000| PB 0x0000000719a00000| Untracked 
| 206|0x0000000719c00000, 0x0000000719c00000, 0x0000000719e00000|  0%| F|  |TAMS 0x0000000719c00000| PB 0x0000000719c00000| Untracked 
| 207|0x0000000719e00000, 0x0000000719e00000, 0x000000071a000000|  0%| F|  |TAMS 0x0000000719e00000| PB 0x0000000719e00000| Untracked 
| 208|0x000000071a000000, 0x000000071a000000, 0x000000071a200000|  0%| F|  |TAMS 0x000000071a000000| PB 0x000000071a000000| Untracked 
| 209|0x000000071a200000, 0x000000071a200000, 0x000000071a400000|  0%| F|  |TAMS 0x000000071a200000| PB 0x000000071a200000| Untracked 
| 210|0x000000071a400000, 0x000000071a400000, 0x000000071a600000|  0%| F|  |TAMS 0x000000071a400000| PB 0x000000071a400000| Untracked 
| 211|0x000000071a600000, 0x000000071a600000, 0x000000071a800000|  0%| F|  |TAMS 0x000000071a600000| PB 0x000000071a600000| Untracked 
| 212|0x000000071a800000, 0x000000071a800000, 0x000000071aa00000|  0%| F|  |TAMS 0x000000071a800000| PB 0x000000071a800000| Untracked 
| 213|0x000000071aa00000, 0x000000071aa00000, 0x000000071ac00000|  0%| F|  |TAMS 0x000000071aa00000| PB 0x000000071aa00000| Untracked 
| 214|0x000000071ac00000, 0x000000071ac00000, 0x000000071ae00000|  0%| F|  |TAMS 0x000000071ac00000| PB 0x000000071ac00000| Untracked 
| 215|0x000000071ae00000, 0x000000071ae00000, 0x000000071b000000|  0%| F|  |TAMS 0x000000071ae00000| PB 0x000000071ae00000| Untracked 
| 216|0x000000071b000000, 0x000000071b000000, 0x000000071b200000|  0%| F|  |TAMS 0x000000071b000000| PB 0x000000071b000000| Untracked 
| 217|0x000000071b200000, 0x000000071b200000, 0x000000071b400000|  0%| F|  |TAMS 0x000000071b200000| PB 0x000000071b200000| Untracked 
| 218|0x000000071b400000, 0x000000071b400000, 0x000000071b600000|  0%| F|  |TAMS 0x000000071b400000| PB 0x000000071b400000| Untracked 
| 219|0x000000071b600000, 0x000000071b600000, 0x000000071b800000|  0%| F|  |TAMS 0x000000071b600000| PB 0x000000071b600000| Untracked 
| 220|0x000000071b800000, 0x000000071b800000, 0x000000071ba00000|  0%| F|  |TAMS 0x000000071b800000| PB 0x000000071b800000| Untracked 
| 221|0x000000071ba00000, 0x000000071ba00000, 0x000000071bc00000|  0%| F|  |TAMS 0x000000071ba00000| PB 0x000000071ba00000| Untracked 
| 222|0x000000071bc00000, 0x000000071bc00000, 0x000000071be00000|  0%| F|  |TAMS 0x000000071bc00000| PB 0x000000071bc00000| Untracked 
| 223|0x000000071be00000, 0x000000071be00000, 0x000000071c000000|  0%| F|  |TAMS 0x000000071be00000| PB 0x000000071be00000| Untracked 
| 224|0x000000071c000000, 0x000000071c000000, 0x000000071c200000|  0%| F|  |TAMS 0x000000071c000000| PB 0x000000071c000000| Untracked 
| 225|0x000000071c200000, 0x000000071c200000, 0x000000071c400000|  0%| F|  |TAMS 0x000000071c200000| PB 0x000000071c200000| Untracked 
| 226|0x000000071c400000, 0x000000071c400000, 0x000000071c600000|  0%| F|  |TAMS 0x000000071c400000| PB 0x000000071c400000| Untracked 
| 227|0x000000071c600000, 0x000000071c600000, 0x000000071c800000|  0%| F|  |TAMS 0x000000071c600000| PB 0x000000071c600000| Untracked 
| 228|0x000000071c800000, 0x000000071c800000, 0x000000071ca00000|  0%| F|  |TAMS 0x000000071c800000| PB 0x000000071c800000| Untracked 
| 229|0x000000071ca00000, 0x000000071ca00000, 0x000000071cc00000|  0%| F|  |TAMS 0x000000071ca00000| PB 0x000000071ca00000| Untracked 
| 230|0x000000071cc00000, 0x000000071cc00000, 0x000000071ce00000|  0%| F|  |TAMS 0x000000071cc00000| PB 0x000000071cc00000| Untracked 
| 231|0x000000071ce00000, 0x000000071ce00000, 0x000000071d000000|  0%| F|  |TAMS 0x000000071ce00000| PB 0x000000071ce00000| Untracked 
| 232|0x000000071d000000, 0x000000071d000000, 0x000000071d200000|  0%| F|  |TAMS 0x000000071d000000| PB 0x000000071d000000| Untracked 
| 233|0x000000071d200000, 0x000000071d200000, 0x000000071d400000|  0%| F|  |TAMS 0x000000071d200000| PB 0x000000071d200000| Untracked 
| 234|0x000000071d400000, 0x000000071d400000, 0x000000071d600000|  0%| F|  |TAMS 0x000000071d400000| PB 0x000000071d400000| Untracked 
| 235|0x000000071d600000, 0x000000071d600000, 0x000000071d800000|  0%| F|  |TAMS 0x000000071d600000| PB 0x000000071d600000| Untracked 
| 236|0x000000071d800000, 0x000000071d800000, 0x000000071da00000|  0%| F|  |TAMS 0x000000071d800000| PB 0x000000071d800000| Untracked 
| 237|0x000000071da00000, 0x000000071da00000, 0x000000071dc00000|  0%| F|  |TAMS 0x000000071da00000| PB 0x000000071da00000| Untracked 
| 238|0x000000071dc00000, 0x000000071dc00000, 0x000000071de00000|  0%| F|  |TAMS 0x000000071dc00000| PB 0x000000071dc00000| Untracked 
| 239|0x000000071de00000, 0x000000071de00000, 0x000000071e000000|  0%| F|  |TAMS 0x000000071de00000| PB 0x000000071de00000| Untracked 
| 240|0x000000071e000000, 0x000000071e000000, 0x000000071e200000|  0%| F|  |TAMS 0x000000071e000000| PB 0x000000071e000000| Untracked 
| 241|0x000000071e200000, 0x000000071e200000, 0x000000071e400000|  0%| F|  |TAMS 0x000000071e200000| PB 0x000000071e200000| Untracked 
| 242|0x000000071e400000, 0x000000071e400000, 0x000000071e600000|  0%| F|  |TAMS 0x000000071e400000| PB 0x000000071e400000| Untracked 
| 243|0x000000071e600000, 0x000000071e600000, 0x000000071e800000|  0%| F|  |TAMS 0x000000071e600000| PB 0x000000071e600000| Untracked 
| 244|0x000000071e800000, 0x000000071e800000, 0x000000071ea00000|  0%| F|  |TAMS 0x000000071e800000| PB 0x000000071e800000| Untracked 
| 245|0x000000071ea00000, 0x000000071ea00000, 0x000000071ec00000|  0%| F|  |TAMS 0x000000071ea00000| PB 0x000000071ea00000| Untracked 
| 246|0x000000071ec00000, 0x000000071ec00000, 0x000000071ee00000|  0%| F|  |TAMS 0x000000071ec00000| PB 0x000000071ec00000| Untracked 
| 247|0x000000071ee00000, 0x000000071ee00000, 0x000000071f000000|  0%| F|  |TAMS 0x000000071ee00000| PB 0x000000071ee00000| Untracked 
| 248|0x000000071f000000, 0x000000071f000000, 0x000000071f200000|  0%| F|  |TAMS 0x000000071f000000| PB 0x000000071f000000| Untracked 
| 249|0x000000071f200000, 0x000000071f200000, 0x000000071f400000|  0%| F|  |TAMS 0x000000071f200000| PB 0x000000071f200000| Untracked 
| 250|0x000000071f400000, 0x000000071f400000, 0x000000071f600000|  0%| F|  |TAMS 0x000000071f400000| PB 0x000000071f400000| Untracked 
| 251|0x000000071f600000, 0x000000071f600000, 0x000000071f800000|  0%| F|  |TAMS 0x000000071f600000| PB 0x000000071f600000| Untracked 
| 252|0x000000071f800000, 0x000000071f800000, 0x000000071fa00000|  0%| F|  |TAMS 0x000000071f800000| PB 0x000000071f800000| Untracked 
| 253|0x000000071fa00000, 0x000000071fa00000, 0x000000071fc00000|  0%| F|  |TAMS 0x000000071fa00000| PB 0x000000071fa00000| Untracked 
| 254|0x000000071fc00000, 0x000000071fc00000, 0x000000071fe00000|  0%| F|  |TAMS 0x000000071fc00000| PB 0x000000071fc00000| Untracked 
| 255|0x000000071fe00000, 0x000000071fe00000, 0x0000000720000000|  0%| F|  |TAMS 0x000000071fe00000| PB 0x000000071fe00000| Untracked 
| 256|0x0000000720000000, 0x0000000720000000, 0x0000000720200000|  0%| F|  |TAMS 0x0000000720000000| PB 0x0000000720000000| Untracked 
| 257|0x0000000720200000, 0x0000000720200000, 0x0000000720400000|  0%| F|  |TAMS 0x0000000720200000| PB 0x0000000720200000| Untracked 
| 258|0x0000000720400000, 0x0000000720400000, 0x0000000720600000|  0%| F|  |TAMS 0x0000000720400000| PB 0x0000000720400000| Untracked 
| 259|0x0000000720600000, 0x0000000720600000, 0x0000000720800000|  0%| F|  |TAMS 0x0000000720600000| PB 0x0000000720600000| Untracked 
| 260|0x0000000720800000, 0x0000000720800000, 0x0000000720a00000|  0%| F|  |TAMS 0x0000000720800000| PB 0x0000000720800000| Untracked 
| 261|0x0000000720a00000, 0x0000000720a00000, 0x0000000720c00000|  0%| F|  |TAMS 0x0000000720a00000| PB 0x0000000720a00000| Untracked 
| 262|0x0000000720c00000, 0x0000000720c00000, 0x0000000720e00000|  0%| F|  |TAMS 0x0000000720c00000| PB 0x0000000720c00000| Untracked 
| 263|0x0000000720e00000, 0x0000000720e00000, 0x0000000721000000|  0%| F|  |TAMS 0x0000000720e00000| PB 0x0000000720e00000| Untracked 
| 264|0x0000000721000000, 0x0000000721000000, 0x0000000721200000|  0%| F|  |TAMS 0x0000000721000000| PB 0x0000000721000000| Untracked 
| 265|0x0000000721200000, 0x0000000721200000, 0x0000000721400000|  0%| F|  |TAMS 0x0000000721200000| PB 0x0000000721200000| Untracked 
| 266|0x0000000721400000, 0x0000000721400000, 0x0000000721600000|  0%| F|  |TAMS 0x0000000721400000| PB 0x0000000721400000| Untracked 
| 267|0x0000000721600000, 0x0000000721600000, 0x0000000721800000|  0%| F|  |TAMS 0x0000000721600000| PB 0x0000000721600000| Untracked 
| 268|0x0000000721800000, 0x0000000721800000, 0x0000000721a00000|  0%| F|  |TAMS 0x0000000721800000| PB 0x0000000721800000| Untracked 
| 269|0x0000000721a00000, 0x0000000721a00000, 0x0000000721c00000|  0%| F|  |TAMS 0x0000000721a00000| PB 0x0000000721a00000| Untracked 
| 270|0x0000000721c00000, 0x0000000721c00000, 0x0000000721e00000|  0%| F|  |TAMS 0x0000000721c00000| PB 0x0000000721c00000| Untracked 
| 271|0x0000000721e00000, 0x0000000721e00000, 0x0000000722000000|  0%| F|  |TAMS 0x0000000721e00000| PB 0x0000000721e00000| Untracked 
| 272|0x0000000722000000, 0x0000000722000000, 0x0000000722200000|  0%| F|  |TAMS 0x0000000722000000| PB 0x0000000722000000| Untracked 
|2047|0x00000007ffe00000, 0x0000000800000000, 0x0000000800000000|100%| O|  |TAMS 0x0000000800000000| PB 0x00000007ffe00000| Untracked 

Card table byte_map: [0x0000019f9b6f0000,0x0000019f9bef0000] _byte_map_base: 0x0000019f97ef0000

Marking Bits: (CMBitMap*) 0x0000019f82d70370
 Bits: [0x0000019f9bef0000, 0x0000019f9fef0000)

Polling page: 0x0000019f80ad0000

Metaspace:

Usage:
  Non-class:     58.90 MB used.
      Class:      9.06 MB used.
       Both:     67.96 MB used.

Virtual space:
  Non-class space:       64.00 MB reserved,      59.75 MB ( 93%) committed,  1 nodes.
      Class space:        1.00 GB reserved,       9.88 MB ( <1%) committed,  1 nodes.
             Both:        1.06 GB reserved,      69.62 MB (  6%) committed. 

Chunk freelists:
   Non-Class:  3.69 MB
       Class:  6.17 MB
        Both:  9.86 MB

MaxMetaspaceSize: unlimited
CompressedClassSpaceSize: 1.00 GB
Initial GC threshold: 21.00 MB
Current GC threshold: 116.06 MB
CDS: on
 - commit_granule_bytes: 65536.
 - commit_granule_words: 8192.
 - virtual_space_node_default_size: 8388608.
 - enlarge_chunks_in_place: 1.
 - use_allocation_guard: 0.


Internal statistics:

num_allocs_failed_limit: 9.
num_arena_births: 3044.
num_arena_deaths: 6.
num_vsnodes_births: 2.
num_vsnodes_deaths: 0.
num_space_committed: 1114.
num_space_uncommitted: 0.
num_chunks_returned_to_freelist: 20.
num_chunks_taken_from_freelist: 5945.
num_chunk_merges: 6.
num_chunk_splits: 3846.
num_chunks_enlarged: 2368.
num_inconsistent_stats: 0.

CodeHeap 'non-profiled nmethods': size=119168Kb used=6011Kb max_used=8375Kb free=113156Kb
 bounds [0x0000019f92fd0000, 0x0000019f93860000, 0x0000019f9a430000]
CodeHeap 'profiled nmethods': size=119104Kb used=6854Kb max_used=25712Kb free=112249Kb
 bounds [0x0000019f8b430000, 0x0000019f8cd50000, 0x0000019f92880000]
CodeHeap 'non-nmethods': size=7488Kb used=4371Kb max_used=4487Kb free=3116Kb
 bounds [0x0000019f92880000, 0x0000019f92cf0000, 0x0000019f92fd0000]
CodeCache: size=245760Kb, used=17236Kb, max_used=38574Kb, free=228521Kb
 total_blobs=5164, nmethods=4223, adapters=842, full_count=0
Compilation: enabled, stopped_count=0, restarted_count=0

Compilation events (20 events):
Event: 194.044 Thread 0x0000019fef5c2b30 16110       4       org.gradle.internal.classpath.CallInterceptionClosureInstrumentingClassVisitor::enterClass (18 bytes)
Event: 194.044 Thread 0x0000019fa25fb7b0 16111       3       org.gradle.internal.classpath.CallInterceptionClosureInstrumentingClassVisitor::visitMethod (123 bytes)
Event: 194.044 Thread 0x0000019fecfc3b10 16112       3       org.gradle.internal.classpath.CallInterceptionClosureInstrumentingClassVisitor::visit (40 bytes)
Event: 194.044 Thread 0x0000019fecfc3b10 nmethod 16112 0x0000019f8bd7de90 code [0x0000019f8bd7e080, 0x0000019f8bd7e408]
Event: 194.045 Thread 0x0000019fefff7c20 16113       4       java.util.RegularEnumSet::clear (6 bytes)
Event: 194.045 Thread 0x0000019fefff7c20 nmethod 16113 0x0000019f932c2f10 code [0x0000019f932c30a0, 0x0000019f932c3130]
Event: 194.045 Thread 0x0000019fef5c2b30 nmethod 16110 0x0000019f937a1590 code [0x0000019f937a1720, 0x0000019f937a18b0]
Event: 194.045 Thread 0x0000019fecfc3b10 16114       3       org.gradle.model.internal.asm.MethodVisitorScope::_PUTFIELD (11 bytes)
Event: 194.045 Thread 0x0000019fecfc3b10 nmethod 16114 0x0000019f8bb75590 code [0x0000019f8bb75740, 0x0000019f8bb758a0]
Event: 194.046 Thread 0x0000019fa25fb7b0 nmethod 16111 0x0000019f8cbbd410 code [0x0000019f8cbbd800, 0x0000019f8cbbf738]
Event: 194.046 Thread 0x0000019fa25fb7b0 16115       3       org.gradle.internal.classpath.CallInterceptionClosureInstrumentingClassVisitor::interfacesWithInstrumentableClosure (37 bytes)
Event: 194.046 Thread 0x0000019fa25fb7b0 nmethod 16115 0x0000019f8b77e490 code [0x0000019f8b77e6a0, 0x0000019f8b77ed28]
Event: 194.049 Thread 0x0000019fed29f920 16116       3       org.gradle.internal.classpath.CallInterceptionClosureInstrumentingClassVisitor::visitEnd (157 bytes)
Event: 194.049 Thread 0x0000019fed29f920 nmethod 16116 0x0000019f8bba0c90 code [0x0000019f8bba0f20, 0x0000019f8bba1a10]
Event: 194.052 Thread 0x0000019fecfc51d0 16118       3       org.gradle.internal.classpath.CallInterceptionClosureInstrumentingClassVisitor::lambda$visitMethod$0 (35 bytes)
Event: 194.052 Thread 0x0000019fed29f920 16117       3       org.gradle.internal.classpath.CallInterceptionClosureInstrumentingClassVisitor$$Lambda/0x0000019fa5670c98::test (16 bytes)
Event: 194.053 Thread 0x0000019fecfc51d0 nmethod 16118 0x0000019f8b81c910 code [0x0000019f8b81cae0, 0x0000019f8b81cd08]
Event: 194.053 Thread 0x0000019fed29f920 nmethod 16117 0x0000019f8c573210 code [0x0000019f8c5733e0, 0x0000019f8c573790]
Event: 194.053 Thread 0x0000019fef5c2b30 16119   !   4       org.gradle.internal.hash.DefaultStreamHasher::doHash (84 bytes)
Event: 194.056 Thread 0x0000019fa260e660 nmethod 16086 0x0000019f936c6990 code [0x0000019f936c7240, 0x0000019f936ce130]

GC Heap History (20 events):
Event: 192.256 GC heap after
{Heap after GC invocations=41 (full 0):
 garbage-first heap   total 395264K, used 143712K [0x0000000700000000, 0x0000000800000000)
  region size 2048K, 6 young (12288K), 6 survivors (12288K)
 Metaspace       used 69311K, committed 70976K, reserved 1114112K
  class space    used 9255K, committed 10048K, reserved 1048576K
}
Event: 192.381 GC heap before
{Heap before GC invocations=41 (full 0):
 garbage-first heap   total 395264K, used 364896K [0x0000000700000000, 0x0000000800000000)
  region size 2048K, 115 young (235520K), 6 survivors (12288K)
 Metaspace       used 69315K, committed 70976K, reserved 1114112K
  class space    used 9256K, committed 10048K, reserved 1048576K
}
Event: 192.385 GC heap after
{Heap after GC invocations=42 (full 0):
 garbage-first heap   total 395264K, used 146734K [0x0000000700000000, 0x0000000800000000)
  region size 2048K, 7 young (14336K), 7 survivors (14336K)
 Metaspace       used 69315K, committed 70976K, reserved 1114112K
  class space    used 9256K, committed 10048K, reserved 1048576K
}
Event: 192.575 GC heap before
{Heap before GC invocations=43 (full 0):
 garbage-first heap   total 395264K, used 365870K [0x0000000700000000, 0x0000000800000000)
  region size 2048K, 115 young (235520K), 7 survivors (14336K)
 Metaspace       used 69397K, committed 71040K, reserved 1114112K
  class space    used 9257K, committed 10048K, reserved 1048576K
}
Event: 192.580 GC heap after
{Heap after GC invocations=44 (full 0):
 garbage-first heap   total 395264K, used 153360K [0x0000000700000000, 0x0000000800000000)
  region size 2048K, 10 young (20480K), 10 survivors (20480K)
 Metaspace       used 69397K, committed 71040K, reserved 1114112K
  class space    used 9257K, committed 10048K, reserved 1048576K
}
Event: 192.733 GC heap before
{Heap before GC invocations=44 (full 0):
 garbage-first heap   total 395264K, used 372496K [0x0000000700000000, 0x0000000800000000)
  region size 2048K, 115 young (235520K), 10 survivors (20480K)
 Metaspace       used 69427K, committed 71104K, reserved 1114112K
  class space    used 9258K, committed 10048K, reserved 1048576K
}
Event: 192.739 GC heap after
{Heap after GC invocations=45 (full 0):
 garbage-first heap   total 399360K, used 157651K [0x0000000700000000, 0x0000000800000000)
  region size 2048K, 8 young (16384K), 8 survivors (16384K)
 Metaspace       used 69427K, committed 71104K, reserved 1114112K
  class space    used 9258K, committed 10048K, reserved 1048576K
}
Event: 192.858 GC heap before
{Heap before GC invocations=45 (full 0):
 garbage-first heap   total 399360K, used 370643K [0x0000000700000000, 0x0000000800000000)
  region size 2048K, 113 young (231424K), 8 survivors (16384K)
 Metaspace       used 69435K, committed 71104K, reserved 1114112K
  class space    used 9260K, committed 10048K, reserved 1048576K
}
Event: 192.863 GC heap after
{Heap after GC invocations=46 (full 0):
 garbage-first heap   total 561152K, used 160393K [0x0000000700000000, 0x0000000800000000)
  region size 2048K, 9 young (18432K), 9 survivors (18432K)
 Metaspace       used 69435K, committed 71104K, reserved 1114112K
  class space    used 9260K, committed 10048K, reserved 1048576K
}
Event: 193.074 GC heap before
{Heap before GC invocations=47 (full 0):
 garbage-first heap   total 540672K, used 463497K [0x0000000700000000, 0x0000000800000000)
  region size 2048K, 158 young (323584K), 9 survivors (18432K)
 Metaspace       used 69536K, committed 71232K, reserved 1114112K
  class space    used 9274K, committed 10112K, reserved 1048576K
}
Event: 193.079 GC heap after
{Heap after GC invocations=48 (full 0):
 garbage-first heap   total 540672K, used 162743K [0x0000000700000000, 0x0000000800000000)
  region size 2048K, 10 young (20480K), 10 survivors (20480K)
 Metaspace       used 69536K, committed 71232K, reserved 1114112K
  class space    used 9274K, committed 10112K, reserved 1048576K
}
Event: 193.263 GC heap before
{Heap before GC invocations=48 (full 0):
 garbage-first heap   total 540672K, used 463799K [0x0000000700000000, 0x0000000800000000)
  region size 2048K, 158 young (323584K), 10 survivors (20480K)
 Metaspace       used 69552K, committed 71232K, reserved 1114112K
  class space    used 9274K, committed 10112K, reserved 1048576K
}
Event: 193.268 GC heap after
{Heap after GC invocations=49 (full 0):
 garbage-first heap   total 540672K, used 164120K [0x0000000700000000, 0x0000000800000000)
  region size 2048K, 11 young (22528K), 11 survivors (22528K)
 Metaspace       used 69552K, committed 71232K, reserved 1114112K
  class space    used 9274K, committed 10112K, reserved 1048576K
}
Event: 193.458 GC heap before
{Heap before GC invocations=49 (full 0):
 garbage-first heap   total 540672K, used 463128K [0x0000000700000000, 0x0000000800000000)
  region size 2048K, 158 young (323584K), 11 survivors (22528K)
 Metaspace       used 69561K, committed 71296K, reserved 1114112K
  class space    used 9274K, committed 10112K, reserved 1048576K
}
Event: 193.463 GC heap after
{Heap after GC invocations=50 (full 0):
 garbage-first heap   total 540672K, used 165752K [0x0000000700000000, 0x0000000800000000)
  region size 2048K, 12 young (24576K), 12 survivors (24576K)
 Metaspace       used 69561K, committed 71296K, reserved 1114112K
  class space    used 9274K, committed 10112K, reserved 1048576K
}
Event: 193.674 GC heap before
{Heap before GC invocations=51 (full 0):
 garbage-first heap   total 540672K, used 462712K [0x0000000700000000, 0x0000000800000000)
  region size 2048K, 158 young (323584K), 12 survivors (24576K)
 Metaspace       used 69571K, committed 71296K, reserved 1114112K
  class space    used 9274K, committed 10112K, reserved 1048576K
}
Event: 193.679 GC heap after
{Heap after GC invocations=52 (full 0):
 garbage-first heap   total 540672K, used 167222K [0x0000000700000000, 0x0000000800000000)
  region size 2048K, 11 young (22528K), 11 survivors (22528K)
 Metaspace       used 69571K, committed 71296K, reserved 1114112K
  class space    used 9274K, committed 10112K, reserved 1048576K
}
Event: 193.853 GC heap before
{Heap before GC invocations=52 (full 0):
 garbage-first heap   total 540672K, used 468278K [0x0000000700000000, 0x0000000800000000)
  region size 2048K, 158 young (323584K), 11 survivors (22528K)
 Metaspace       used 69584K, committed 71296K, reserved 1114112K
  class space    used 9274K, committed 10112K, reserved 1048576K
}
Event: 193.859 GC heap after
{Heap after GC invocations=53 (full 0):
 garbage-first heap   total 540672K, used 170462K [0x0000000700000000, 0x0000000800000000)
  region size 2048K, 13 young (26624K), 13 survivors (26624K)
 Metaspace       used 69584K, committed 71296K, reserved 1114112K
  class space    used 9274K, committed 10112K, reserved 1048576K
}
Event: 194.060 GC heap before
{Heap before GC invocations=53 (full 0):
 garbage-first heap   total 540672K, used 467422K [0x0000000700000000, 0x0000000800000000)
  region size 2048K, 158 young (323584K), 13 survivors (26624K)
 Metaspace       used 69587K, committed 71296K, reserved 1114112K
  class space    used 9274K, committed 10112K, reserved 1048576K
}

Dll operation events (20 events):
Event: 0.053 Attempting to load shared library C:\Program Files\Microsoft\jdk-21.0.12.101-hotspot\bin\nio.dll
Event: 0.053 Loaded shared library C:\Program Files\Microsoft\jdk-21.0.12.101-hotspot\bin\nio.dll
Event: 0.054 Attempting to load shared library C:\Program Files\Microsoft\jdk-21.0.12.101-hotspot\bin\zip.dll
Event: 0.054 Loaded shared library C:\Program Files\Microsoft\jdk-21.0.12.101-hotspot\bin\zip.dll
Event: 0.200 Attempting to load shared library C:\Program Files\Microsoft\jdk-21.0.12.101-hotspot\bin\jimage.dll
Event: 0.200 Loaded shared library C:\Program Files\Microsoft\jdk-21.0.12.101-hotspot\bin\jimage.dll
Event: 0.283 Attempting to load shared library C:\Program Files\Microsoft\jdk-21.0.12.101-hotspot\bin\verify.dll
Event: 0.283 Loaded shared library C:\Program Files\Microsoft\jdk-21.0.12.101-hotspot\bin\verify.dll
Event: 0.374 Attempting to load shared library C:\Users\araba\.gradle\native\c067742578af261105cb4f569cf0c3c89f3d7b1fecec35dd04571415982c5e48\windows-amd64\native-platform.dll
Event: 0.375 Loaded shared library C:\Users\araba\.gradle\native\c067742578af261105cb4f569cf0c3c89f3d7b1fecec35dd04571415982c5e48\windows-amd64\native-platform.dll
Event: 0.394 Attempting to load shared library C:\Users\araba\.gradle\native\100fb08df4bc3b14c8652ba06237920a3bd2aa13389f12d3474272988ae205f9\windows-amd64\native-platform-file-events.dll
Event: 0.399 Loaded shared library C:\Users\araba\.gradle\native\100fb08df4bc3b14c8652ba06237920a3bd2aa13389f12d3474272988ae205f9\windows-amd64\native-platform-file-events.dll
Event: 11.981 Attempting to load shared library C:\Program Files\Microsoft\jdk-21.0.12.101-hotspot\bin\management.dll
Event: 11.981 Loaded shared library C:\Program Files\Microsoft\jdk-21.0.12.101-hotspot\bin\management.dll
Event: 11.982 Attempting to load shared library C:\Program Files\Microsoft\jdk-21.0.12.101-hotspot\bin\management_ext.dll
Event: 11.983 Loaded shared library C:\Program Files\Microsoft\jdk-21.0.12.101-hotspot\bin\management_ext.dll
Event: 12.084 Attempting to load shared library C:\Program Files\Microsoft\jdk-21.0.12.101-hotspot\bin\extnet.dll
Event: 12.085 Loaded shared library C:\Program Files\Microsoft\jdk-21.0.12.101-hotspot\bin\extnet.dll
Event: 12.157 Attempting to load shared library C:\Program Files\Microsoft\jdk-21.0.12.101-hotspot\bin\sunmscapi.dll
Event: 12.158 Loaded shared library C:\Program Files\Microsoft\jdk-21.0.12.101-hotspot\bin\sunmscapi.dll

Deoptimization events (20 events):
Event: 193.823 Thread 0x0000019fece28900 DEOPT PACKING pc=0x0000019f935e709c sp=0x0000007c8e6fa650
Event: 193.823 Thread 0x0000019fece28900 DEOPT UNPACKING pc=0x0000019f928d4422 sp=0x0000007c8e6fa628 mode 2
Event: 193.860 Thread 0x0000019fece233b0 DEOPT PACKING pc=0x0000019f8b5f1cdd sp=0x0000007c8d4face0
Event: 193.860 Thread 0x0000019fece233b0 DEOPT UNPACKING pc=0x0000019f928d4bc2 sp=0x0000007c8d4fa1e8 mode 0
Event: 194.044 Thread 0x0000019fece25b10 Uncommon trap: trap_request=0xffffff45 fr.pc=0x0000019f932b9ae0 relative=0x0000000000000320
Event: 194.044 Thread 0x0000019fece25b10 Uncommon trap: reason=unstable_if action=reinterpret pc=0x0000019f932b9ae0 method=org.gradle.internal.classpath.CallInterceptionClosureInstrumentingClassVisitor.interfacesWithInstrumentableClosure([Ljava/lang/String;Z)[Ljava/lang/String; @ 1 c2
Event: 194.044 Thread 0x0000019fece25b10 DEOPT PACKING pc=0x0000019f932b9ae0 sp=0x0000007c8e5fabe0
Event: 194.044 Thread 0x0000019fece25b10 DEOPT UNPACKING pc=0x0000019f928d4422 sp=0x0000007c8e5fab08 mode 2
Event: 194.044 Thread 0x0000019fece25b10 Uncommon trap: trap_request=0xffffff45 fr.pc=0x0000019f93044e4c relative=0x00000000000000ac
Event: 194.044 Thread 0x0000019fece25b10 Uncommon trap: reason=unstable_if action=reinterpret pc=0x0000019f93044e4c method=org.gradle.internal.classpath.CallInterceptionClosureInstrumentingClassVisitor.visitMethod(ILjava/lang/String;Ljava/lang/String;Ljava/lang/String;[Ljava/lang/String;)Lorg/ob
Event: 194.044 Thread 0x0000019fece25b10 DEOPT PACKING pc=0x0000019f93044e4c sp=0x0000007c8e5faad0
Event: 194.044 Thread 0x0000019fece25b10 DEOPT UNPACKING pc=0x0000019f928d4422 sp=0x0000007c8e5faa50 mode 2
Event: 194.044 Thread 0x0000019fece25b10 Uncommon trap: trap_request=0xffffff45 fr.pc=0x0000019f9302beb0 relative=0x0000000000000090
Event: 194.044 Thread 0x0000019fece25b10 Uncommon trap: reason=unstable_if action=reinterpret pc=0x0000019f9302beb0 method=org.gradle.internal.classpath.CallInterceptionClosureInstrumentingClassVisitor.visitEnd()V @ 4 c2
Event: 194.044 Thread 0x0000019fece25b10 DEOPT PACKING pc=0x0000019f9302beb0 sp=0x0000007c8e5fabb0
Event: 194.044 Thread 0x0000019fece25b10 DEOPT UNPACKING pc=0x0000019f928d4422 sp=0x0000007c8e5fab20 mode 2
Event: 194.045 Thread 0x0000019fece25b10 Uncommon trap: trap_request=0xffffff45 fr.pc=0x0000019f931195e8 relative=0x0000000000000048
Event: 194.045 Thread 0x0000019fece25b10 Uncommon trap: reason=unstable_if action=reinterpret pc=0x0000019f931195e8 method=org.gradle.internal.classpath.CallInterceptionClosureInstrumentingClassVisitor.interfacesWithInstrumentableClosure([Ljava/lang/String;Z)[Ljava/lang/String; @ 1 c2
Event: 194.045 Thread 0x0000019fece25b10 DEOPT PACKING pc=0x0000019f931195e8 sp=0x0000007c8e5fab60
Event: 194.045 Thread 0x0000019fece25b10 DEOPT UNPACKING pc=0x0000019f928d4422 sp=0x0000007c8e5faae8 mode 2

Classes loaded (20 events):
Event: 188.805 Loading class jdk/internal/reflect/Label$PatchInfo
Event: 188.805 Loading class jdk/internal/reflect/Label$PatchInfo done
Event: 188.805 Loading class jdk/internal/reflect/MethodAccessorGenerator$1
Event: 188.805 Loading class jdk/internal/reflect/MethodAccessorGenerator$1 done
Event: 188.805 Loading class jdk/internal/reflect/ClassDefiner
Event: 188.805 Loading class jdk/internal/reflect/ClassDefiner done
Event: 188.805 Loading class jdk/internal/reflect/ClassDefiner$1
Event: 188.805 Loading class jdk/internal/reflect/ClassDefiner$1 done
Event: 188.805 Loading class jdk/internal/reflect/SerializationConstructorAccessorImpl
Event: 188.805 Loading class jdk/internal/reflect/SerializationConstructorAccessorImpl done
Event: 188.861 Loading class java/util/zip/ZipFile$ZipEntryIterator
Event: 188.861 Loading class java/util/zip/ZipFile$ZipEntryIterator done
Event: 188.863 Loading class java/util/zip/ZipInputStream
Event: 188.863 Loading class java/util/zip/ZipInputStream done
Event: 191.139 Loading class java/util/Collections$UnmodifiableSortedMap
Event: 191.139 Loading class java/util/Collections$UnmodifiableSortedMap done
Event: 191.143 Loading class java/util/zip/Deflater
Event: 191.143 Loading class java/util/zip/Deflater done
Event: 191.144 Loading class java/util/zip/Deflater$DeflaterZStreamRef
Event: 191.144 Loading class java/util/zip/Deflater$DeflaterZStreamRef done

Classes unloaded (8 events):
Event: 16.365 Thread 0x0000019fa25d46c0 Unloading class 0x0000019fa5660928 '_BuildScript_$_run_closure1$_closure2'
Event: 16.365 Thread 0x0000019fa25d46c0 Unloading class 0x0000019fa5660538 '_BuildScript_$_run_closure1'
Event: 16.365 Thread 0x0000019fa25d46c0 Unloading class 0x0000019fa5660000 '_BuildScript_'
Event: 189.349 Thread 0x0000019fa25d46c0 Unloading class 0x0000019fa5791540 '_BuildScript_$_run_closure1'
Event: 189.349 Thread 0x0000019fa25d46c0 Unloading class 0x0000019fa5791000 '_BuildScript_'
Event: 189.349 Thread 0x0000019fa25d46c0 Unloading class 0x0000019fa56e4000 '_BuildScript_$_run_closure1$_closure2'
Event: 189.349 Thread 0x0000019fa25d46c0 Unloading class 0x0000019fa56d8c00 '_BuildScript_$_run_closure1'
Event: 189.349 Thread 0x0000019fa25d46c0 Unloading class 0x0000019fa56d9000 '_BuildScript_'

Classes redefined (0 events):
No events

Internal exceptions (20 events):
Event: 193.371 Thread 0x0000019fece28900 Exception <a 'sun/nio/fs/WindowsException'{0x0000000717941c50}> (0x0000000717941c50) 
thrown [s\src\hotspot\share\prims\jni.cpp, line 520]
Event: 193.376 Thread 0x0000019fece29cb0 Exception <a 'sun/nio/fs/WindowsException'{0x0000000717628848}> (0x0000000717628848) 
thrown [s\src\hotspot\share\prims\jni.cpp, line 520]
Event: 193.419 Thread 0x0000019fece29620 Exception <a 'sun/nio/fs/WindowsException'{0x00000007137c51d0}> (0x00000007137c51d0) 
thrown [s\src\hotspot\share\prims\jni.cpp, line 520]
Event: 193.468 Thread 0x0000019fea0567f0 Exception <a 'sun/nio/fs/WindowsException'{0x0000000721e05510}> (0x0000000721e05510) 
thrown [s\src\hotspot\share\prims\jni.cpp, line 520]
Event: 193.549 Thread 0x0000019fea0567f0 Exception <a 'sun/nio/fs/WindowsException'{0x000000071cbabdf8}> (0x000000071cbabdf8) 
thrown [s\src\hotspot\share\prims\jni.cpp, line 520]
Event: 193.565 Thread 0x0000019fece29620 Exception <a 'sun/nio/fs/WindowsException'{0x0000000719200f48}> (0x0000000719200f48) 
thrown [s\src\hotspot\share\prims\jni.cpp, line 520]
Event: 193.571 Thread 0x0000019fece233b0 Exception <a 'sun/nio/fs/WindowsException'{0x0000000719788810}> (0x0000000719788810) 
thrown [s\src\hotspot\share\prims\jni.cpp, line 520]
Event: 193.593 Thread 0x0000019fece28900 Exception <a 'sun/nio/fs/WindowsException'{0x00000007174f8188}> (0x00000007174f8188) 
thrown [s\src\hotspot\share\prims\jni.cpp, line 520]
Event: 193.613 Thread 0x0000019fece2a9d0 Exception <a 'sun/nio/fs/WindowsException'{0x000000071553d240}> (0x000000071553d240) 
thrown [s\src\hotspot\share\prims\jni.cpp, line 520]
Event: 193.623 Thread 0x0000019fece29620 Exception <a 'sun/nio/fs/WindowsException'{0x00000007144bb388}> (0x00000007144bb388) 
thrown [s\src\hotspot\share\prims\jni.cpp, line 520]
Event: 193.651 Thread 0x0000019fece233b0 Exception <a 'sun/nio/fs/WindowsException'{0x0000000712567fe8}> (0x0000000712567fe8) 
thrown [s\src\hotspot\share\prims\jni.cpp, line 520]
Event: 193.663 Thread 0x0000019fece29620 Exception <a 'sun/nio/fs/WindowsException'{0x0000000710218448}> (0x0000000710218448) 
thrown [s\src\hotspot\share\prims\jni.cpp, line 520]
Event: 193.715 Thread 0x0000019fea0567f0 Exception <a 'sun/nio/fs/WindowsException'{0x000000071fe338e0}> (0x000000071fe338e0) 
thrown [s\src\hotspot\share\prims\jni.cpp, line 520]
Event: 193.722 Thread 0x0000019fece233b0 Exception <a 'sun/nio/fs/WindowsException'{0x000000071ec2b318}> (0x000000071ec2b318) 
thrown [s\src\hotspot\share\prims\jni.cpp, line 520]
Event: 193.731 Thread 0x0000019fece261a0 Exception <a 'sun/nio/fs/WindowsException'{0x000000071dda77e0}> (0x000000071dda77e0) 
thrown [s\src\hotspot\share\prims\jni.cpp, line 520]
Event: 193.734 Thread 0x0000019fece2a9d0 Exception <a 'sun/nio/fs/WindowsException'{0x000000071d7586c8}> (0x000000071d7586c8) 
thrown [s\src\hotspot\share\prims\jni.cpp, line 520]
Event: 193.738 Thread 0x0000019fece29620 Exception <a 'sun/nio/fs/WindowsException'{0x000000071d581060}> (0x000000071d581060) 
thrown [s\src\hotspot\share\prims\jni.cpp, line 520]
Event: 193.768 Thread 0x0000019fea0567f0 Exception <a 'sun/nio/fs/WindowsException'{0x00000007189928b0}> (0x00000007189928b0) 
thrown [s\src\hotspot\share\prims\jni.cpp, line 520]
Event: 193.790 Thread 0x0000019fece261a0 Exception <a 'sun/nio/fs/WindowsException'{0x00000007165311e0}> (0x00000007165311e0) 
thrown [s\src\hotspot\share\prims\jni.cpp, line 520]
Event: 193.809 Thread 0x0000019fece233b0 Exception <a 'sun/nio/fs/WindowsException'{0x00000007136e2568}> (0x00000007136e2568) 
thrown [s\src\hotspot\share\prims\jni.cpp, line 520]

ZGC Phase Switch (0 events):
No events

VM Operations (20 events):
Event: 192.923 Executing safepoint VM operation: G1PauseRemark done
Event: 192.945 Executing safepoint VM operation: G1PauseCleanup
Event: 192.945 Executing safepoint VM operation: G1PauseCleanup done
Event: 193.074 Executing safepoint VM operation: G1CollectForAllocation (G1 Evacuation Pause)
Event: 193.079 Executing safepoint VM operation: G1CollectForAllocation (G1 Evacuation Pause) done
Event: 193.263 Executing safepoint VM operation: G1CollectForAllocation (G1 Evacuation Pause)
Event: 193.268 Executing safepoint VM operation: G1CollectForAllocation (G1 Evacuation Pause) done
Event: 193.458 Executing safepoint VM operation: G1CollectForAllocation (G1 Evacuation Pause)
Event: 193.458 Executing safepoint VM operation: G1CollectForAllocation (G1 Evacuation Pause) done
Event: 193.458 Executing safepoint VM operation: G1CollectForAllocation (GCLocker Initiated GC)
Event: 193.463 Executing safepoint VM operation: G1CollectForAllocation (GCLocker Initiated GC) done
Event: 193.523 Executing safepoint VM operation: G1PauseRemark
Event: 193.526 Executing safepoint VM operation: G1PauseRemark done
Event: 193.548 Executing safepoint VM operation: G1PauseCleanup
Event: 193.548 Executing safepoint VM operation: G1PauseCleanup done
Event: 193.674 Executing safepoint VM operation: G1CollectForAllocation (G1 Evacuation Pause)
Event: 193.680 Executing safepoint VM operation: G1CollectForAllocation (G1 Evacuation Pause) done
Event: 193.853 Executing safepoint VM operation: G1CollectForAllocation (G1 Evacuation Pause)
Event: 193.859 Executing safepoint VM operation: G1CollectForAllocation (G1 Evacuation Pause) done
Event: 194.060 Executing safepoint VM operation: G1CollectForAllocation (G1 Evacuation Pause)

Memory protections (0 events):
No events

Nmethod flushes (20 events):
Event: 193.526 Thread 0x0000019fa25d46c0 flushing  nmethod 0x0000019f8bfe9810
Event: 193.526 Thread 0x0000019fa25d46c0 flushing  nmethod 0x0000019f9331e710
Event: 193.526 Thread 0x0000019fa25d46c0 flushing  nmethod 0x0000019f8b596710
Event: 193.526 Thread 0x0000019fa25d46c0 flushing  nmethod 0x0000019f8b5da190
Event: 193.526 Thread 0x0000019fa25d46c0 flushing  nmethod 0x0000019f8bace910
Event: 193.526 Thread 0x0000019fa25d46c0 flushing  nmethod 0x0000019f8bb8d190
Event: 193.526 Thread 0x0000019fa25d46c0 flushing  nmethod 0x0000019f8bc04c10
Event: 193.526 Thread 0x0000019fa25d46c0 flushing  nmethod 0x0000019f8bc19f90
Event: 193.526 Thread 0x0000019fa25d46c0 flushing  nmethod 0x0000019f8bc28990
Event: 193.526 Thread 0x0000019fa25d46c0 flushing  nmethod 0x0000019f93045010
Event: 193.526 Thread 0x0000019fa25d46c0 flushing  nmethod 0x0000019f8b511890
Event: 193.526 Thread 0x0000019fa25d46c0 flushing  nmethod 0x0000019f8b92f310
Event: 193.526 Thread 0x0000019fa25d46c0 flushing  nmethod 0x0000019f8c3af890
Event: 193.526 Thread 0x0000019fa25d46c0 flushing  nmethod 0x0000019f8cbb3c90
Event: 193.526 Thread 0x0000019fa25d46c0 flushing  nmethod 0x0000019f8cbb4310
Event: 193.526 Thread 0x0000019fa25d46c0 flushing  nmethod 0x0000019f8cbb4e10
Event: 193.526 Thread 0x0000019fa25d46c0 flushing  nmethod 0x0000019f8cbb6b10
Event: 193.526 Thread 0x0000019fa25d46c0 flushing  nmethod 0x0000019f8c148210
Event: 193.526 Thread 0x0000019fa25d46c0 flushing  nmethod 0x0000019f8c152810
Event: 193.526 Thread 0x0000019fa25d46c0 flushing  nmethod 0x0000019f8c1ad590

Events (20 events):
Event: 190.611 Thread 0x0000019fea0567f0 Thread added: 0x0000019fece24760
Event: 190.611 Thread 0x0000019fea0567f0 Thread added: 0x0000019fece22000
Event: 190.612 Thread 0x0000019fea0567f0 Thread added: 0x0000019fece25b10
Event: 190.612 Thread 0x0000019fea0567f0 Thread added: 0x0000019fece28900
Event: 190.612 Thread 0x0000019fea0567f0 Thread added: 0x0000019fece26830
Event: 190.612 Thread 0x0000019fea0567f0 Thread added: 0x0000019fece28f90
Event: 190.613 Thread 0x0000019fea0567f0 Thread added: 0x0000019fece26ec0
Event: 190.613 Thread 0x0000019fea0567f0 Thread added: 0x0000019fece27be0
Event: 190.613 Thread 0x0000019fea0567f0 Thread added: 0x0000019fece28270
Event: 190.613 Thread 0x0000019fea0567f0 Thread added: 0x0000019fece29620
Event: 190.613 Thread 0x0000019fea0567f0 Thread added: 0x0000019fece261a0
Event: 190.614 Thread 0x0000019fea0567f0 Thread added: 0x0000019fece29cb0
Event: 190.614 Thread 0x0000019fea0567f0 Thread added: 0x0000019fece27550
Event: 190.614 Thread 0x0000019fea0567f0 Thread added: 0x0000019fece2a9d0
Event: 190.619 Thread 0x0000019fecfc51d0 Thread added: 0x0000019fefff7c20
Event: 190.621 Thread 0x0000019fed29f920 Thread added: 0x0000019fed61a2f0
Event: 190.750 Thread 0x0000019fecfc51d0 Thread added: 0x0000019fe9ed4be0
Event: 190.797 Thread 0x0000019fa260e660 Thread added: 0x0000019fee6c0140
Event: 190.797 Thread 0x0000019fa260e660 Thread added: 0x0000019fef1544f0
Event: 190.797 Thread 0x0000019fa260e660 Thread added: 0x0000019fef5c2b30


Dynamic libraries:
0x00007ff7c2d20000 - 0x00007ff7c2d2e000 	C:\Program Files\Microsoft\jdk-21.0.12.101-hotspot\bin\java.exe
0x00007ff8f5c80000 - 0x00007ff8f5ee7000 	C:\Windows\SYSTEM32\ntdll.dll
0x00007ff8f46b0000 - 0x00007ff8f477b000 	C:\Windows\System32\KERNEL32.DLL
0x00007ff8f3100000 - 0x00007ff8f3501000 	C:\Windows\System32\KERNELBASE.dll
0x00007ff8f37b0000 - 0x00007ff8f38fc000 	C:\Windows\System32\ucrtbase.dll
0x00007ff8b1c20000 - 0x00007ff8b1c3e000 	C:\Program Files\Microsoft\jdk-21.0.12.101-hotspot\bin\VCRUNTIME140.dll
0x00007ff8aaf40000 - 0x00007ff8aaf58000 	C:\Program Files\Microsoft\jdk-21.0.12.101-hotspot\bin\jli.dll
0x00007ff8f3ee0000 - 0x00007ff8f40b7000 	C:\Windows\System32\USER32.dll
0x00007ff8f30d0000 - 0x00007ff8f30f7000 	C:\Windows\System32\win32u.dll
0x00007ff8f3a50000 - 0x00007ff8f3a7b000 	C:\Windows\System32\GDI32.dll
0x00007ff8d2270000 - 0x00007ff8d2500000 	C:\Windows\WinSxS\amd64_microsoft.windows.common-controls_6595b64144ccf1df_6.0.26100.9549_none_3e0a0396e3330090\COMCTL32.dll
0x00007ff8f3680000 - 0x00007ff8f37a8000 	C:\Windows\System32\gdi32full.dll
0x00007ff8f35d0000 - 0x00007ff8f3673000 	C:\Windows\System32\msvcp_win.dll
0x00007ff8f41a0000 - 0x00007ff8f4249000 	C:\Windows\System32\msvcrt.dll
0x00007ff8f5c00000 - 0x00007ff8f5c31000 	C:\Windows\System32\IMM32.DLL
0x00007ff8c9c40000 - 0x00007ff8c9c4c000 	C:\Program Files\Microsoft\jdk-21.0.12.101-hotspot\bin\vcruntime140_1.dll
0x00007ff869000000 - 0x00007ff869089000 	C:\Program Files\Microsoft\jdk-21.0.12.101-hotspot\bin\msvcp140.dll
0x00007ff82e010000 - 0x00007ff82edbf000 	C:\Program Files\Microsoft\jdk-21.0.12.101-hotspot\bin\server\jvm.dll
0x00007ff8f3c60000 - 0x00007ff8f3d1b000 	C:\Windows\System32\ADVAPI32.dll
0x00007ff8f39a0000 - 0x00007ff8f3a48000 	C:\Windows\System32\sechost.dll
0x00007ff8f5960000 - 0x00007ff8f5a78000 	C:\Windows\System32\RPCRT4.dll
0x00007ff8f5b70000 - 0x00007ff8f5bf1000 	C:\Windows\System32\WS2_32.dll
0x00007ff8ef800000 - 0x00007ff8ef837000 	C:\Windows\SYSTEM32\WINMM.dll
0x00007ff8f1980000 - 0x00007ff8f19de000 	C:\Windows\SYSTEM32\POWRPROF.dll
0x00007ff8e6170000 - 0x00007ff8e617b000 	C:\Windows\SYSTEM32\VERSION.dll
0x00007ff8f1960000 - 0x00007ff8f1975000 	C:\Windows\SYSTEM32\UMPDC.dll
0x00007ff8f1c40000 - 0x00007ff8f1c5b000 	C:\Windows\SYSTEM32\kernel.appcore.dll
0x00007ff8bbdf0000 - 0x00007ff8bbdfa000 	C:\Program Files\Microsoft\jdk-21.0.12.101-hotspot\bin\jimage.dll
0x00007ff8efd80000 - 0x00007ff8effcc000 	C:\Windows\SYSTEM32\DBGHELP.DLL
0x00007ff8f4320000 - 0x00007ff8f46aa000 	C:\Windows\System32\combase.dll
0x00007ff8f40c0000 - 0x00007ff8f4199000 	C:\Windows\System32\OLEAUT32.dll
0x00007ff8d0530000 - 0x00007ff8d056b000 	C:\Windows\SYSTEM32\dbgcore.DLL
0x00007ff8f3510000 - 0x00007ff8f35bc000 	C:\Windows\System32\bcryptPrimitives.dll
0x00007ff8bb650000 - 0x00007ff8bb660000 	C:\Program Files\Microsoft\jdk-21.0.12.101-hotspot\bin\instrument.dll
0x00007ff8a7ca0000 - 0x00007ff8a7cc1000 	C:\Program Files\Microsoft\jdk-21.0.12.101-hotspot\bin\java.dll
0x00007ff8f4890000 - 0x00007ff8f502c000 	C:\Windows\System32\SHELL32.dll
0x00007ff8f08d0000 - 0x00007ff8f117d000 	C:\Windows\SYSTEM32\windows.storage.dll
0x00007ff8f5040000 - 0x00007ff8f5139000 	C:\Windows\System32\SHCORE.dll
0x00007ff8f4780000 - 0x00007ff8f47e6000 	C:\Windows\System32\shlwapi.dll
0x00007ff8f2d90000 - 0x00007ff8f2db9000 	C:\Windows\SYSTEM32\profapi.dll
0x00007ff84e260000 - 0x00007ff84e336000 	C:\Program Files\Microsoft\jdk-21.0.12.101-hotspot\bin\jsvml.dll
0x00007ff8aaf20000 - 0x00007ff8aaf38000 	C:\Program Files\Microsoft\jdk-21.0.12.101-hotspot\bin\zip.dll
0x00007ff89d910000 - 0x00007ff89d921000 	C:\Program Files\Microsoft\jdk-21.0.12.101-hotspot\bin\net.dll
0x00007ff8e8ca0000 - 0x00007ff8e8dca000 	C:\Windows\SYSTEM32\WINHTTP.dll
0x00007ff8f2200000 - 0x00007ff8f226c000 	C:\Windows\system32\mswsock.dll
0x00007ff89caf0000 - 0x00007ff89cb06000 	C:\Program Files\Microsoft\jdk-21.0.12.101-hotspot\bin\nio.dll
0x00007ff8b1c10000 - 0x00007ff8b1c20000 	C:\Program Files\Microsoft\jdk-21.0.12.101-hotspot\bin\verify.dll
0x00007ff89ca80000 - 0x00007ff89caa7000 	C:\Users\araba\.gradle\native\c067742578af261105cb4f569cf0c3c89f3d7b1fecec35dd04571415982c5e48\windows-amd64\native-platform.dll
0x00007ff84dbd0000 - 0x00007ff84dd14000 	C:\Users\araba\.gradle\native\100fb08df4bc3b14c8652ba06237920a3bd2aa13389f12d3474272988ae205f9\windows-amd64\native-platform-file-events.dll
0x00007ff8b02c0000 - 0x00007ff8b02ca000 	C:\Program Files\Microsoft\jdk-21.0.12.101-hotspot\bin\management.dll
0x00007ff8af280000 - 0x00007ff8af28c000 	C:\Program Files\Microsoft\jdk-21.0.12.101-hotspot\bin\management_ext.dll
0x00007ff8f4310000 - 0x00007ff8f4318000 	C:\Windows\System32\PSAPI.DLL
0x00007ff8f24f0000 - 0x00007ff8f250b000 	C:\Windows\SYSTEM32\CRYPTSP.dll
0x00007ff8f1ba0000 - 0x00007ff8f1bd9000 	C:\Windows\system32\rsaenh.dll
0x00007ff8f22b0000 - 0x00007ff8f22e4000 	C:\Windows\SYSTEM32\USERENV.dll
0x00007ff8f2d60000 - 0x00007ff8f2d8a000 	C:\Windows\SYSTEM32\bcrypt.dll
0x00007ff8f2510000 - 0x00007ff8f251c000 	C:\Windows\SYSTEM32\CRYPTBASE.dll
0x00007ff8f1540000 - 0x00007ff8f1573000 	C:\Windows\SYSTEM32\IPHLPAPI.DLL
0x00007ff8f47f0000 - 0x00007ff8f47fa000 	C:\Windows\System32\NSI.dll
0x00007ff8ae520000 - 0x00007ff8ae529000 	C:\Program Files\Microsoft\jdk-21.0.12.101-hotspot\bin\extnet.dll
0x00007ff8ad890000 - 0x00007ff8ad89e000 	C:\Program Files\Microsoft\jdk-21.0.12.101-hotspot\bin\sunmscapi.dll
0x00007ff8f2f40000 - 0x00007ff8f30bf000 	C:\Windows\System32\CRYPT32.dll
0x00007ff8f2750000 - 0x00007ff8f2780000 	C:\Windows\SYSTEM32\ncrypt.dll
0x00007ff8f2700000 - 0x00007ff8f273f000 	C:\Windows\SYSTEM32\NTASN1.dll
0x00007ff8e0d50000 - 0x00007ff8e0d58000 	C:\Windows\system32\wshunix.dll
0x00007ff8f1630000 - 0x00007ff8f1788000 	C:\Windows\SYSTEM32\DNSAPI.dll
0x00007ff8f1fe0000 - 0x00007ff8f1fed000 	C:\Windows\SYSTEM32\DSPARSE.dll
0x00007ff8dd970000 - 0x00007ff8dd97b000 	C:\Windows\System32\rasadhlp.dll
0x00007ff8e8770000 - 0x00007ff8e87f6000 	C:\Windows\System32\fwpuclnt.dll

JVMTI agents:
D:\IQOO Hackathon\DevLens_Prototype\.build-tools\gradle-8.10.2\lib\agents\gradle-instrumentation-agent-8.10.2.jar path:C:\Program Files\Microsoft\jdk-21.0.12.101-hotspot\bin\instrument.dll, loaded, initialized, instrumentlib options:none

dbghelp: loaded successfully - version: 4.0.5 - missing functions: none
symbol engine: initialized successfully - sym options: 0x614 - pdb path: .;C:\Program Files\Microsoft\jdk-21.0.12.101-hotspot\bin;C:\Windows\SYSTEM32;C:\Windows\WinSxS\amd64_microsoft.windows.common-controls_6595b64144ccf1df_6.0.26100.9549_none_3e0a0396e3330090;C:\Program Files\Microsoft\jdk-21.0.12.101-hotspot\bin\server;C:\Users\araba\.gradle\native\c067742578af261105cb4f569cf0c3c89f3d7b1fecec35dd04571415982c5e48\windows-amd64;C:\Users\araba\.gradle\native\100fb08df4bc3b14c8652ba06237920a3bd2aa13389f12d3474272988ae205f9\windows-amd64

VM Arguments:
jvm_args: --add-opens=java.base/java.util=ALL-UNNAMED --add-opens=java.base/java.lang=ALL-UNNAMED --add-opens=java.base/java.lang.invoke=ALL-UNNAMED --add-opens=java.prefs/java.util.prefs=ALL-UNNAMED --add-exports=jdk.compiler/com.sun.tools.javac.api=ALL-UNNAMED --add-exports=jdk.compiler/com.sun.tools.javac.util=ALL-UNNAMED --add-opens=java.base/java.nio.charset=ALL-UNNAMED --add-opens=java.base/java.net=ALL-UNNAMED --add-opens=java.base/java.util.concurrent.atomic=ALL-UNNAMED -Xmx4096m -Dfile.encoding=UTF-8 -Duser.country=IN -Duser.language=en -Duser.variant -javaagent:D:\IQOO Hackathon\DevLens_Prototype\.build-tools\gradle-8.10.2\lib\agents\gradle-instrumentation-agent-8.10.2.jar 
java_command: org.gradle.launcher.daemon.bootstrap.GradleDaemon 8.10.2
java_class_path (initial): D:\IQOO Hackathon\DevLens_Prototype\.build-tools\gradle-8.10.2\lib\gradle-daemon-main-8.10.2.jar
Launcher Type: SUN_STANDARD

[Global flags]
     intx CICompilerCount                          = 12                                        {product} {ergonomic}
     uint ConcGCThreads                            = 4                                         {product} {ergonomic}
     uint G1ConcRefinementThreads                  = 15                                        {product} {ergonomic}
   size_t G1HeapRegionSize                         = 2097152                                   {product} {ergonomic}
    uintx GCDrainStackTargetSize                   = 64                                        {product} {ergonomic}
   size_t InitialHeapSize                          = 398458880                                 {product} {ergonomic}
   size_t MarkStackSize                            = 4194304                                   {product} {ergonomic}
   size_t MaxHeapSize                              = 4294967296                                {product} {command line}
   size_t MaxNewSize                               = 2575302656                                {product} {ergonomic}
   size_t MinHeapDeltaBytes                        = 2097152                                   {product} {ergonomic}
   size_t MinHeapSize                              = 8388608                                   {product} {ergonomic}
    uintx NonNMethodCodeHeapSize                   = 7602480                                {pd product} {ergonomic}
    uintx NonProfiledCodeHeapSize                  = 122027880                              {pd product} {ergonomic}
    uintx ProfiledCodeHeapSize                     = 122027880                              {pd product} {ergonomic}
    uintx ReservedCodeCacheSize                    = 251658240                              {pd product} {ergonomic}
     bool SegmentedCodeCache                       = true                                      {product} {ergonomic}
   size_t SoftMaxHeapSize                          = 4294967296                             {manageable} {ergonomic}
     bool UseCompressedOops                        = true                           {product lp64_product} {ergonomic}
     bool UseG1GC                                  = true                                      {product} {ergonomic}
     bool UseLargePagesIndividualAllocation        = false                                  {pd product} {ergonomic}

Logging:
Log output configuration:
 #0: stdout all=warning uptime,level,tags foldmultilines=false
 #1: stderr all=off uptime,level,tags foldmultilines=false

Release file:
IMPLEMENTOR="Microsoft" 
IMPLEMENTOR_VERSION="Microsoft-14941484" 
JAVA_RUNTIME_VERSION="21.0.12.1+1-LTS" 
JAVA_VERSION="21.0.12.1" 
JAVA_VERSION_DATE="2026-08-18" 
LIBC="default" 
MODULES="java.base java.compiler java.datatransfer java.xml java.prefs java.desktop java.instrument java.logging java.management java.security.sasl java.naming java.rmi java.management.rmi java.net.http java.scripting java.security.jgss java.transaction.xa java.sql java.sql.rowset java.xml.crypto java.se java.smartcardio jdk.accessibility jdk.internal.jvmstat jdk.attach jdk.charsets jdk.internal.opt jdk.zipfs jdk.compiler jdk.crypto.ec jdk.crypto.cryptoki jdk.crypto.mscapi jdk.dynalink jdk.internal.ed jdk.editpad jdk.hotspot.agent jdk.httpserver jdk.incubator.vector jdk.internal.le jdk.internal.vm.ci jdk.internal.vm.compiler jdk.internal.vm.compiler.management jdk.jartool jdk.javadoc jdk.jcmd jdk.management jdk.management.agent jdk.jconsole jdk.jdeps jdk.jdwp.agent jdk.jdi jdk.jfr jdk.jlink jdk.jpackage jdk.jshell jdk.jsobject jdk.jstatd jdk.localedata jdk.management.jfr jdk.naming.dns jdk.naming.rmi jdk.net jdk.nio.mapmode jdk.random jdk.sctp jdk.security.auth jdk.security.jgss jdk.unsupported jdk.unsupported.desktop jdk.xml.dom" 
OS_ARCH="x86_64" 
OS_NAME="Windows" 
SOURCE=".:git:6f26c6b2b098" 

Environment Variables:
JAVA_HOME=C:\Program Files\Microsoft\jdk-21.0.12.101-hotspot
CLASSPATH=D:\IQOO Hackathon\DevLens_Prototype\.build-tools\gradle-8.10.2\lib\gradle-gradle-cli-main-8.10.2.jar
PATH=C:/Users/araba/.gemini/antigravity-ide/bin;C:\Program Files\Microsoft\jdk-21.0.12.101-hotspot\bin;C:\Program Files\Eclipse Adoptium\jdk-21.0.12.101-hotspot\bin;C:\Windows\system32;C:\Windows;C:\Windows\System32\Wbem;C:\Windows\System32\WindowsPowerShell\v1.0\;C:\Windows\System32\OpenSSH\;C:\Program Files (x86)\NVIDIA Corporation\PhysX\Common;C:\Program Files\NVIDIA Corporation\NVIDIA NvDLISR;C:\Users\araba\AppData\Local\Programs\Python\Python313;C:\Users\araba\AppData\Local\Programs\Python\Python313\Scripts;C:\Program Files\Git\cmd;C:\Program Files\Java\jdk-25.0.2\bin;C:\Users\araba\Downloads\ffmpeg-8.1-essentials_build\ffmpeg-8.1-essentials_build\bin;D:\NodeJs\;%araba%\AppData\Roaming\npm;C:\Users\araba\AppData\Local\Programs\OpenAI\Codex\bin;C:\Users\araba\.local\bin;C:\Users\araba\AppData\Local\Programs\Python\Launcher\;C:\Users\araba\AppData\Local\Microsoft\WindowsApps;C:\MinGW\bin;C:\Program Files\Common Files\Oracle\Java\javapath;C:\Program Files\JetBrains\IntelliJ IDEA 2025.3.3\bin;C:\Users\araba\AppData\Local\Programs\Ollama;C:\Users\araba\AppData\Local\Microsoft\WinGet\Packages\DenoLand.Deno_Microsoft.Winget.Source_8wekyb3d8bbwe;D:\Antigravity IDE\bin;C:\Users\araba\AppData\Roaming\npm;D:\Microsoft VS Code\bin;C:\Users\araba\AppData\Local\Programs\Antigravity IDE\bin
USERNAME=araba
OS=Windows_NT
PROCESSOR_IDENTIFIER=Intel64 Family 6 Model 183 Stepping 1, GenuineIntel
TMP=C:\Users\araba\AppData\Local\Temp
TEMP=C:\Users\araba\AppData\Local\Temp




Periodic native trim disabled

---------------  S Y S T E M  ---------------

OS:
 Windows 11 , 64 bit Build 26100 (10.0.26100.9549)
OS uptime: 0 days 15:15 hours
Hyper-V role detected

CPU: total 20 (initial active 20) (10 cores per cpu, 2 threads per core) family 6 model 183 stepping 1 microcode 0x12e, cx8, cmov, fxsr, ht, mmx, 3dnowpref, sse, sse2, sse3, ssse3, sse4.1, sse4.2, popcnt, lzcnt, tsc, tscinvbit, avx, avx2, aes, erms, clmul, bmi1, bmi2, adx, sha, fma, vzeroupper, clflush, clflushopt, clwb, hv, serialize, rdtscp, rdpid, fsrm, f16c, cet_ibt, cet_ss
Processor Information for processor 0
  Max Mhz: 2600, Current Mhz: 2600, Mhz Limit: 2600
Processor Information for processor 1
  Max Mhz: 2600, Current Mhz: 2600, Mhz Limit: 2600
Processor Information for processor 2
  Max Mhz: 2600, Current Mhz: 2600, Mhz Limit: 2600
Processor Information for processor 3
  Max Mhz: 2600, Current Mhz: 2600, Mhz Limit: 2600
Processor Information for processor 4
  Max Mhz: 2600, Current Mhz: 2600, Mhz Limit: 2600
Processor Information for processor 5
  Max Mhz: 2600, Current Mhz: 2600, Mhz Limit: 2600
Processor Information for processor 6
  Max Mhz: 2600, Current Mhz: 2600, Mhz Limit: 2600
Processor Information for processor 7
  Max Mhz: 2600, Current Mhz: 2600, Mhz Limit: 2600
Processor Information for processor 8
  Max Mhz: 2600, Current Mhz: 2600, Mhz Limit: 2600
Processor Information for processor 9
  Max Mhz: 2600, Current Mhz: 2600, Mhz Limit: 2600
Processor Information for processor 10
  Max Mhz: 2600, Current Mhz: 2600, Mhz Limit: 2600
Processor Information for processor 11
  Max Mhz: 2600, Current Mhz: 2600, Mhz Limit: 2600
Processor Information for processor 12
  Max Mhz: 2600, Current Mhz: 1505, Mhz Limit: 2600
Processor Information for processor 13
  Max Mhz: 2600, Current Mhz: 1505, Mhz Limit: 2600
Processor Information for processor 14
  Max Mhz: 2600, Current Mhz: 1505, Mhz Limit: 2600
Processor Information for processor 15
  Max Mhz: 2600, Current Mhz: 1505, Mhz Limit: 2600
Processor Information for processor 16
  Max Mhz: 2600, Current Mhz: 1505, Mhz Limit: 2600
Processor Information for processor 17
  Max Mhz: 2600, Current Mhz: 1505, Mhz Limit: 2600
Processor Information for processor 18
  Max Mhz: 2600, Current Mhz: 1505, Mhz Limit: 2600
Processor Information for processor 19
  Max Mhz: 2600, Current Mhz: 1505, Mhz Limit: 2600

Memory: 4k page, system-wide physical 24283M (6488M free)
TotalPageFile size 24283M (AvailPageFile size 48M)
current process WorkingSet (physical memory assigned to process): 869M, peak: 877M
current process commit charge ("private bytes"): 947M, peak: 1039M

vm_info: OpenJDK 64-Bit Server VM (21.0.12.1+1-LTS) for windows-amd64 JRE (21.0.12.1+1-LTS), built on 2026-08-11T20:50:01Z by "MicrosoftCorporation" with MS VC++ 17.14 (VS2022)

END.
