#
# There is insufficient memory for the Java Runtime Environment to continue.
# Native memory allocation (malloc) failed to allocate 627616 bytes. Error detail: Chunk::new
# Possible reasons:
#   The system is out of physical RAM or swap space
#   This process is running with CompressedOops enabled, and the Java Heap may be blocking the growth of the native heap
# Possible solutions:
#   Reduce memory load on the system
#   Increase physical memory or swap space
#   Check if swap backing store is full
#   Decrease Java heap size (-Xmx/-Xms)
#   Decrease number of Java threads
#   Decrease Java thread stack sizes (-Xss)
#   Set larger code cache with -XX:ReservedCodeCacheSize=
#   JVM is running with Unscaled Compressed Oops mode in which the Java heap is
#     placed in the first 4GB address space. The Java Heap base address is the
#     maximum limit for the native heap growth. Please use -XX:HeapBaseMinAddress
#     to set the Java Heap base and to place the Java Heap above 4GB virtual address.
# This output file may be truncated or incomplete.
#
#  Out of Memory Error (arena.cpp:168), pid=8116, tid=18096
#
# JRE version: OpenJDK Runtime Environment Microsoft-14941484 (21.0.12.1+1) (build 21.0.12.1+1-LTS)
# Java VM: OpenJDK 64-Bit Server VM Microsoft-14941484 (21.0.12.1+1-LTS, mixed mode, sharing, tiered, compressed oops, compressed class ptrs, g1 gc, windows-amd64)
# No core dump will be written. Minidumps are not enabled by default on client versions of Windows
#

---------------  S U M M A R Y ------------

Command Line: -XX:+HeapDumpOnOutOfMemoryError --add-opens=java.base/java.util=ALL-UNNAMED --add-opens=java.base/java.lang=ALL-UNNAMED --add-opens=java.base/java.lang.invoke=ALL-UNNAMED --add-opens=java.prefs/java.util.prefs=ALL-UNNAMED --add-exports=jdk.compiler/com.sun.tools.javac.api=ALL-UNNAMED --add-exports=jdk.compiler/com.sun.tools.javac.util=ALL-UNNAMED --add-opens=java.base/java.nio.charset=ALL-UNNAMED --add-opens=java.base/java.net=ALL-UNNAMED --add-opens=java.base/java.util.concurrent.atomic=ALL-UNNAMED -Xmx512m -Dfile.encoding=UTF-8 -Duser.country=IN -Duser.language=en -Duser.variant -javaagent:D:\IQOO Hackathon\DevLens_Prototype\.build-tools\gradle-8.10.2\lib\agents\gradle-instrumentation-agent-8.10.2.jar org.gradle.launcher.daemon.bootstrap.GradleDaemon 8.10.2

Host: 13th Gen Intel(R) Core(TM) i7-13650HX, 20 cores, 23G,  Windows 11 , 64 bit Build 26100 (10.0.26100.9549)
Time: Mon Sep 28 20:37:34 2026 India Standard Time elapsed time: 25.042719 seconds (0d 0h 0m 25s)

---------------  T H R E A D  ---------------

Current thread (0x000001f57b290680):  JavaThread "C2 CompilerThread0" daemon [_thread_in_native, id=18096, stack(0x000000ba96500000,0x000000ba96600000) (1024K)]


Current CompileTask:
C2:25042 16056       4       sun.security.ec.ECOperations::setDouble (463 bytes)

Stack: [0x000000ba96500000,0x000000ba96600000]
Native frames: (J=compiled Java code, j=interpreted, Vv=VM code, C=native code)
V  [jvm.dll+0x6e0c09]  (no source info available)
V  [jvm.dll+0x8c0e1b]  (no source info available)
V  [jvm.dll+0x8c33ad]  (no source info available)
V  [jvm.dll+0x8c3a83]  (no source info available)
V  [jvm.dll+0x28ac66]  (no source info available)
V  [jvm.dll+0xc91cd]  (no source info available)
V  [jvm.dll+0xc971c]  (no source info available)
V  [jvm.dll+0x301d9e]  (no source info available)
V  [jvm.dll+0x609de7]  (no source info available)
V  [jvm.dll+0x25bc27]  (no source info available)
V  [jvm.dll+0x254456]  (no source info available)
V  [jvm.dll+0x251d57]  (no source info available)
V  [jvm.dll+0x1d1c5f]  (no source info available)
V  [jvm.dll+0x261bda]  (no source info available)
V  [jvm.dll+0x25ff45]  (no source info available)
V  [jvm.dll+0x402695]  (no source info available)
V  [jvm.dll+0x86ba8d]  (no source info available)
V  [jvm.dll+0x6e21bd]  (no source info available)
C  [ucrtbase.dll+0x2cd30]  (no source info available)
C  [KERNEL32.DLL+0x2cdf7]  (no source info available)
C  [ntdll.dll+0x7ee4c]  (no source info available)


---------------  P R O C E S S  ---------------

Threads class SMR info:
_java_thread_list=0x000001f563174a40, length=265, elements={
0x000001f56e401ee0, 0x000001f57b27efd0, 0x000001f57b27fc30, 0x000001f57b285350,
0x000001f57b285ee0, 0x000001f57b286e80, 0x000001f57b28f8f0, 0x000001f57b290680,
0x000001f57b2b64b0, 0x000001f57b55e1f0, 0x000001f57b55ad70, 0x000001f555132060,
0x000001f55503dc50, 0x000001f555516c10, 0x000001f5551b91a0, 0x000001f57b55d4d0,
0x000001f57b55c120, 0x000001f57b55ba90, 0x000001f57b55db60, 0x000001f57b55ce40,
0x000001f555183a80, 0x000001f5551861e0, 0x000001f5551854c0, 0x000001f5551833f0,
0x000001f555185b50, 0x000001f555184e30, 0x000001f555184110, 0x000001f555182d60,
0x000001f558522040, 0x000001f558521320, 0x000001f558520600, 0x000001f558524110,
0x000001f5585226d0, 0x000001f5585219b0, 0x000001f558522d60, 0x000001f5585233f0,
0x000001f558520c90, 0x000001f558527c20, 0x000001f558526870, 0x000001f558527590,
0x000001f559b6e0b0, 0x000001f559b6cd00, 0x000001f559b6e740, 0x000001f559b6bfe0,
0x000001f559b6b950, 0x000001f559b6b2c0, 0x000001f559b6edd0, 0x000001f559b6d390,
0x000001f559b6da20, 0x000001f559b6f460, 0x000001f559b6faf0, 0x000001f559b6c670,
0x000001f559b70180, 0x000001f559b70ea0, 0x000001f559b71530, 0x000001f559b71bc0,
0x000001f559b70810, 0x000001f559b72250, 0x000001f559b728e0, 0x000001f559c51320,
0x000001f559c52d60, 0x000001f559c519b0, 0x000001f559c52040, 0x000001f559c533f0,
0x000001f559c526d0, 0x000001f559c4ff70, 0x000001f559c50c90, 0x000001f559c53a80,
0x000001f559c50600, 0x000001f559c57590, 0x000001f559c54e30, 0x000001f559c55b50,
0x000001f559c54110, 0x000001f559c547a0, 0x000001f559c561e0, 0x000001f559c56870,
0x000001f559c554c0, 0x000001f55ad4c6b0, 0x000001f55ad4a5e0, 0x000001f55ad4d3d0,
0x000001f55ad4cd40, 0x000001f55ad4b300, 0x000001f55ad49f50, 0x000001f55ad4b990,
0x000001f55ad4c020, 0x000001f557b41090, 0x000001f557b43160, 0x000001f557b42440,
0x000001f557b41db0, 0x000001f557b42ad0, 0x000001f557b437f0, 0x000001f557b43e80,
0x000001f557b44510, 0x000001f557b41720, 0x000001f557156ab0, 0x000001f5571584f0,
0x000001f557157e60, 0x000001f5571577d0, 0x000001f557156420, 0x000001f55715b2e0,
0x000001f557c239d0, 0x000001f558a4fb10, 0x000001f557c26130, 0x000001f55c8581b0,
0x000001f55c857490, 0x000001f55c8560e0, 0x000001f55c857b20, 0x000001f55c859bf0,
0x000001f55c85a280, 0x000001f55c856e00, 0x000001f55c85d700, 0x000001f55c85afa0,
0x000001f55c85b630, 0x000001f55c85c350, 0x000001f55c85bcc0, 0x000001f55c85a910,
0x000001f55c85c9e0, 0x000001f55c85d070, 0x000001f557c21900, 0x000001f557c26e50,
0x000001f55715a5c0, 0x000001f55715b970, 0x000001f57b55b400, 0x000001f55c741470,
0x000001f55c742190, 0x000001f561690d30, 0x000001f56168d8b0, 0x000001f5616913c0,
0x000001f56168df40, 0x000001f5616941b0, 0x000001f561691a50, 0x000001f561692e00,
0x000001f5616920e0, 0x000001f561693490, 0x000001f561693b20, 0x000001f561692770,
0x000001f561820dc0, 0x000001f561822170, 0x000001f561822800, 0x000001f561821450,
0x000001f56181f380, 0x000001f561821ae0, 0x000001f561822e90, 0x000001f56181fa10,
0x000001f5618200a0, 0x000001f561823bb0, 0x000001f561820730, 0x000001f5618248d0,
0x000001f5618255f0, 0x000001f561824f60, 0x000001f561825c80, 0x000001f561826310,
0x000001f5618269a0, 0x000001f561827030, 0x000001f561824240, 0x000001f5618283e0,
0x000001f561829e20, 0x000001f561827d50, 0x000001f5618276c0, 0x000001f56182ab40,
0x000001f56182a4b0, 0x000001f56182b1d0, 0x000001f56182bef0, 0x000001f561829790,
0x000001f56182b860, 0x000001f561828a70, 0x000001f56182c580, 0x000001f561829100,
0x000001f56182cc10, 0x000001f56182d2a0, 0x000001f56182d930, 0x000001f56182dfc0,
0x000001f56182e650, 0x000001f55c742820, 0x000001f55c740de0, 0x000001f55c742eb0,
0x000001f55c743540, 0x000001f55c7400c0, 0x000001f55c740750, 0x000001f56168cb90,
0x000001f56168f2f0, 0x000001f56168e5d0, 0x000001f561690010, 0x000001f56146a010,
0x000001f5614685d0, 0x000001f56146ad30, 0x000001f56146ba50, 0x000001f56146b3c0,
0x000001f5614692f0, 0x000001f561469980, 0x000001f56146c0e0, 0x000001f561468c60,
0x000001f56146c770, 0x000001f56146a6a0, 0x000001f56146f560, 0x000001f56146e840,
0x000001f56146eed0, 0x000001f56146fbf0, 0x000001f561470280, 0x000001f56146ce00,
0x000001f56146e1b0, 0x000001f56146d490, 0x000001f561471cc0, 0x000001f561473070,
0x000001f561472350, 0x000001f561470910, 0x000001f561473d90, 0x000001f561473700,
0x000001f561474420, 0x000001f5614729e0, 0x000001f561470fa0, 0x000001f561474ab0,
0x000001f561471630, 0x000001f561476b80, 0x000001f561475140, 0x000001f5614757d0,
0x000001f561477210, 0x000001f561475e60, 0x000001f5614764f0, 0x000001f5614778a0,
0x000001f56168ec60, 0x000001f55c741b00, 0x000001f5616e8080, 0x000001f5616e57a0,
0x000001f561604290, 0x000001f561602ee0, 0x000001f561601b30, 0x000001f561600e10,
0x000001f561604920, 0x000001f5616021c0, 0x000001f561603570, 0x000001f561602850,
0x000001f561603c00, 0x000001f5616014a0, 0x000001f5616069f0, 0x000001f561604fb0,
0x000001f561608ac0, 0x000001f561605640, 0x000001f561608430, 0x000001f561607080,
0x000001f561606360, 0x000001f561607710, 0x000001f561607da0, 0x000001f561609150,
0x000001f561605cd0, 0x000001f56160a500, 0x000001f56160ab90, 0x000001f56160c5d0,
0x000001f56160b8b0, 0x000001f56160bf40, 0x000001f56160b220, 0x000001f56160cc60,
0x000001f5616097e0, 0x000001f56160d2f0, 0x000001f561609e70, 0x000001f56160ed30,
0x000001f56160d980, 0x000001f56160f3c0, 0x000001f56160fa50, 0x000001f56160e010,
0x000001f5616100e0, 0x000001f56160e6a0, 0x000001f562fde460, 0x000001f5616e4a00,
0x000001f5616e50d0
}

Java Threads: ( => current thread )
  0x000001f56e401ee0 JavaThread "main"                              [_thread_blocked, id=16472, stack(0x000000ba95700000,0x000000ba95800000) (1024K)]
  0x000001f57b27efd0 JavaThread "Reference Handler"          daemon [_thread_blocked, id=11580, stack(0x000000ba95f00000,0x000000ba96000000) (1024K)]
  0x000001f57b27fc30 JavaThread "Finalizer"                  daemon [_thread_blocked, id=27292, stack(0x000000ba96000000,0x000000ba96100000) (1024K)]
  0x000001f57b285350 JavaThread "Signal Dispatcher"          daemon [_thread_blocked, id=25852, stack(0x000000ba96100000,0x000000ba96200000) (1024K)]
  0x000001f57b285ee0 JavaThread "Attach Listener"            daemon [_thread_blocked, id=8960, stack(0x000000ba96200000,0x000000ba96300000) (1024K)]
  0x000001f57b286e80 JavaThread "Service Thread"             daemon [_thread_blocked, id=14956, stack(0x000000ba96300000,0x000000ba96400000) (1024K)]
  0x000001f57b28f8f0 JavaThread "Monitor Deflation Thread"   daemon [_thread_blocked, id=13704, stack(0x000000ba96400000,0x000000ba96500000) (1024K)]
=>0x000001f57b290680 JavaThread "C2 CompilerThread0"         daemon [_thread_in_native, id=18096, stack(0x000000ba96500000,0x000000ba96600000) (1024K)]
  0x000001f57b2b64b0 JavaThread "C1 CompilerThread0"         daemon [_thread_blocked, id=25060, stack(0x000000ba96600000,0x000000ba96700000) (1024K)]
  0x000001f57b55e1f0 JavaThread "Common-Cleaner"             daemon [_thread_blocked, id=15780, stack(0x000000ba96900000,0x000000ba96a00000) (1024K)]
  0x000001f57b55ad70 JavaThread "Notification Thread"        daemon [_thread_blocked, id=8900, stack(0x000000ba96a00000,0x000000ba96b00000) (1024K)]
  0x000001f555132060 JavaThread "C2 CompilerThread1"         daemon [_thread_blocked, id=508, stack(0x000000ba96700000,0x000000ba96800000) (1024K)]
  0x000001f55503dc50 JavaThread "C1 CompilerThread1"         daemon [_thread_blocked, id=13020, stack(0x000000ba96800000,0x000000ba96900000) (1024K)]
  0x000001f555516c10 JavaThread "C1 CompilerThread2"         daemon [_thread_blocked, id=19372, stack(0x000000ba97300000,0x000000ba97400000) (1024K)]
  0x000001f5551b91a0 JavaThread "C1 CompilerThread3"         daemon [_thread_blocked, id=27420, stack(0x000000ba97400000,0x000000ba97500000) (1024K)]
  0x000001f57b55d4d0 JavaThread "Daemon health stats"               [_thread_blocked, id=26584, stack(0x000000ba97500000,0x000000ba97600000) (1024K)]
  0x000001f57b55c120 JavaThread "Incoming local TCP Connector on port 63944"        [_thread_in_native, id=30228, stack(0x000000ba97600000,0x000000ba97700000) (1024K)]
  0x000001f57b55ba90 JavaThread "Daemon periodic checks"            [_thread_blocked, id=31720, stack(0x000000ba97800000,0x000000ba97900000) (1024K)]
  0x000001f57b55db60 JavaThread "Daemon"                            [_thread_blocked, id=29436, stack(0x000000ba97900000,0x000000ba97a00000) (1024K)]
  0x000001f57b55ce40 JavaThread "Handler for socket connection from /127.0.0.1:63944 to /127.0.0.1:63945"        [_thread_in_native, id=28604, stack(0x000000ba97a00000,0x000000ba97b00000) (1024K)]
  0x000001f555183a80 JavaThread "Cancel handler"                    [_thread_blocked, id=19256, stack(0x000000ba97b00000,0x000000ba97c00000) (1024K)]
  0x000001f5551861e0 JavaThread "Daemon worker"                     [_thread_blocked, id=29196, stack(0x000000ba97c00000,0x000000ba97d00000) (1024K)]
  0x000001f5551854c0 JavaThread "Asynchronous log dispatcher for DefaultDaemonConnection: socket connection from /127.0.0.1:63944 to /127.0.0.1:63945"        [_thread_blocked, id=17696, stack(0x000000ba97d00000,0x000000ba97e00000) (1024K)]
  0x000001f5551833f0 JavaThread "Stdin handler"                     [_thread_blocked, id=16640, stack(0x000000ba97e00000,0x000000ba97f00000) (1024K)]
  0x000001f555185b50 JavaThread "Daemon client event forwarder"        [_thread_blocked, id=26124, stack(0x000000ba97f00000,0x000000ba98000000) (1024K)]
  0x000001f555184e30 JavaThread "Cache worker for journal cache (C:\Users\araba\.gradle\caches\journal-1)"        [_thread_blocked, id=25904, stack(0x000000ba98000000,0x000000ba98100000) (1024K)]
  0x000001f555184110 JavaThread "File lock request listener"        [_thread_in_native, id=20376, stack(0x000000ba98100000,0x000000ba98200000) (1024K)]
  0x000001f555182d60 JavaThread "Cache worker for file hash cache (C:\Users\araba\.gradle\caches\8.10.2\fileHashes)"        [_thread_blocked, id=29908, stack(0x000000ba98200000,0x000000ba98300000) (1024K)]
  0x000001f558522040 JavaThread "Cache worker for file hash cache (D:\IQOO Hackathon\DevLens_New_Version\.gradle\8.10.2\fileHashes)"        [_thread_blocked, id=29920, stack(0x000000ba98d00000,0x000000ba98e00000) (1024K)]
  0x000001f558521320 JavaThread "Cache worker for Build Output Cleanup Cache (D:\IQOO Hackathon\DevLens_New_Version\.gradle\buildOutputCleanup)"        [_thread_blocked, id=28664, stack(0x000000ba98e00000,0x000000ba98f00000) (1024K)]
  0x000001f558520600 JavaThread "File watcher server"        daemon [_thread_in_native, id=29932, stack(0x000000ba98f00000,0x000000ba99000000) (1024K)]
  0x000001f558524110 JavaThread "File watcher consumer"      daemon [_thread_blocked, id=26964, stack(0x000000ba99000000,0x000000ba99100000) (1024K)]
  0x000001f5585226d0 JavaThread "Cache worker for checksums cache (D:\IQOO Hackathon\DevLens_New_Version\.gradle\8.10.2\checksums)"        [_thread_blocked, id=6432, stack(0x000000ba99100000,0x000000ba99200000) (1024K)]
  0x000001f5585219b0 JavaThread "Cache worker for file content cache (C:\Users\araba\.gradle\caches\8.10.2\fileContent)"        [_thread_blocked, id=11804, stack(0x000000ba99200000,0x000000ba99300000) (1024K)]
  0x000001f558522d60 JavaThread "Cache worker for cache directory md-rule (C:\Users\araba\.gradle\caches\8.10.2\md-rule)"        [_thread_blocked, id=30892, stack(0x000000ba99300000,0x000000ba99400000) (1024K)]
  0x000001f5585233f0 JavaThread "Cache worker for cache directory md-supplier (C:\Users\araba\.gradle\caches\8.10.2\md-supplier)"        [_thread_blocked, id=23028, stack(0x000000ba99400000,0x000000ba99500000) (1024K)]
  0x000001f558520c90 JavaThread "jar transforms"                    [_thread_blocked, id=29560, stack(0x000000ba99500000,0x000000ba99600000) (1024K)]
  0x000001f558527c20 JavaThread "jar transforms Thread 2"           [_thread_blocked, id=11632, stack(0x000000ba99600000,0x000000ba99700000) (1024K)]
  0x000001f558526870 JavaThread "jar transforms Thread 3"           [_thread_blocked, id=25516, stack(0x000000ba99700000,0x000000ba99800000) (1024K)]
  0x000001f558527590 JavaThread "Unconstrained build operations"        [_thread_blocked, id=19720, stack(0x000000ba99800000,0x000000ba99900000) (1024K)]
  0x000001f559b6e0b0 JavaThread "Unconstrained build operations Thread 2"        [_thread_blocked, id=28416, stack(0x000000ba99900000,0x000000ba99a00000) (1024K)]
  0x000001f559b6cd00 JavaThread "Unconstrained build operations Thread 3"        [_thread_blocked, id=10452, stack(0x000000ba99a00000,0x000000ba99b00000) (1024K)]
  0x000001f559b6e740 JavaThread "Unconstrained build operations Thread 4"        [_thread_blocked, id=2920, stack(0x000000ba99b00000,0x000000ba99c00000) (1024K)]
  0x000001f559b6bfe0 JavaThread "Unconstrained build operations Thread 5"        [_thread_blocked, id=11088, stack(0x000000ba99c00000,0x000000ba99d00000) (1024K)]
  0x000001f559b6b950 JavaThread "Unconstrained build operations Thread 6"        [_thread_blocked, id=17968, stack(0x000000ba99d00000,0x000000ba99e00000) (1024K)]
  0x000001f559b6b2c0 JavaThread "Unconstrained build operations Thread 7"        [_thread_blocked, id=6300, stack(0x000000ba99e00000,0x000000ba99f00000) (1024K)]
  0x000001f559b6edd0 JavaThread "Unconstrained build operations Thread 8"        [_thread_blocked, id=29004, stack(0x000000ba99f00000,0x000000ba9a000000) (1024K)]
  0x000001f559b6d390 JavaThread "Unconstrained build operations Thread 9"        [_thread_blocked, id=7760, stack(0x000000ba9a000000,0x000000ba9a100000) (1024K)]
  0x000001f559b6da20 JavaThread "Unconstrained build operations Thread 10"        [_thread_blocked, id=31400, stack(0x000000ba9a100000,0x000000ba9a200000) (1024K)]
  0x000001f559b6f460 JavaThread "Unconstrained build operations Thread 11"        [_thread_blocked, id=26148, stack(0x000000ba9a200000,0x000000ba9a300000) (1024K)]
  0x000001f559b6faf0 JavaThread "Unconstrained build operations Thread 12"        [_thread_blocked, id=31548, stack(0x000000ba9a300000,0x000000ba9a400000) (1024K)]
  0x000001f559b6c670 JavaThread "Unconstrained build operations Thread 13"        [_thread_blocked, id=6552, stack(0x000000ba9a400000,0x000000ba9a500000) (1024K)]
  0x000001f559b70180 JavaThread "Unconstrained build operations Thread 14"        [_thread_blocked, id=21424, stack(0x000000ba9a500000,0x000000ba9a600000) (1024K)]
  0x000001f559b70ea0 JavaThread "Unconstrained build operations Thread 15"        [_thread_blocked, id=31136, stack(0x000000ba9a600000,0x000000ba9a700000) (1024K)]
  0x000001f559b71530 JavaThread "Unconstrained build operations Thread 16"        [_thread_blocked, id=30260, stack(0x000000ba9a700000,0x000000ba9a800000) (1024K)]
  0x000001f559b71bc0 JavaThread "Unconstrained build operations Thread 17"        [_thread_blocked, id=25764, stack(0x000000ba9a800000,0x000000ba9a900000) (1024K)]
  0x000001f559b70810 JavaThread "Unconstrained build operations Thread 18"        [_thread_blocked, id=28208, stack(0x000000ba9a900000,0x000000ba9aa00000) (1024K)]
  0x000001f559b72250 JavaThread "Unconstrained build operations Thread 19"        [_thread_blocked, id=2832, stack(0x000000ba9aa00000,0x000000ba9ab00000) (1024K)]
  0x000001f559b728e0 JavaThread "Unconstrained build operations Thread 20"        [_thread_blocked, id=29820, stack(0x000000ba9ab00000,0x000000ba9ac00000) (1024K)]
  0x000001f559c51320 JavaThread "Unconstrained build operations Thread 21"        [_thread_blocked, id=31660, stack(0x000000ba9ac00000,0x000000ba9ad00000) (1024K)]
  0x000001f559c52d60 JavaThread "Unconstrained build operations Thread 22"        [_thread_blocked, id=30576, stack(0x000000ba9ad00000,0x000000ba9ae00000) (1024K)]
  0x000001f559c519b0 JavaThread "Unconstrained build operations Thread 23"        [_thread_blocked, id=27204, stack(0x000000ba9ae00000,0x000000ba9af00000) (1024K)]
  0x000001f559c52040 JavaThread "Unconstrained build operations Thread 24"        [_thread_blocked, id=8808, stack(0x000000ba9af00000,0x000000ba9b000000) (1024K)]
  0x000001f559c533f0 JavaThread "Unconstrained build operations Thread 25"        [_thread_blocked, id=28280, stack(0x000000ba9b000000,0x000000ba9b100000) (1024K)]
  0x000001f559c526d0 JavaThread "Unconstrained build operations Thread 26"        [_thread_blocked, id=20380, stack(0x000000ba9b100000,0x000000ba9b200000) (1024K)]
  0x000001f559c4ff70 JavaThread "Unconstrained build operations Thread 27"        [_thread_blocked, id=14984, stack(0x000000ba9b200000,0x000000ba9b300000) (1024K)]
  0x000001f559c50c90 JavaThread "Unconstrained build operations Thread 28"        [_thread_blocked, id=12348, stack(0x000000ba9b300000,0x000000ba9b400000) (1024K)]
  0x000001f559c53a80 JavaThread "Unconstrained build operations Thread 29"        [_thread_blocked, id=12344, stack(0x000000ba9b400000,0x000000ba9b500000) (1024K)]
  0x000001f559c50600 JavaThread "Unconstrained build operations Thread 30"        [_thread_blocked, id=15940, stack(0x000000ba9b500000,0x000000ba9b600000) (1024K)]
  0x000001f559c57590 JavaThread "Unconstrained build operations Thread 31"        [_thread_blocked, id=31272, stack(0x000000ba9b600000,0x000000ba9b700000) (1024K)]
  0x000001f559c54e30 JavaThread "Unconstrained build operations Thread 32"        [_thread_blocked, id=27184, stack(0x000000ba9b700000,0x000000ba9b800000) (1024K)]
  0x000001f559c55b50 JavaThread "Unconstrained build operations Thread 33"        [_thread_blocked, id=15524, stack(0x000000ba9b800000,0x000000ba9b900000) (1024K)]
  0x000001f559c54110 JavaThread "Unconstrained build operations Thread 34"        [_thread_blocked, id=22592, stack(0x000000ba9b900000,0x000000ba9ba00000) (1024K)]
  0x000001f559c547a0 JavaThread "Unconstrained build operations Thread 35"        [_thread_blocked, id=29940, stack(0x000000ba9ba00000,0x000000ba9bb00000) (1024K)]
  0x000001f559c561e0 JavaThread "Unconstrained build operations Thread 36"        [_thread_blocked, id=30800, stack(0x000000ba9bb00000,0x000000ba9bc00000) (1024K)]
  0x000001f559c56870 JavaThread "Unconstrained build operations Thread 37"        [_thread_blocked, id=26884, stack(0x000000ba9bc00000,0x000000ba9bd00000) (1024K)]
  0x000001f559c554c0 JavaThread "Unconstrained build operations Thread 38"        [_thread_blocked, id=30140, stack(0x000000ba9bd00000,0x000000ba9be00000) (1024K)]
  0x000001f55ad4c6b0 JavaThread "Unconstrained build operations Thread 39"        [_thread_blocked, id=21276, stack(0x000000ba9be00000,0x000000ba9bf00000) (1024K)]
  0x000001f55ad4a5e0 JavaThread "Unconstrained build operations Thread 40"        [_thread_blocked, id=30636, stack(0x000000ba9bf00000,0x000000ba9c000000) (1024K)]
  0x000001f55ad4d3d0 JavaThread "Unconstrained build operations Thread 41"        [_thread_blocked, id=22300, stack(0x000000ba9c000000,0x000000ba9c100000) (1024K)]
  0x000001f55ad4cd40 JavaThread "Unconstrained build operations Thread 42"        [_thread_blocked, id=8468, stack(0x000000ba9c100000,0x000000ba9c200000) (1024K)]
  0x000001f55ad4b300 JavaThread "Unconstrained build operations Thread 43"        [_thread_blocked, id=31256, stack(0x000000ba9c200000,0x000000ba9c300000) (1024K)]
  0x000001f55ad49f50 JavaThread "Unconstrained build operations Thread 44"        [_thread_blocked, id=17976, stack(0x000000ba9c300000,0x000000ba9c400000) (1024K)]
  0x000001f55ad4b990 JavaThread "Unconstrained build operations Thread 45"        [_thread_blocked, id=29692, stack(0x000000ba9c400000,0x000000ba9c500000) (1024K)]
  0x000001f55ad4c020 JavaThread "Unconstrained build operations Thread 46"        [_thread_blocked, id=26108, stack(0x000000ba9c500000,0x000000ba9c600000) (1024K)]
  0x000001f557b41090 JavaThread "Unconstrained build operations Thread 47"        [_thread_blocked, id=14304, stack(0x000000ba9c600000,0x000000ba9c700000) (1024K)]
  0x000001f557b43160 JavaThread "Unconstrained build operations Thread 48"        [_thread_blocked, id=27704, stack(0x000000ba9c700000,0x000000ba9c800000) (1024K)]
  0x000001f557b42440 JavaThread "Unconstrained build operations Thread 49"        [_thread_blocked, id=25276, stack(0x000000ba9c800000,0x000000ba9c900000) (1024K)]
  0x000001f557b41db0 JavaThread "Unconstrained build operations Thread 50"        [_thread_blocked, id=20808, stack(0x000000ba9c900000,0x000000ba9ca00000) (1024K)]
  0x000001f557b42ad0 JavaThread "Unconstrained build operations Thread 51"        [_thread_blocked, id=7900, stack(0x000000ba9ca00000,0x000000ba9cb00000) (1024K)]
  0x000001f557b437f0 JavaThread "Unconstrained build operations Thread 52"        [_thread_blocked, id=29868, stack(0x000000ba9cb00000,0x000000ba9cc00000) (1024K)]
  0x000001f557b43e80 JavaThread "Unconstrained build operations Thread 53"        [_thread_blocked, id=22092, stack(0x000000ba9cc00000,0x000000ba9cd00000) (1024K)]
  0x000001f557b44510 JavaThread "Unconstrained build operations Thread 54"        [_thread_blocked, id=31716, stack(0x000000ba9cd00000,0x000000ba9ce00000) (1024K)]
  0x000001f557b41720 JavaThread "Unconstrained build operations Thread 55"        [_thread_blocked, id=30884, stack(0x000000ba9ce00000,0x000000ba9cf00000) (1024K)]
  0x000001f557156ab0 JavaThread "Unconstrained build operations Thread 56"        [_thread_blocked, id=24984, stack(0x000000ba9cf00000,0x000000ba9d000000) (1024K)]
  0x000001f5571584f0 JavaThread "Unconstrained build operations Thread 57"        [_thread_blocked, id=8988, stack(0x000000ba9d000000,0x000000ba9d100000) (1024K)]
  0x000001f557157e60 JavaThread "jar transforms Thread 4"           [_thread_blocked, id=22888, stack(0x000000ba9d500000,0x000000ba9d600000) (1024K)]
  0x000001f5571577d0 JavaThread "jar transforms Thread 5"           [_thread_blocked, id=27576, stack(0x000000ba9d600000,0x000000ba9d700000) (1024K)]
  0x000001f557156420 JavaThread "Memory manager"                    [_thread_blocked, id=20428, stack(0x000000ba9d200000,0x000000ba9d300000) (1024K)]
  0x000001f55715b2e0 JavaThread "build event listener"              [_thread_blocked, id=10456, stack(0x000000ba98300000,0x000000ba98400000) (1024K)]
  0x000001f557c239d0 JavaThread "jar transforms Thread 6"           [_thread_blocked, id=26776, stack(0x000000ba97700000,0x000000ba97800000) (1024K)]
  0x000001f558a4fb10 JavaThread "C2 CompilerThread2"         daemon [_thread_blocked, id=7956, stack(0x000000ba9d100000,0x000000ba9d200000) (1024K)]
  0x000001f557c26130 JavaThread "jar transforms Thread 7"           [_thread_blocked, id=30876, stack(0x000000ba9d400000,0x000000ba9d500000) (1024K)]
  0x000001f55c8581b0 JavaThread "jar transforms Thread 8"           [_thread_blocked, id=24108, stack(0x000000ba9d700000,0x000000ba9d800000) (1024K)]
  0x000001f55c857490 JavaThread "included builds"                   [_thread_blocked, id=30700, stack(0x000000ba9d300000,0x000000ba9d400000) (1024K)]
  0x000001f55c8560e0 JavaThread "Execution worker"                  [_thread_blocked, id=30304, stack(0x000000ba9d800000,0x000000ba9d900000) (1024K)]
  0x000001f55c857b20 JavaThread "Execution worker Thread 2"         [_thread_blocked, id=17152, stack(0x000000ba9d900000,0x000000ba9da00000) (1024K)]
  0x000001f55c859bf0 JavaThread "Execution worker Thread 3"         [_thread_blocked, id=18968, stack(0x000000ba9da00000,0x000000ba9db00000) (1024K)]
  0x000001f55c85a280 JavaThread "Execution worker Thread 4"         [_thread_blocked, id=24132, stack(0x000000ba9db00000,0x000000ba9dc00000) (1024K)]
  0x000001f55c856e00 JavaThread "Execution worker Thread 5"         [_thread_blocked, id=30952, stack(0x000000ba9dc00000,0x000000ba9dd00000) (1024K)]
  0x000001f55c85d700 JavaThread "Execution worker Thread 6"         [_thread_blocked, id=18336, stack(0x000000ba9dd00000,0x000000ba9de00000) (1024K)]
  0x000001f55c85afa0 JavaThread "Execution worker Thread 7"         [_thread_blocked, id=25728, stack(0x000000ba9de00000,0x000000ba9df00000) (1024K)]
  0x000001f55c85b630 JavaThread "Execution worker Thread 8"         [_thread_blocked, id=28692, stack(0x000000ba9df00000,0x000000ba9e000000) (1024K)]
  0x000001f55c85c350 JavaThread "Execution worker Thread 9"         [_thread_blocked, id=24812, stack(0x000000ba9e000000,0x000000ba9e100000) (1024K)]
  0x000001f55c85bcc0 JavaThread "Execution worker Thread 10"        [_thread_blocked, id=28196, stack(0x000000ba9e100000,0x000000ba9e200000) (1024K)]
  0x000001f55c85a910 JavaThread "Execution worker Thread 11"        [_thread_blocked, id=21548, stack(0x000000ba9e200000,0x000000ba9e300000) (1024K)]
  0x000001f55c85c9e0 JavaThread "Execution worker Thread 12"        [_thread_blocked, id=23248, stack(0x000000ba9e300000,0x000000ba9e400000) (1024K)]
  0x000001f55c85d070 JavaThread "Execution worker Thread 13"        [_thread_blocked, id=16988, stack(0x000000ba9e400000,0x000000ba9e500000) (1024K)]
  0x000001f557c21900 JavaThread "Execution worker Thread 14"        [_thread_blocked, id=31288, stack(0x000000ba9e500000,0x000000ba9e600000) (1024K)]
  0x000001f557c26e50 JavaThread "Execution worker Thread 15"        [_thread_blocked, id=30784, stack(0x000000ba9e600000,0x000000ba9e700000) (1024K)]
  0x000001f55715a5c0 JavaThread "Execution worker Thread 16"        [_thread_blocked, id=19204, stack(0x000000ba9e700000,0x000000ba9e800000) (1024K)]
  0x000001f55715b970 JavaThread "Execution worker Thread 17"        [_thread_blocked, id=17360, stack(0x000000ba9e800000,0x000000ba9e900000) (1024K)]
  0x000001f57b55b400 JavaThread "Execution worker Thread 18"        [_thread_in_native, id=7604, stack(0x000000ba9e900000,0x000000ba9ea00000) (1024K)]
  0x000001f55c741470 JavaThread "Execution worker Thread 19"        [_thread_blocked, id=24256, stack(0x000000ba9ea00000,0x000000ba9eb00000) (1024K)]
  0x000001f55c742190 JavaThread "Cache worker for execution history cache (D:\IQOO Hackathon\DevLens_New_Version\.gradle\8.10.2\executionHistory)"        [_thread_blocked, id=22796, stack(0x000000ba9eb00000,0x000000ba9ec00000) (1024K)]
  0x000001f561690d30 JavaThread "Unconstrained build operations Thread 58"        [_thread_blocked, id=25296, stack(0x000000ba9ec00000,0x000000ba9ed00000) (1024K)]
  0x000001f56168d8b0 JavaThread "Unconstrained build operations Thread 59"        [_thread_blocked, id=5020, stack(0x000000ba9ed00000,0x000000ba9ee00000) (1024K)]
  0x000001f5616913c0 JavaThread "Unconstrained build operations Thread 60"        [_thread_blocked, id=20416, stack(0x000000ba9ee00000,0x000000ba9ef00000) (1024K)]
  0x000001f56168df40 JavaThread "Unconstrained build operations Thread 61"        [_thread_blocked, id=14660, stack(0x000000ba9ef00000,0x000000ba9f000000) (1024K)]
  0x000001f5616941b0 JavaThread "Unconstrained build operations Thread 62"        [_thread_blocked, id=30292, stack(0x000000ba9f000000,0x000000ba9f100000) (1024K)]
  0x000001f561691a50 JavaThread "Unconstrained build operations Thread 63"        [_thread_blocked, id=28288, stack(0x000000ba9f100000,0x000000ba9f200000) (1024K)]
  0x000001f561692e00 JavaThread "Unconstrained build operations Thread 64"        [_thread_blocked, id=18056, stack(0x000000ba9f200000,0x000000ba9f300000) (1024K)]
  0x000001f5616920e0 JavaThread "Unconstrained build operations Thread 65"        [_thread_blocked, id=23660, stack(0x000000ba9f300000,0x000000ba9f400000) (1024K)]
  0x000001f561693490 JavaThread "Unconstrained build operations Thread 66"        [_thread_blocked, id=12312, stack(0x000000ba9f400000,0x000000ba9f500000) (1024K)]
  0x000001f561693b20 JavaThread "Unconstrained build operations Thread 67"        [_thread_blocked, id=29784, stack(0x000000ba9f500000,0x000000ba9f600000) (1024K)]
  0x000001f561692770 JavaThread "Unconstrained build operations Thread 68"        [_thread_blocked, id=22520, stack(0x000000ba9f600000,0x000000ba9f700000) (1024K)]
  0x000001f561820dc0 JavaThread "Unconstrained build operations Thread 69"        [_thread_blocked, id=26708, stack(0x000000ba9f700000,0x000000ba9f800000) (1024K)]
  0x000001f561822170 JavaThread "Unconstrained build operations Thread 70"        [_thread_blocked, id=25872, stack(0x000000ba9f800000,0x000000ba9f900000) (1024K)]
  0x000001f561822800 JavaThread "Unconstrained build operations Thread 71"        [_thread_blocked, id=26796, stack(0x000000ba9f900000,0x000000ba9fa00000) (1024K)]
  0x000001f561821450 JavaThread "Unconstrained build operations Thread 72"        [_thread_blocked, id=26480, stack(0x000000ba9fa00000,0x000000ba9fb00000) (1024K)]
  0x000001f56181f380 JavaThread "Unconstrained build operations Thread 73"        [_thread_blocked, id=27224, stack(0x000000ba9fb00000,0x000000ba9fc00000) (1024K)]
  0x000001f561821ae0 JavaThread "Unconstrained build operations Thread 74"        [_thread_blocked, id=3600, stack(0x000000ba9fc00000,0x000000ba9fd00000) (1024K)]
  0x000001f561822e90 JavaThread "Unconstrained build operations Thread 75"        [_thread_blocked, id=25620, stack(0x000000ba9fd00000,0x000000ba9fe00000) (1024K)]
  0x000001f56181fa10 JavaThread "Unconstrained build operations Thread 76"        [_thread_blocked, id=23900, stack(0x000000ba9fe00000,0x000000ba9ff00000) (1024K)]
  0x000001f5618200a0 JavaThread "Unconstrained build operations Thread 77"        [_thread_blocked, id=17656, stack(0x000000ba9ff00000,0x000000baa0000000) (1024K)]
  0x000001f561823bb0 JavaThread "Unconstrained build operations Thread 78"        [_thread_blocked, id=24348, stack(0x000000baa0000000,0x000000baa0100000) (1024K)]
  0x000001f561820730 JavaThread "Unconstrained build operations Thread 79"        [_thread_blocked, id=16632, stack(0x000000baa0100000,0x000000baa0200000) (1024K)]
  0x000001f5618248d0 JavaThread "Unconstrained build operations Thread 80"        [_thread_blocked, id=30464, stack(0x000000baa0200000,0x000000baa0300000) (1024K)]
  0x000001f5618255f0 JavaThread "Unconstrained build operations Thread 81"        [_thread_blocked, id=17312, stack(0x000000baa0300000,0x000000baa0400000) (1024K)]
  0x000001f561824f60 JavaThread "Unconstrained build operations Thread 82"        [_thread_blocked, id=20980, stack(0x000000baa0400000,0x000000baa0500000) (1024K)]
  0x000001f561825c80 JavaThread "Unconstrained build operations Thread 83"        [_thread_blocked, id=31268, stack(0x000000baa0500000,0x000000baa0600000) (1024K)]
  0x000001f561826310 JavaThread "Unconstrained build operations Thread 84"        [_thread_blocked, id=31000, stack(0x000000baa0600000,0x000000baa0700000) (1024K)]
  0x000001f5618269a0 JavaThread "Unconstrained build operations Thread 85"        [_thread_blocked, id=30848, stack(0x000000baa0700000,0x000000baa0800000) (1024K)]
  0x000001f561827030 JavaThread "Unconstrained build operations Thread 86"        [_thread_blocked, id=27980, stack(0x000000baa0800000,0x000000baa0900000) (1024K)]
  0x000001f561824240 JavaThread "Unconstrained build operations Thread 87"        [_thread_blocked, id=30540, stack(0x000000baa0900000,0x000000baa0a00000) (1024K)]
  0x000001f5618283e0 JavaThread "Unconstrained build operations Thread 88"        [_thread_blocked, id=4604, stack(0x000000baa0a00000,0x000000baa0b00000) (1024K)]
  0x000001f561829e20 JavaThread "Unconstrained build operations Thread 89"        [_thread_blocked, id=13912, stack(0x000000baa0b00000,0x000000baa0c00000) (1024K)]
  0x000001f561827d50 JavaThread "Unconstrained build operations Thread 90"        [_thread_blocked, id=27596, stack(0x000000baa0c00000,0x000000baa0d00000) (1024K)]
  0x000001f5618276c0 JavaThread "Unconstrained build operations Thread 91"        [_thread_blocked, id=20664, stack(0x000000baa0d00000,0x000000baa0e00000) (1024K)]
  0x000001f56182ab40 JavaThread "Unconstrained build operations Thread 92"        [_thread_blocked, id=29704, stack(0x000000baa0e00000,0x000000baa0f00000) (1024K)]
  0x000001f56182a4b0 JavaThread "Unconstrained build operations Thread 93"        [_thread_blocked, id=4452, stack(0x000000baa0f00000,0x000000baa1000000) (1024K)]
  0x000001f56182b1d0 JavaThread "Unconstrained build operations Thread 94"        [_thread_blocked, id=14716, stack(0x000000baa1000000,0x000000baa1100000) (1024K)]
  0x000001f56182bef0 JavaThread "Unconstrained build operations Thread 95"        [_thread_blocked, id=25664, stack(0x000000baa1100000,0x000000baa1200000) (1024K)]
  0x000001f561829790 JavaThread "Unconstrained build operations Thread 96"        [_thread_blocked, id=29980, stack(0x000000baa1200000,0x000000baa1300000) (1024K)]
  0x000001f56182b860 JavaThread "Unconstrained build operations Thread 97"        [_thread_blocked, id=28272, stack(0x000000baa1300000,0x000000baa1400000) (1024K)]
  0x000001f561828a70 JavaThread "Unconstrained build operations Thread 98"        [_thread_blocked, id=14824, stack(0x000000baa1400000,0x000000baa1500000) (1024K)]
  0x000001f56182c580 JavaThread "Unconstrained build operations Thread 99"        [_thread_blocked, id=26100, stack(0x000000baa1500000,0x000000baa1600000) (1024K)]
  0x000001f561829100 JavaThread "Unconstrained build operations Thread 100"        [_thread_blocked, id=29956, stack(0x000000baa1600000,0x000000baa1700000) (1024K)]
  0x000001f56182cc10 JavaThread "Unconstrained build operations Thread 101"        [_thread_blocked, id=26688, stack(0x000000baa1700000,0x000000baa1800000) (1024K)]
  0x000001f56182d2a0 JavaThread "Unconstrained build operations Thread 102"        [_thread_blocked, id=21876, stack(0x000000baa1800000,0x000000baa1900000) (1024K)]
  0x000001f56182d930 JavaThread "Unconstrained build operations Thread 103"        [_thread_blocked, id=21884, stack(0x000000baa1900000,0x000000baa1a00000) (1024K)]
  0x000001f56182dfc0 JavaThread "Unconstrained build operations Thread 104"        [_thread_blocked, id=29312, stack(0x000000baa1a00000,0x000000baa1b00000) (1024K)]
  0x000001f56182e650 JavaThread "Unconstrained build operations Thread 105"        [_thread_blocked, id=29944, stack(0x000000baa1b00000,0x000000baa1c00000) (1024K)]
  0x000001f55c742820 JavaThread "Unconstrained build operations Thread 106"        [_thread_blocked, id=30704, stack(0x000000baa1c00000,0x000000baa1d00000) (1024K)]
  0x000001f55c740de0 JavaThread "Unconstrained build operations Thread 107"        [_thread_blocked, id=12248, stack(0x000000baa1d00000,0x000000baa1e00000) (1024K)]
  0x000001f55c742eb0 JavaThread "Unconstrained build operations Thread 108"        [_thread_blocked, id=18368, stack(0x000000baa1e00000,0x000000baa1f00000) (1024K)]
  0x000001f55c743540 JavaThread "Unconstrained build operations Thread 109"        [_thread_blocked, id=19608, stack(0x000000baa1f00000,0x000000baa2000000) (1024K)]
  0x000001f55c7400c0 JavaThread "Unconstrained build operations Thread 110"        [_thread_blocked, id=30384, stack(0x000000baa2000000,0x000000baa2100000) (1024K)]
  0x000001f55c740750 JavaThread "Unconstrained build operations Thread 111"        [_thread_blocked, id=31096, stack(0x000000baa2100000,0x000000baa2200000) (1024K)]
  0x000001f56168cb90 JavaThread "Unconstrained build operations Thread 112"        [_thread_blocked, id=11700, stack(0x000000baa2200000,0x000000baa2300000) (1024K)]
  0x000001f56168f2f0 JavaThread "Unconstrained build operations Thread 113"        [_thread_blocked, id=24548, stack(0x000000baa2300000,0x000000baa2400000) (1024K)]
  0x000001f56168e5d0 JavaThread "Unconstrained build operations Thread 114"        [_thread_blocked, id=28152, stack(0x000000baa2400000,0x000000baa2500000) (1024K)]
  0x000001f561690010 JavaThread "Unconstrained build operations Thread 115"        [_thread_blocked, id=31688, stack(0x000000baa2500000,0x000000baa2600000) (1024K)]
  0x000001f56146a010 JavaThread "Unconstrained build operations Thread 116"        [_thread_blocked, id=26484, stack(0x000000baa2600000,0x000000baa2700000) (1024K)]
  0x000001f5614685d0 JavaThread "Unconstrained build operations Thread 117"        [_thread_blocked, id=28852, stack(0x000000baa2700000,0x000000baa2800000) (1024K)]
  0x000001f56146ad30 JavaThread "Unconstrained build operations Thread 118"        [_thread_blocked, id=31072, stack(0x000000baa2800000,0x000000baa2900000) (1024K)]
  0x000001f56146ba50 JavaThread "Unconstrained build operations Thread 119"        [_thread_blocked, id=29516, stack(0x000000baa2900000,0x000000baa2a00000) (1024K)]
  0x000001f56146b3c0 JavaThread "Unconstrained build operations Thread 120"        [_thread_blocked, id=19652, stack(0x000000baa2a00000,0x000000baa2b00000) (1024K)]
  0x000001f5614692f0 JavaThread "Unconstrained build operations Thread 121"        [_thread_blocked, id=8300, stack(0x000000baa2b00000,0x000000baa2c00000) (1024K)]
  0x000001f561469980 JavaThread "Unconstrained build operations Thread 122"        [_thread_blocked, id=16784, stack(0x000000baa2c00000,0x000000baa2d00000) (1024K)]
  0x000001f56146c0e0 JavaThread "Unconstrained build operations Thread 123"        [_thread_blocked, id=2668, stack(0x000000baa2d00000,0x000000baa2e00000) (1024K)]
  0x000001f561468c60 JavaThread "Unconstrained build operations Thread 124"        [_thread_blocked, id=21056, stack(0x000000baa2e00000,0x000000baa2f00000) (1024K)]
  0x000001f56146c770 JavaThread "Unconstrained build operations Thread 125"        [_thread_blocked, id=20064, stack(0x000000baa2f00000,0x000000baa3000000) (1024K)]
  0x000001f56146a6a0 JavaThread "Unconstrained build operations Thread 126"        [_thread_blocked, id=22932, stack(0x000000baa3000000,0x000000baa3100000) (1024K)]
  0x000001f56146f560 JavaThread "Unconstrained build operations Thread 127"        [_thread_blocked, id=24904, stack(0x000000baa3100000,0x000000baa3200000) (1024K)]
  0x000001f56146e840 JavaThread "Unconstrained build operations Thread 128"        [_thread_blocked, id=11976, stack(0x000000baa3200000,0x000000baa3300000) (1024K)]
  0x000001f56146eed0 JavaThread "Unconstrained build operations Thread 129"        [_thread_blocked, id=12280, stack(0x000000baa3300000,0x000000baa3400000) (1024K)]
  0x000001f56146fbf0 JavaThread "Unconstrained build operations Thread 130"        [_thread_blocked, id=17120, stack(0x000000baa3400000,0x000000baa3500000) (1024K)]
  0x000001f561470280 JavaThread "Unconstrained build operations Thread 131"        [_thread_blocked, id=23724, stack(0x000000baa3500000,0x000000baa3600000) (1024K)]
  0x000001f56146ce00 JavaThread "Unconstrained build operations Thread 132"        [_thread_blocked, id=31488, stack(0x000000baa3600000,0x000000baa3700000) (1024K)]
  0x000001f56146e1b0 JavaThread "Unconstrained build operations Thread 133"        [_thread_blocked, id=26128, stack(0x000000baa3700000,0x000000baa3800000) (1024K)]
  0x000001f56146d490 JavaThread "Unconstrained build operations Thread 134"        [_thread_blocked, id=16628, stack(0x000000baa3800000,0x000000baa3900000) (1024K)]
  0x000001f561471cc0 JavaThread "WorkerExecutor Queue"              [_thread_blocked, id=10728, stack(0x000000baa3900000,0x000000baa3a00000) (1024K)]
  0x000001f561473070 JavaThread "Unconstrained build operations Thread 135"        [_thread_blocked, id=25804, stack(0x000000baa3a00000,0x000000baa3b00000) (1024K)]
  0x000001f561472350 JavaThread "Unconstrained build operations Thread 136"        [_thread_blocked, id=28160, stack(0x000000baa3b00000,0x000000baa3c00000) (1024K)]
  0x000001f561470910 JavaThread "Unconstrained build operations Thread 137"        [_thread_blocked, id=31076, stack(0x000000baa3c00000,0x000000baa3d00000) (1024K)]
  0x000001f561473d90 JavaThread "Unconstrained build operations Thread 138"        [_thread_blocked, id=7152, stack(0x000000baa3d00000,0x000000baa3e00000) (1024K)]
  0x000001f561473700 JavaThread "Unconstrained build operations Thread 139"        [_thread_blocked, id=19564, stack(0x000000baa3e00000,0x000000baa3f00000) (1024K)]
  0x000001f561474420 JavaThread "Unconstrained build operations Thread 140"        [_thread_blocked, id=21536, stack(0x000000baa3f00000,0x000000baa4000000) (1024K)]
  0x000001f5614729e0 JavaThread "Unconstrained build operations Thread 141"        [_thread_blocked, id=24620, stack(0x000000baa4000000,0x000000baa4100000) (1024K)]
  0x000001f561470fa0 JavaThread "Unconstrained build operations Thread 142"        [_thread_blocked, id=25456, stack(0x000000baa4100000,0x000000baa4200000) (1024K)]
  0x000001f561474ab0 JavaThread "Unconstrained build operations Thread 143"        [_thread_blocked, id=24716, stack(0x000000baa4200000,0x000000baa4300000) (1024K)]
  0x000001f561471630 JavaThread "Unconstrained build operations Thread 144"        [_thread_blocked, id=18708, stack(0x000000baa4300000,0x000000baa4400000) (1024K)]
  0x000001f561476b80 JavaThread "Unconstrained build operations Thread 145"        [_thread_blocked, id=30728, stack(0x000000baa4400000,0x000000baa4500000) (1024K)]
  0x000001f561475140 JavaThread "Unconstrained build operations Thread 146"        [_thread_blocked, id=18000, stack(0x000000baa4500000,0x000000baa4600000) (1024K)]
  0x000001f5614757d0 JavaThread "Unconstrained build operations Thread 147"        [_thread_blocked, id=17100, stack(0x000000baa4600000,0x000000baa4700000) (1024K)]
  0x000001f561477210 JavaThread "Unconstrained build operations Thread 148"        [_thread_blocked, id=30088, stack(0x000000baa4700000,0x000000baa4800000) (1024K)]
  0x000001f561475e60 JavaThread "Unconstrained build operations Thread 149"        [_thread_blocked, id=12868, stack(0x000000baa4800000,0x000000baa4900000) (1024K)]
  0x000001f5614764f0 JavaThread "Unconstrained build operations Thread 150"        [_thread_blocked, id=8248, stack(0x000000baa4900000,0x000000baa4a00000) (1024K)]
  0x000001f5614778a0 JavaThread "Unconstrained build operations Thread 151"        [_thread_blocked, id=21348, stack(0x000000baa4a00000,0x000000baa4b00000) (1024K)]
  0x000001f56168ec60 JavaThread "Unconstrained build operations Thread 152"        [_thread_blocked, id=21080, stack(0x000000baa4b00000,0x000000baa4c00000) (1024K)]
  0x000001f55c741b00 JavaThread "Unconstrained build operations Thread 153"        [_thread_blocked, id=24960, stack(0x000000baa4c00000,0x000000baa4d00000) (1024K)]
  0x000001f5616e8080 JavaThread "C2 CompilerThread3"         daemon [_thread_blocked, id=20020, stack(0x000000baa4d00000,0x000000baa4e00000) (1024K)]
  0x000001f5616e57a0 JavaThread "C2 CompilerThread4"         daemon [_thread_blocked, id=24604, stack(0x000000baa4e00000,0x000000baa4f00000) (1024K)]
  0x000001f561604290 JavaThread "Unconstrained build operations Thread 154"        [_thread_blocked, id=31040, stack(0x000000baa4f00000,0x000000baa5000000) (1024K)]
  0x000001f561602ee0 JavaThread "Unconstrained build operations Thread 155"        [_thread_blocked, id=25584, stack(0x000000baa5000000,0x000000baa5100000) (1024K)]
  0x000001f561601b30 JavaThread "Unconstrained build operations Thread 156"        [_thread_blocked, id=2024, stack(0x000000baa5100000,0x000000baa5200000) (1024K)]
  0x000001f561600e10 JavaThread "Unconstrained build operations Thread 157"        [_thread_blocked, id=19280, stack(0x000000baa5200000,0x000000baa5300000) (1024K)]
  0x000001f561604920 JavaThread "Unconstrained build operations Thread 158"        [_thread_blocked, id=30020, stack(0x000000baa5300000,0x000000baa5400000) (1024K)]
  0x000001f5616021c0 JavaThread "Unconstrained build operations Thread 159"        [_thread_blocked, id=17616, stack(0x000000baa5600000,0x000000baa5700000) (1024K)]
  0x000001f561603570 JavaThread "Unconstrained build operations Thread 160"        [_thread_blocked, id=13036, stack(0x000000baa5700000,0x000000baa5800000) (1024K)]
  0x000001f561602850 JavaThread "Unconstrained build operations Thread 161"        [_thread_blocked, id=28756, stack(0x000000baa5800000,0x000000baa5900000) (1024K)]
  0x000001f561603c00 JavaThread "Unconstrained build operations Thread 162"        [_thread_blocked, id=6260, stack(0x000000baa5900000,0x000000baa5a00000) (1024K)]
  0x000001f5616014a0 JavaThread "Unconstrained build operations Thread 163"        [_thread_blocked, id=18084, stack(0x000000baa5a00000,0x000000baa5b00000) (1024K)]
  0x000001f5616069f0 JavaThread "Unconstrained build operations Thread 164"        [_thread_blocked, id=22480, stack(0x000000baa5b00000,0x000000baa5c00000) (1024K)]
  0x000001f561604fb0 JavaThread "Unconstrained build operations Thread 165"        [_thread_blocked, id=8172, stack(0x000000baa5c00000,0x000000baa5d00000) (1024K)]
  0x000001f561608ac0 JavaThread "Unconstrained build operations Thread 166"        [_thread_blocked, id=26728, stack(0x000000baa5d00000,0x000000baa5e00000) (1024K)]
  0x000001f561605640 JavaThread "Unconstrained build operations Thread 167"        [_thread_blocked, id=14540, stack(0x000000baa5e00000,0x000000baa5f00000) (1024K)]
  0x000001f561608430 JavaThread "Unconstrained build operations Thread 168"        [_thread_blocked, id=17476, stack(0x000000baa5f00000,0x000000baa6000000) (1024K)]
  0x000001f561607080 JavaThread "Unconstrained build operations Thread 169"        [_thread_blocked, id=24852, stack(0x000000baa6000000,0x000000baa6100000) (1024K)]
  0x000001f561606360 JavaThread "Unconstrained build operations Thread 170"        [_thread_blocked, id=30312, stack(0x000000baa6100000,0x000000baa6200000) (1024K)]
  0x000001f561607710 JavaThread "Unconstrained build operations Thread 171"        [_thread_blocked, id=26364, stack(0x000000baa6200000,0x000000baa6300000) (1024K)]
  0x000001f561607da0 JavaThread "Unconstrained build operations Thread 172"        [_thread_blocked, id=27160, stack(0x000000baa6300000,0x000000baa6400000) (1024K)]
  0x000001f561609150 JavaThread "WorkerExecutor Queue Thread 2"        [_thread_blocked, id=7984, stack(0x000000baa6400000,0x000000baa6500000) (1024K)]
  0x000001f561605cd0 JavaThread "Unconstrained build operations Thread 173"        [_thread_blocked, id=29624, stack(0x000000baa6500000,0x000000baa6600000) (1024K)]
  0x000001f56160a500 JavaThread "Unconstrained build operations Thread 174"        [_thread_blocked, id=29728, stack(0x000000baa6600000,0x000000baa6700000) (1024K)]
  0x000001f56160ab90 JavaThread "Unconstrained build operations Thread 175"        [_thread_in_native, id=29588, stack(0x000000baa6700000,0x000000baa6800000) (1024K)]
  0x000001f56160c5d0 JavaThread "Unconstrained build operations Thread 176"        [_thread_blocked, id=18076, stack(0x000000baa6800000,0x000000baa6900000) (1024K)]
  0x000001f56160b8b0 JavaThread "Unconstrained build operations Thread 177"        [_thread_in_native, id=16904, stack(0x000000baa6900000,0x000000baa6a00000) (1024K)]
  0x000001f56160bf40 JavaThread "Unconstrained build operations Thread 178"        [_thread_in_native, id=29600, stack(0x000000baa6a00000,0x000000baa6b00000) (1024K)]
  0x000001f56160b220 JavaThread "Unconstrained build operations Thread 179"        [_thread_blocked, id=27168, stack(0x000000baa6b00000,0x000000baa6c00000) (1024K)]
  0x000001f56160cc60 JavaThread "Unconstrained build operations Thread 180"        [_thread_in_native, id=14008, stack(0x000000baa6c00000,0x000000baa6d00000) (1024K)]
  0x000001f5616097e0 JavaThread "Unconstrained build operations Thread 181"        [_thread_in_native, id=25392, stack(0x000000baa6d00000,0x000000baa6e00000) (1024K)]
  0x000001f56160d2f0 JavaThread "Unconstrained build operations Thread 182"        [_thread_in_native, id=28408, stack(0x000000baa6e00000,0x000000baa6f00000) (1024K)]
  0x000001f561609e70 JavaThread "Unconstrained build operations Thread 183"        [_thread_in_native, id=14564, stack(0x000000baa6f00000,0x000000baa7000000) (1024K)]
  0x000001f56160ed30 JavaThread "Unconstrained build operations Thread 184"        [_thread_blocked, id=27316, stack(0x000000baa7000000,0x000000baa7100000) (1024K)]
  0x000001f56160d980 JavaThread "Unconstrained build operations Thread 185"        [_thread_in_native, id=31468, stack(0x000000baa7100000,0x000000baa7200000) (1024K)]
  0x000001f56160f3c0 JavaThread "Unconstrained build operations Thread 186"        [_thread_in_native, id=27944, stack(0x000000baa7200000,0x000000baa7300000) (1024K)]
  0x000001f56160fa50 JavaThread "Unconstrained build operations Thread 187"        [_thread_blocked, id=12856, stack(0x000000baa7300000,0x000000baa7400000) (1024K)]
  0x000001f56160e010 JavaThread "Unconstrained build operations Thread 188"        [_thread_in_native, id=10776, stack(0x000000baa7400000,0x000000baa7500000) (1024K)]
  0x000001f5616100e0 JavaThread "Unconstrained build operations Thread 189"        [_thread_in_native, id=20012, stack(0x000000baa7500000,0x000000baa7600000) (1024K)]
  0x000001f56160e6a0 JavaThread "Unconstrained build operations Thread 190"        [_thread_blocked, id=28168, stack(0x000000baa7600000,0x000000baa7700000) (1024K)]
  0x000001f562fde460 JavaThread "Unconstrained build operations Thread 191"        [_thread_in_native, id=14844, stack(0x000000baa7700000,0x000000baa7800000) (1024K)]
  0x000001f5616e4a00 JavaThread "C2 CompilerThread5"         daemon [_thread_blocked, id=3056, stack(0x000000baa7800000,0x000000baa7900000) (1024K)]
  0x000001f5616e50d0 JavaThread "C2 CompilerThread6"         daemon [_thread_blocked, id=23240, stack(0x000000baa7900000,0x000000baa7a00000) (1024K)]
Total: 265

Other Threads:
  0x000001f57b25bac0 VMThread "VM Thread"                           [id=9984, stack(0x000000ba95e00000,0x000000ba95f00000) (1024K)]
  0x000001f57b2509d0 WatcherThread "VM Periodic Task Thread"        [id=19232, stack(0x000000ba95d00000,0x000000ba95e00000) (1024K)]
  0x000001f56e42c340 WorkerThread "GC Thread#0"                     [id=23580, stack(0x000000ba95800000,0x000000ba95900000) (1024K)]
  0x000001f55442e520 WorkerThread "GC Thread#1"                     [id=17064, stack(0x000000ba96b00000,0x000000ba96c00000) (1024K)]
  0x000001f554036d90 WorkerThread "GC Thread#2"                     [id=28940, stack(0x000000ba96c00000,0x000000ba96d00000) (1024K)]
  0x000001f554887870 WorkerThread "GC Thread#3"                     [id=31496, stack(0x000000ba96d00000,0x000000ba96e00000) (1024K)]
  0x000001f554157f40 WorkerThread "GC Thread#4"                     [id=31456, stack(0x000000ba96e00000,0x000000ba96f00000) (1024K)]
  0x000001f5541582f0 WorkerThread "GC Thread#5"                     [id=23616, stack(0x000000ba96f00000,0x000000ba97000000) (1024K)]
  0x000001f5541586a0 WorkerThread "GC Thread#6"                     [id=29664, stack(0x000000ba97000000,0x000000ba97100000) (1024K)]
  0x000001f554158a50 WorkerThread "GC Thread#7"                     [id=11384, stack(0x000000ba97100000,0x000000ba97200000) (1024K)]
  0x000001f554159910 WorkerThread "GC Thread#8"                     [id=24876, stack(0x000000ba97200000,0x000000ba97300000) (1024K)]
  0x000001f554f79060 WorkerThread "GC Thread#9"                     [id=17436, stack(0x000000ba98400000,0x000000ba98500000) (1024K)]
  0x000001f554f79410 WorkerThread "GC Thread#10"                    [id=17292, stack(0x000000ba98500000,0x000000ba98600000) (1024K)]
  0x000001f554f797c0 WorkerThread "GC Thread#11"                    [id=26052, stack(0x000000ba98600000,0x000000ba98700000) (1024K)]
  0x000001f554f7a2d0 WorkerThread "GC Thread#12"                    [id=9676, stack(0x000000ba98700000,0x000000ba98800000) (1024K)]
  0x000001f557016290 WorkerThread "GC Thread#13"                    [id=20088, stack(0x000000ba98800000,0x000000ba98900000) (1024K)]
  0x000001f557015b30 WorkerThread "GC Thread#14"                    [id=13032, stack(0x000000ba98900000,0x000000ba98a00000) (1024K)]
  0x000001f56e431a50 ConcurrentGCThread "G1 Main Marker"            [id=17700, stack(0x000000ba95900000,0x000000ba95a00000) (1024K)]
  0x000001f56e432470 WorkerThread "G1 Conc#0"                       [id=23072, stack(0x000000ba95a00000,0x000000ba95b00000) (1024K)]
  0x000001f557013a00 WorkerThread "G1 Conc#1"                       [id=24612, stack(0x000000ba98a00000,0x000000ba98b00000) (1024K)]
  0x000001f557015020 WorkerThread "G1 Conc#2"                       [id=31448, stack(0x000000ba98b00000,0x000000ba98c00000) (1024K)]
  0x000001f557013db0 WorkerThread "G1 Conc#3"                       [id=20084, stack(0x000000ba98c00000,0x000000ba98d00000) (1024K)]
  0x000001f57b11afe0 ConcurrentGCThread "G1 Refine#0"               [id=22236, stack(0x000000ba95b00000,0x000000ba95c00000) (1024K)]
  0x000001f57b11b810 ConcurrentGCThread "G1 Service"                [id=12896, stack(0x000000ba95c00000,0x000000ba95d00000) (1024K)]
Total: 24

Threads with active compile tasks:
C2 CompilerThread0  25060 16056       4       sun.security.ec.ECOperations::setDouble (463 bytes)
Total: 1

VM state: not at safepoint (normal execution)

VM Mutex/Monitor currently owned by a thread: None

Heap address: 0x00000000e0000000, size: 512 MB, Compressed Oops mode: 32-bit

CDS archive(s) mapped at: [0x000001f50f000000-0x000001f50fc80000-0x000001f50fc80000), size 13107200, SharedBaseAddress: 0x000001f50f000000, ArchiveRelocationMode: 1.
Compressed class space mapped at: 0x000001f510000000-0x000001f550000000, reserved size: 1073741824
Narrow klass base: 0x000001f50f000000, Narrow klass shift: 0, Narrow klass range: 0x100000000

GC Precious Log:
 CardTable entry size: 512
 Card Set container configuration: InlinePtr #cards 5 size 8 Array Of Cards #cards 12 size 40 Howl #buckets 4 coarsen threshold 1843 Howl Bitmap #cards 512 size 80 coarsen threshold 460 Card regions per heap region 1 cards per card region 2048
 CPUs: 20 total, 20 available
 Memory: 24283M
 Large Page Support: Disabled
 NUMA Support: Disabled
 Compressed Oops: Enabled (32-bit)
 Heap Region Size: 1M
 Heap Min Capacity: 8M
 Heap Initial Capacity: 380M
 Heap Max Capacity: 512M
 Pre-touch: Disabled
 Parallel Workers: 15
 Concurrent Workers: 4
 Concurrent Refinement Workers: 15
 Periodic GC: Disabled

Heap:
 garbage-first heap   total 352256K, used 181872K [0x00000000e0000000, 0x0000000100000000)
  region size 1024K, 66 young (67584K), 6 survivors (6144K)
 Metaspace       used 106295K, committed 108480K, reserved 1179648K
  class space    used 14823K, committed 15936K, reserved 1048576K

Heap Regions: E=young(eden), S=young(survivor), O=old, HS=humongous(starts), HC=humongous(continues), CS=collection set, F=free, TAMS=top-at-mark-start, PB=parsable bottom
|   0|0x00000000e0000000, 0x00000000e0100000, 0x00000000e0100000|100%|HS|  |TAMS 0x00000000e0000000| PB 0x00000000e0000000| Complete 
|   1|0x00000000e0100000, 0x00000000e0200000, 0x00000000e0200000|100%|HC|  |TAMS 0x00000000e0100000| PB 0x00000000e0100000| Complete 
|   2|0x00000000e0200000, 0x00000000e0300000, 0x00000000e0300000|100%|HC|  |TAMS 0x00000000e0200000| PB 0x00000000e0200000| Complete 
|   3|0x00000000e0300000, 0x00000000e0400000, 0x00000000e0400000|100%|HC|  |TAMS 0x00000000e0300000| PB 0x00000000e0300000| Complete 
|   4|0x00000000e0400000, 0x00000000e0500000, 0x00000000e0500000|100%| O|  |TAMS 0x00000000e0400000| PB 0x00000000e0400000| Untracked 
|   5|0x00000000e0500000, 0x00000000e0600000, 0x00000000e0600000|100%| O|  |TAMS 0x00000000e0500000| PB 0x00000000e0500000| Untracked 
|   6|0x00000000e0600000, 0x00000000e0700000, 0x00000000e0700000|100%| O|  |TAMS 0x00000000e0600000| PB 0x00000000e0600000| Untracked 
|   7|0x00000000e0700000, 0x00000000e0800000, 0x00000000e0800000|100%| O|  |TAMS 0x00000000e0700000| PB 0x00000000e0700000| Untracked 
|   8|0x00000000e0800000, 0x00000000e0900000, 0x00000000e0900000|100%| O|  |TAMS 0x00000000e0800000| PB 0x00000000e0800000| Untracked 
|   9|0x00000000e0900000, 0x00000000e0a00000, 0x00000000e0a00000|100%| O|  |TAMS 0x00000000e0900000| PB 0x00000000e0900000| Untracked 
|  10|0x00000000e0a00000, 0x00000000e0b00000, 0x00000000e0b00000|100%|HS|  |TAMS 0x00000000e0a00000| PB 0x00000000e0a00000| Complete 
|  11|0x00000000e0b00000, 0x00000000e0c00000, 0x00000000e0c00000|100%| O|  |TAMS 0x00000000e0b00000| PB 0x00000000e0b00000| Untracked 
|  12|0x00000000e0c00000, 0x00000000e0d00000, 0x00000000e0d00000|100%| O|  |TAMS 0x00000000e0c00000| PB 0x00000000e0c00000| Untracked 
|  13|0x00000000e0d00000, 0x00000000e0e00000, 0x00000000e0e00000|100%| O|  |TAMS 0x00000000e0d00000| PB 0x00000000e0d00000| Untracked 
|  14|0x00000000e0e00000, 0x00000000e0f00000, 0x00000000e0f00000|100%| O|  |TAMS 0x00000000e0e00000| PB 0x00000000e0e00000| Untracked 
|  15|0x00000000e0f00000, 0x00000000e1000000, 0x00000000e1000000|100%| O|  |TAMS 0x00000000e0f00000| PB 0x00000000e0f00000| Untracked 
|  16|0x00000000e1000000, 0x00000000e1100000, 0x00000000e1100000|100%| O|  |TAMS 0x00000000e1000000| PB 0x00000000e1000000| Untracked 
|  17|0x00000000e1100000, 0x00000000e1200000, 0x00000000e1200000|100%| O|  |TAMS 0x00000000e1100000| PB 0x00000000e1100000| Untracked 
|  18|0x00000000e1200000, 0x00000000e1300000, 0x00000000e1300000|100%| O|  |TAMS 0x00000000e1200000| PB 0x00000000e1200000| Untracked 
|  19|0x00000000e1300000, 0x00000000e1400000, 0x00000000e1400000|100%| O|  |TAMS 0x00000000e1300000| PB 0x00000000e1300000| Untracked 
|  20|0x00000000e1400000, 0x00000000e1500000, 0x00000000e1500000|100%| O|  |TAMS 0x00000000e1400000| PB 0x00000000e1400000| Untracked 
|  21|0x00000000e1500000, 0x00000000e1600000, 0x00000000e1600000|100%| O|  |TAMS 0x00000000e1500000| PB 0x00000000e1500000| Untracked 
|  22|0x00000000e1600000, 0x00000000e1700000, 0x00000000e1700000|100%| O|  |TAMS 0x00000000e1600000| PB 0x00000000e1600000| Untracked 
|  23|0x00000000e1700000, 0x00000000e1800000, 0x00000000e1800000|100%| O|  |TAMS 0x00000000e1700000| PB 0x00000000e1700000| Untracked 
|  24|0x00000000e1800000, 0x00000000e1900000, 0x00000000e1900000|100%| O|  |TAMS 0x00000000e1800000| PB 0x00000000e1800000| Untracked 
|  25|0x00000000e1900000, 0x00000000e1a00000, 0x00000000e1a00000|100%| O|  |TAMS 0x00000000e1900000| PB 0x00000000e1900000| Untracked 
|  26|0x00000000e1a00000, 0x00000000e1b00000, 0x00000000e1b00000|100%| O|  |TAMS 0x00000000e1a00000| PB 0x00000000e1a00000| Untracked 
|  27|0x00000000e1b00000, 0x00000000e1c00000, 0x00000000e1c00000|100%| O|  |TAMS 0x00000000e1b00000| PB 0x00000000e1b00000| Untracked 
|  28|0x00000000e1c00000, 0x00000000e1d00000, 0x00000000e1d00000|100%| O|  |TAMS 0x00000000e1c00000| PB 0x00000000e1c00000| Untracked 
|  29|0x00000000e1d00000, 0x00000000e1e00000, 0x00000000e1e00000|100%| O|  |TAMS 0x00000000e1d00000| PB 0x00000000e1d00000| Untracked 
|  30|0x00000000e1e00000, 0x00000000e1f00000, 0x00000000e1f00000|100%| O|  |TAMS 0x00000000e1e00000| PB 0x00000000e1e00000| Untracked 
|  31|0x00000000e1f00000, 0x00000000e2000000, 0x00000000e2000000|100%| O|  |TAMS 0x00000000e1f00000| PB 0x00000000e1f00000| Untracked 
|  32|0x00000000e2000000, 0x00000000e2100000, 0x00000000e2100000|100%| O|  |TAMS 0x00000000e2000000| PB 0x00000000e2000000| Untracked 
|  33|0x00000000e2100000, 0x00000000e2200000, 0x00000000e2200000|100%| O|  |TAMS 0x00000000e2100000| PB 0x00000000e2100000| Untracked 
|  34|0x00000000e2200000, 0x00000000e2300000, 0x00000000e2300000|100%| O|  |TAMS 0x00000000e2200000| PB 0x00000000e2200000| Untracked 
|  35|0x00000000e2300000, 0x00000000e2400000, 0x00000000e2400000|100%| O|  |TAMS 0x00000000e2300000| PB 0x00000000e2300000| Untracked 
|  36|0x00000000e2400000, 0x00000000e2500000, 0x00000000e2500000|100%| O|  |TAMS 0x00000000e2400000| PB 0x00000000e2400000| Untracked 
|  37|0x00000000e2500000, 0x00000000e2600000, 0x00000000e2600000|100%| O|  |TAMS 0x00000000e2500000| PB 0x00000000e2500000| Untracked 
|  38|0x00000000e2600000, 0x00000000e2700000, 0x00000000e2700000|100%| O|  |TAMS 0x00000000e2600000| PB 0x00000000e2600000| Untracked 
|  39|0x00000000e2700000, 0x00000000e2800000, 0x00000000e2800000|100%| O|  |TAMS 0x00000000e2700000| PB 0x00000000e2700000| Untracked 
|  40|0x00000000e2800000, 0x00000000e2900000, 0x00000000e2900000|100%| O|  |TAMS 0x00000000e2800000| PB 0x00000000e2800000| Untracked 
|  41|0x00000000e2900000, 0x00000000e2a00000, 0x00000000e2a00000|100%| O|  |TAMS 0x00000000e2900000| PB 0x00000000e2900000| Untracked 
|  42|0x00000000e2a00000, 0x00000000e2b00000, 0x00000000e2b00000|100%| O|  |TAMS 0x00000000e2a00000| PB 0x00000000e2a00000| Untracked 
|  43|0x00000000e2b00000, 0x00000000e2c00000, 0x00000000e2c00000|100%|HS|  |TAMS 0x00000000e2b00000| PB 0x00000000e2b00000| Complete 
|  44|0x00000000e2c00000, 0x00000000e2d00000, 0x00000000e2d00000|100%|HS|  |TAMS 0x00000000e2c00000| PB 0x00000000e2c00000| Complete 
|  45|0x00000000e2d00000, 0x00000000e2e00000, 0x00000000e2e00000|100%|HC|  |TAMS 0x00000000e2d00000| PB 0x00000000e2d00000| Complete 
|  46|0x00000000e2e00000, 0x00000000e2f00000, 0x00000000e2f00000|100%|HS|  |TAMS 0x00000000e2e00000| PB 0x00000000e2e00000| Complete 
|  47|0x00000000e2f00000, 0x00000000e3000000, 0x00000000e3000000|100%|HS|  |TAMS 0x00000000e2f00000| PB 0x00000000e2f00000| Complete 
|  48|0x00000000e3000000, 0x00000000e3100000, 0x00000000e3100000|100%|HC|  |TAMS 0x00000000e3000000| PB 0x00000000e3000000| Complete 
|  49|0x00000000e3100000, 0x00000000e3200000, 0x00000000e3200000|100%|HS|  |TAMS 0x00000000e3100000| PB 0x00000000e3100000| Complete 
|  50|0x00000000e3200000, 0x00000000e3300000, 0x00000000e3300000|100%|HS|  |TAMS 0x00000000e3200000| PB 0x00000000e3200000| Complete 
|  51|0x00000000e3300000, 0x00000000e3400000, 0x00000000e3400000|100%|HC|  |TAMS 0x00000000e3300000| PB 0x00000000e3300000| Complete 
|  52|0x00000000e3400000, 0x00000000e3500000, 0x00000000e3500000|100%|HC|  |TAMS 0x00000000e3400000| PB 0x00000000e3400000| Complete 
|  53|0x00000000e3500000, 0x00000000e3600000, 0x00000000e3600000|100%|HS|  |TAMS 0x00000000e3500000| PB 0x00000000e3500000| Complete 
|  54|0x00000000e3600000, 0x00000000e3700000, 0x00000000e3700000|100%| O|  |TAMS 0x00000000e3600000| PB 0x00000000e3600000| Untracked 
|  55|0x00000000e3700000, 0x00000000e3800000, 0x00000000e3800000|100%|HS|  |TAMS 0x00000000e3700000| PB 0x00000000e3700000| Complete 
|  56|0x00000000e3800000, 0x00000000e3900000, 0x00000000e3900000|100%|HS|  |TAMS 0x00000000e3800000| PB 0x00000000e3800000| Complete 
|  57|0x00000000e3900000, 0x00000000e3a00000, 0x00000000e3a00000|100%| O|  |TAMS 0x00000000e3900000| PB 0x00000000e3900000| Untracked 
|  58|0x00000000e3a00000, 0x00000000e3b00000, 0x00000000e3b00000|100%| O|  |TAMS 0x00000000e3a00000| PB 0x00000000e3a00000| Untracked 
|  59|0x00000000e3b00000, 0x00000000e3c00000, 0x00000000e3c00000|100%| O|  |TAMS 0x00000000e3b00000| PB 0x00000000e3b00000| Untracked 
|  60|0x00000000e3c00000, 0x00000000e3d00000, 0x00000000e3d00000|100%| O|  |TAMS 0x00000000e3c00000| PB 0x00000000e3c00000| Untracked 
|  61|0x00000000e3d00000, 0x00000000e3e00000, 0x00000000e3e00000|100%| O|  |TAMS 0x00000000e3d00000| PB 0x00000000e3d00000| Untracked 
|  62|0x00000000e3e00000, 0x00000000e3f00000, 0x00000000e3f00000|100%| O|  |TAMS 0x00000000e3e00000| PB 0x00000000e3e00000| Untracked 
|  63|0x00000000e3f00000, 0x00000000e4000000, 0x00000000e4000000|100%| O|  |TAMS 0x00000000e3f00000| PB 0x00000000e3f00000| Untracked 
|  64|0x00000000e4000000, 0x00000000e4100000, 0x00000000e4100000|100%| O|  |TAMS 0x00000000e4000000| PB 0x00000000e4000000| Untracked 
|  65|0x00000000e4100000, 0x00000000e4200000, 0x00000000e4200000|100%| O|  |TAMS 0x00000000e4100000| PB 0x00000000e4100000| Untracked 
|  66|0x00000000e4200000, 0x00000000e4300000, 0x00000000e4300000|100%|HS|  |TAMS 0x00000000e4200000| PB 0x00000000e4200000| Complete 
|  67|0x00000000e4300000, 0x00000000e4400000, 0x00000000e4400000|100%| O|  |TAMS 0x00000000e4300000| PB 0x00000000e4300000| Untracked 
|  68|0x00000000e4400000, 0x00000000e4500000, 0x00000000e4500000|100%| O|  |TAMS 0x00000000e4400000| PB 0x00000000e4400000| Untracked 
|  69|0x00000000e4500000, 0x00000000e4600000, 0x00000000e4600000|100%|HS|  |TAMS 0x00000000e4500000| PB 0x00000000e4500000| Complete 
|  70|0x00000000e4600000, 0x00000000e4700000, 0x00000000e4700000|100%|HC|  |TAMS 0x00000000e4600000| PB 0x00000000e4600000| Complete 
|  71|0x00000000e4700000, 0x00000000e4800000, 0x00000000e4800000|100%|HC|  |TAMS 0x00000000e4700000| PB 0x00000000e4700000| Complete 
|  72|0x00000000e4800000, 0x00000000e4900000, 0x00000000e4900000|100%| O|  |TAMS 0x00000000e4800000| PB 0x00000000e4800000| Untracked 
|  73|0x00000000e4900000, 0x00000000e4a00000, 0x00000000e4a00000|100%| O|  |TAMS 0x00000000e4900000| PB 0x00000000e4900000| Untracked 
|  74|0x00000000e4a00000, 0x00000000e4af3a88, 0x00000000e4b00000| 95%| O|  |TAMS 0x00000000e4a00000| PB 0x00000000e4a00000| Untracked 
|  75|0x00000000e4b00000, 0x00000000e4c00000, 0x00000000e4c00000|100%| O|  |TAMS 0x00000000e4b00000| PB 0x00000000e4b00000| Untracked 
|  76|0x00000000e4c00000, 0x00000000e4d00000, 0x00000000e4d00000|100%| O|  |TAMS 0x00000000e4c00000| PB 0x00000000e4c00000| Untracked 
|  77|0x00000000e4d00000, 0x00000000e4e00000, 0x00000000e4e00000|100%| O|  |TAMS 0x00000000e4d00000| PB 0x00000000e4d00000| Untracked 
|  78|0x00000000e4e00000, 0x00000000e4f00000, 0x00000000e4f00000|100%| O|  |TAMS 0x00000000e4e00000| PB 0x00000000e4e00000| Untracked 
|  79|0x00000000e4f00000, 0x00000000e5000000, 0x00000000e5000000|100%| O|  |TAMS 0x00000000e4f00000| PB 0x00000000e4f00000| Untracked 
|  80|0x00000000e5000000, 0x00000000e5100000, 0x00000000e5100000|100%| O|  |TAMS 0x00000000e5000000| PB 0x00000000e5000000| Untracked 
|  81|0x00000000e5100000, 0x00000000e5200000, 0x00000000e5200000|100%| O|  |TAMS 0x00000000e5100000| PB 0x00000000e5100000| Untracked 
|  82|0x00000000e5200000, 0x00000000e5300000, 0x00000000e5300000|100%| O|  |TAMS 0x00000000e5200000| PB 0x00000000e5200000| Untracked 
|  83|0x00000000e5300000, 0x00000000e5400000, 0x00000000e5400000|100%| O|  |TAMS 0x00000000e5300000| PB 0x00000000e5300000| Untracked 
|  84|0x00000000e5400000, 0x00000000e5500000, 0x00000000e5500000|100%| O|  |TAMS 0x00000000e5400000| PB 0x00000000e5400000| Untracked 
|  85|0x00000000e5500000, 0x00000000e5600000, 0x00000000e5600000|100%| O|  |TAMS 0x00000000e5500000| PB 0x00000000e5500000| Untracked 
|  86|0x00000000e5600000, 0x00000000e5700000, 0x00000000e5700000|100%| O|  |TAMS 0x00000000e5600000| PB 0x00000000e5600000| Untracked 
|  87|0x00000000e5700000, 0x00000000e5800000, 0x00000000e5800000|100%| O|  |TAMS 0x00000000e5700000| PB 0x00000000e5700000| Untracked 
|  88|0x00000000e5800000, 0x00000000e5900000, 0x00000000e5900000|100%| O|  |TAMS 0x00000000e5800000| PB 0x00000000e5800000| Untracked 
|  89|0x00000000e5900000, 0x00000000e5a00000, 0x00000000e5a00000|100%| O|  |TAMS 0x00000000e5900000| PB 0x00000000e5900000| Untracked 
|  90|0x00000000e5a00000, 0x00000000e5b00000, 0x00000000e5b00000|100%| O|  |TAMS 0x00000000e5a00000| PB 0x00000000e5a00000| Untracked 
|  91|0x00000000e5b00000, 0x00000000e5c00000, 0x00000000e5c00000|100%| O|  |TAMS 0x00000000e5b00000| PB 0x00000000e5b00000| Untracked 
|  92|0x00000000e5c00000, 0x00000000e5c00000, 0x00000000e5d00000|  0%| F|  |TAMS 0x00000000e5c00000| PB 0x00000000e5c00000| Untracked 
|  93|0x00000000e5d00000, 0x00000000e5e00000, 0x00000000e5e00000|100%| O|  |TAMS 0x00000000e5d00000| PB 0x00000000e5d00000| Untracked 
|  94|0x00000000e5e00000, 0x00000000e5f00000, 0x00000000e5f00000|100%| O|  |TAMS 0x00000000e5e00000| PB 0x00000000e5e00000| Untracked 
|  95|0x00000000e5f00000, 0x00000000e6000000, 0x00000000e6000000|100%| O|  |TAMS 0x00000000e5f00000| PB 0x00000000e5f00000| Untracked 
|  96|0x00000000e6000000, 0x00000000e6100000, 0x00000000e6100000|100%| O|  |TAMS 0x00000000e6000000| PB 0x00000000e6000000| Untracked 
|  97|0x00000000e6100000, 0x00000000e6200000, 0x00000000e6200000|100%| O|  |TAMS 0x00000000e6100000| PB 0x00000000e6100000| Untracked 
|  98|0x00000000e6200000, 0x00000000e6200000, 0x00000000e6300000|  0%| F|  |TAMS 0x00000000e6200000| PB 0x00000000e6200000| Untracked 
|  99|0x00000000e6300000, 0x00000000e6400000, 0x00000000e6400000|100%| O|  |TAMS 0x00000000e6300000| PB 0x00000000e6300000| Untracked 
| 100|0x00000000e6400000, 0x00000000e6500000, 0x00000000e6500000|100%| O|Cm|TAMS 0x00000000e6400000| PB 0x00000000e6400000| Complete 
| 101|0x00000000e6500000, 0x00000000e6600000, 0x00000000e6600000|100%| O|  |TAMS 0x00000000e6500000| PB 0x00000000e6500000| Untracked 
| 102|0x00000000e6600000, 0x00000000e6700000, 0x00000000e6700000|100%| O|  |TAMS 0x00000000e6600000| PB 0x00000000e6600000| Untracked 
| 103|0x00000000e6700000, 0x00000000e6800000, 0x00000000e6800000|100%| O|  |TAMS 0x00000000e6700000| PB 0x00000000e6700000| Untracked 
| 104|0x00000000e6800000, 0x00000000e6900000, 0x00000000e6900000|100%| O|  |TAMS 0x00000000e6800000| PB 0x00000000e6800000| Untracked 
| 105|0x00000000e6900000, 0x00000000e6900000, 0x00000000e6a00000|  0%| F|  |TAMS 0x00000000e6900000| PB 0x00000000e6900000| Untracked 
| 106|0x00000000e6a00000, 0x00000000e6b00000, 0x00000000e6b00000|100%| O|  |TAMS 0x00000000e6a00000| PB 0x00000000e6a00000| Untracked 
| 107|0x00000000e6b00000, 0x00000000e6c00000, 0x00000000e6c00000|100%| O|Cm|TAMS 0x00000000e6b00000| PB 0x00000000e6b00000| Complete 
| 108|0x00000000e6c00000, 0x00000000e6d00000, 0x00000000e6d00000|100%| O|  |TAMS 0x00000000e6c00000| PB 0x00000000e6c00000| Untracked 
| 109|0x00000000e6d00000, 0x00000000e6e00000, 0x00000000e6e00000|100%| O|  |TAMS 0x00000000e6d00000| PB 0x00000000e6d00000| Untracked 
| 110|0x00000000e6e00000, 0x00000000e6e00000, 0x00000000e6f00000|  0%| F|  |TAMS 0x00000000e6e00000| PB 0x00000000e6e00000| Untracked 
| 111|0x00000000e6f00000, 0x00000000e6f00000, 0x00000000e7000000|  0%| F|  |TAMS 0x00000000e6f00000| PB 0x00000000e6f00000| Untracked 
| 112|0x00000000e7000000, 0x00000000e7000000, 0x00000000e7100000|  0%| F|  |TAMS 0x00000000e7000000| PB 0x00000000e7000000| Untracked 
| 113|0x00000000e7100000, 0x00000000e7100000, 0x00000000e7200000|  0%| F|  |TAMS 0x00000000e7100000| PB 0x00000000e7100000| Untracked 
| 114|0x00000000e7200000, 0x00000000e7200000, 0x00000000e7300000|  0%| F|  |TAMS 0x00000000e7200000| PB 0x00000000e7200000| Untracked 
| 115|0x00000000e7300000, 0x00000000e7300000, 0x00000000e7400000|  0%| F|  |TAMS 0x00000000e7300000| PB 0x00000000e7300000| Untracked 
| 116|0x00000000e7400000, 0x00000000e7400000, 0x00000000e7500000|  0%| F|  |TAMS 0x00000000e7400000| PB 0x00000000e7400000| Untracked 
| 117|0x00000000e7500000, 0x00000000e7500000, 0x00000000e7600000|  0%| F|  |TAMS 0x00000000e7500000| PB 0x00000000e7500000| Untracked 
| 118|0x00000000e7600000, 0x00000000e7600000, 0x00000000e7700000|  0%| F|  |TAMS 0x00000000e7600000| PB 0x00000000e7600000| Untracked 
| 119|0x00000000e7700000, 0x00000000e7700000, 0x00000000e7800000|  0%| F|  |TAMS 0x00000000e7700000| PB 0x00000000e7700000| Untracked 
| 120|0x00000000e7800000, 0x00000000e7800000, 0x00000000e7900000|  0%| F|  |TAMS 0x00000000e7800000| PB 0x00000000e7800000| Untracked 
| 121|0x00000000e7900000, 0x00000000e7900000, 0x00000000e7a00000|  0%| F|  |TAMS 0x00000000e7900000| PB 0x00000000e7900000| Untracked 
| 122|0x00000000e7a00000, 0x00000000e7a00000, 0x00000000e7b00000|  0%| F|  |TAMS 0x00000000e7a00000| PB 0x00000000e7a00000| Untracked 
| 123|0x00000000e7b00000, 0x00000000e7b00000, 0x00000000e7c00000|  0%| F|  |TAMS 0x00000000e7b00000| PB 0x00000000e7b00000| Untracked 
| 124|0x00000000e7c00000, 0x00000000e7ca8900, 0x00000000e7d00000| 65%| S|CS|TAMS 0x00000000e7c00000| PB 0x00000000e7c00000| Complete 
| 125|0x00000000e7d00000, 0x00000000e7e00000, 0x00000000e7e00000|100%| S|CS|TAMS 0x00000000e7d00000| PB 0x00000000e7d00000| Complete 
| 126|0x00000000e7e00000, 0x00000000e7e00000, 0x00000000e7f00000|  0%| F|  |TAMS 0x00000000e7e00000| PB 0x00000000e7e00000| Untracked 
| 127|0x00000000e7f00000, 0x00000000e7f00000, 0x00000000e8000000|  0%| F|  |TAMS 0x00000000e7f00000| PB 0x00000000e7f00000| Untracked 
| 128|0x00000000e8000000, 0x00000000e8100000, 0x00000000e8100000|100%| S|CS|TAMS 0x00000000e8000000| PB 0x00000000e8000000| Complete 
| 129|0x00000000e8100000, 0x00000000e8200000, 0x00000000e8200000|100%| S|CS|TAMS 0x00000000e8100000| PB 0x00000000e8100000| Complete 
| 130|0x00000000e8200000, 0x00000000e8300000, 0x00000000e8300000|100%| S|CS|TAMS 0x00000000e8200000| PB 0x00000000e8200000| Complete 
| 131|0x00000000e8300000, 0x00000000e8400000, 0x00000000e8400000|100%| S|CS|TAMS 0x00000000e8300000| PB 0x00000000e8300000| Complete 
| 132|0x00000000e8400000, 0x00000000e8400000, 0x00000000e8500000|  0%| F|  |TAMS 0x00000000e8400000| PB 0x00000000e8400000| Untracked 
| 133|0x00000000e8500000, 0x00000000e8500000, 0x00000000e8600000|  0%| F|  |TAMS 0x00000000e8500000| PB 0x00000000e8500000| Untracked 
| 134|0x00000000e8600000, 0x00000000e8600000, 0x00000000e8700000|  0%| F|  |TAMS 0x00000000e8600000| PB 0x00000000e8600000| Untracked 
| 135|0x00000000e8700000, 0x00000000e8700000, 0x00000000e8800000|  0%| F|  |TAMS 0x00000000e8700000| PB 0x00000000e8700000| Untracked 
| 136|0x00000000e8800000, 0x00000000e8800000, 0x00000000e8900000|  0%| F|  |TAMS 0x00000000e8800000| PB 0x00000000e8800000| Untracked 
| 137|0x00000000e8900000, 0x00000000e8900000, 0x00000000e8a00000|  0%| F|  |TAMS 0x00000000e8900000| PB 0x00000000e8900000| Untracked 
| 138|0x00000000e8a00000, 0x00000000e8a00000, 0x00000000e8b00000|  0%| F|  |TAMS 0x00000000e8a00000| PB 0x00000000e8a00000| Untracked 
| 139|0x00000000e8b00000, 0x00000000e8b00000, 0x00000000e8c00000|  0%| F|  |TAMS 0x00000000e8b00000| PB 0x00000000e8b00000| Untracked 
| 140|0x00000000e8c00000, 0x00000000e8c00000, 0x00000000e8d00000|  0%| F|  |TAMS 0x00000000e8c00000| PB 0x00000000e8c00000| Untracked 
| 141|0x00000000e8d00000, 0x00000000e8d00000, 0x00000000e8e00000|  0%| F|  |TAMS 0x00000000e8d00000| PB 0x00000000e8d00000| Untracked 
| 142|0x00000000e8e00000, 0x00000000e8e00000, 0x00000000e8f00000|  0%| F|  |TAMS 0x00000000e8e00000| PB 0x00000000e8e00000| Untracked 
| 143|0x00000000e8f00000, 0x00000000e8f00000, 0x00000000e9000000|  0%| F|  |TAMS 0x00000000e8f00000| PB 0x00000000e8f00000| Untracked 
| 144|0x00000000e9000000, 0x00000000e9000000, 0x00000000e9100000|  0%| F|  |TAMS 0x00000000e9000000| PB 0x00000000e9000000| Untracked 
| 145|0x00000000e9100000, 0x00000000e9100000, 0x00000000e9200000|  0%| F|  |TAMS 0x00000000e9100000| PB 0x00000000e9100000| Untracked 
| 146|0x00000000e9200000, 0x00000000e9200000, 0x00000000e9300000|  0%| F|  |TAMS 0x00000000e9200000| PB 0x00000000e9200000| Untracked 
| 147|0x00000000e9300000, 0x00000000e9300000, 0x00000000e9400000|  0%| F|  |TAMS 0x00000000e9300000| PB 0x00000000e9300000| Untracked 
| 148|0x00000000e9400000, 0x00000000e9400000, 0x00000000e9500000|  0%| F|  |TAMS 0x00000000e9400000| PB 0x00000000e9400000| Untracked 
| 149|0x00000000e9500000, 0x00000000e9500000, 0x00000000e9600000|  0%| F|  |TAMS 0x00000000e9500000| PB 0x00000000e9500000| Untracked 
| 150|0x00000000e9600000, 0x00000000e9600000, 0x00000000e9700000|  0%| F|  |TAMS 0x00000000e9600000| PB 0x00000000e9600000| Untracked 
| 151|0x00000000e9700000, 0x00000000e9700000, 0x00000000e9800000|  0%| F|  |TAMS 0x00000000e9700000| PB 0x00000000e9700000| Untracked 
| 152|0x00000000e9800000, 0x00000000e9800000, 0x00000000e9900000|  0%| F|  |TAMS 0x00000000e9800000| PB 0x00000000e9800000| Untracked 
| 153|0x00000000e9900000, 0x00000000e9900000, 0x00000000e9a00000|  0%| F|  |TAMS 0x00000000e9900000| PB 0x00000000e9900000| Untracked 
| 154|0x00000000e9a00000, 0x00000000e9a00000, 0x00000000e9b00000|  0%| F|  |TAMS 0x00000000e9a00000| PB 0x00000000e9a00000| Untracked 
| 155|0x00000000e9b00000, 0x00000000e9b00000, 0x00000000e9c00000|  0%| F|  |TAMS 0x00000000e9b00000| PB 0x00000000e9b00000| Untracked 
| 156|0x00000000e9c00000, 0x00000000e9c00000, 0x00000000e9d00000|  0%| F|  |TAMS 0x00000000e9c00000| PB 0x00000000e9c00000| Untracked 
| 157|0x00000000e9d00000, 0x00000000e9d00000, 0x00000000e9e00000|  0%| F|  |TAMS 0x00000000e9d00000| PB 0x00000000e9d00000| Untracked 
| 158|0x00000000e9e00000, 0x00000000e9e00000, 0x00000000e9f00000|  0%| F|  |TAMS 0x00000000e9e00000| PB 0x00000000e9e00000| Untracked 
| 159|0x00000000e9f00000, 0x00000000e9f00000, 0x00000000ea000000|  0%| F|  |TAMS 0x00000000e9f00000| PB 0x00000000e9f00000| Untracked 
| 160|0x00000000ea000000, 0x00000000ea000000, 0x00000000ea100000|  0%| F|  |TAMS 0x00000000ea000000| PB 0x00000000ea000000| Untracked 
| 161|0x00000000ea100000, 0x00000000ea100000, 0x00000000ea200000|  0%| F|  |TAMS 0x00000000ea100000| PB 0x00000000ea100000| Untracked 
| 162|0x00000000ea200000, 0x00000000ea200000, 0x00000000ea300000|  0%| F|  |TAMS 0x00000000ea200000| PB 0x00000000ea200000| Untracked 
| 163|0x00000000ea300000, 0x00000000ea300000, 0x00000000ea400000|  0%| F|  |TAMS 0x00000000ea300000| PB 0x00000000ea300000| Untracked 
| 164|0x00000000ea400000, 0x00000000ea400000, 0x00000000ea500000|  0%| F|  |TAMS 0x00000000ea400000| PB 0x00000000ea400000| Untracked 
| 165|0x00000000ea500000, 0x00000000ea500000, 0x00000000ea600000|  0%| F|  |TAMS 0x00000000ea500000| PB 0x00000000ea500000| Untracked 
| 166|0x00000000ea600000, 0x00000000ea600000, 0x00000000ea700000|  0%| F|  |TAMS 0x00000000ea600000| PB 0x00000000ea600000| Untracked 
| 167|0x00000000ea700000, 0x00000000ea700000, 0x00000000ea800000|  0%| F|  |TAMS 0x00000000ea700000| PB 0x00000000ea700000| Untracked 
| 168|0x00000000ea800000, 0x00000000ea800000, 0x00000000ea900000|  0%| F|  |TAMS 0x00000000ea800000| PB 0x00000000ea800000| Untracked 
| 169|0x00000000ea900000, 0x00000000ea900000, 0x00000000eaa00000|  0%| F|  |TAMS 0x00000000ea900000| PB 0x00000000ea900000| Untracked 
| 170|0x00000000eaa00000, 0x00000000eaa00000, 0x00000000eab00000|  0%| F|  |TAMS 0x00000000eaa00000| PB 0x00000000eaa00000| Untracked 
| 171|0x00000000eab00000, 0x00000000eab00000, 0x00000000eac00000|  0%| F|  |TAMS 0x00000000eab00000| PB 0x00000000eab00000| Untracked 
| 172|0x00000000eac00000, 0x00000000eac00000, 0x00000000ead00000|  0%| F|  |TAMS 0x00000000eac00000| PB 0x00000000eac00000| Untracked 
| 173|0x00000000ead00000, 0x00000000ead00000, 0x00000000eae00000|  0%| F|  |TAMS 0x00000000ead00000| PB 0x00000000ead00000| Untracked 
| 174|0x00000000eae00000, 0x00000000eae00000, 0x00000000eaf00000|  0%| F|  |TAMS 0x00000000eae00000| PB 0x00000000eae00000| Untracked 
| 175|0x00000000eaf00000, 0x00000000eaf00000, 0x00000000eb000000|  0%| F|  |TAMS 0x00000000eaf00000| PB 0x00000000eaf00000| Untracked 
| 176|0x00000000eb000000, 0x00000000eb000000, 0x00000000eb100000|  0%| F|  |TAMS 0x00000000eb000000| PB 0x00000000eb000000| Untracked 
| 177|0x00000000eb100000, 0x00000000eb100000, 0x00000000eb200000|  0%| F|  |TAMS 0x00000000eb100000| PB 0x00000000eb100000| Untracked 
| 178|0x00000000eb200000, 0x00000000eb200000, 0x00000000eb300000|  0%| F|  |TAMS 0x00000000eb200000| PB 0x00000000eb200000| Untracked 
| 179|0x00000000eb300000, 0x00000000eb300000, 0x00000000eb400000|  0%| F|  |TAMS 0x00000000eb300000| PB 0x00000000eb300000| Untracked 
| 180|0x00000000eb400000, 0x00000000eb400000, 0x00000000eb500000|  0%| F|  |TAMS 0x00000000eb400000| PB 0x00000000eb400000| Untracked 
| 181|0x00000000eb500000, 0x00000000eb500000, 0x00000000eb600000|  0%| F|  |TAMS 0x00000000eb500000| PB 0x00000000eb500000| Untracked 
| 182|0x00000000eb600000, 0x00000000eb600000, 0x00000000eb700000|  0%| F|  |TAMS 0x00000000eb600000| PB 0x00000000eb600000| Untracked 
| 183|0x00000000eb700000, 0x00000000eb700000, 0x00000000eb800000|  0%| F|  |TAMS 0x00000000eb700000| PB 0x00000000eb700000| Untracked 
| 184|0x00000000eb800000, 0x00000000eb800000, 0x00000000eb900000|  0%| F|  |TAMS 0x00000000eb800000| PB 0x00000000eb800000| Untracked 
| 185|0x00000000eb900000, 0x00000000eb900000, 0x00000000eba00000|  0%| F|  |TAMS 0x00000000eb900000| PB 0x00000000eb900000| Untracked 
| 186|0x00000000eba00000, 0x00000000eba00000, 0x00000000ebb00000|  0%| F|  |TAMS 0x00000000eba00000| PB 0x00000000eba00000| Untracked 
| 187|0x00000000ebb00000, 0x00000000ebb00000, 0x00000000ebc00000|  0%| F|  |TAMS 0x00000000ebb00000| PB 0x00000000ebb00000| Untracked 
| 188|0x00000000ebc00000, 0x00000000ebc00000, 0x00000000ebd00000|  0%| F|  |TAMS 0x00000000ebc00000| PB 0x00000000ebc00000| Untracked 
| 189|0x00000000ebd00000, 0x00000000ebd00000, 0x00000000ebe00000|  0%| F|  |TAMS 0x00000000ebd00000| PB 0x00000000ebd00000| Untracked 
| 190|0x00000000ebe00000, 0x00000000ebe00000, 0x00000000ebf00000|  0%| F|  |TAMS 0x00000000ebe00000| PB 0x00000000ebe00000| Untracked 
| 191|0x00000000ebf00000, 0x00000000ebf00000, 0x00000000ec000000|  0%| F|  |TAMS 0x00000000ebf00000| PB 0x00000000ebf00000| Untracked 
| 192|0x00000000ec000000, 0x00000000ec000000, 0x00000000ec100000|  0%| F|  |TAMS 0x00000000ec000000| PB 0x00000000ec000000| Untracked 
| 193|0x00000000ec100000, 0x00000000ec100000, 0x00000000ec200000|  0%| F|  |TAMS 0x00000000ec100000| PB 0x00000000ec100000| Untracked 
| 194|0x00000000ec200000, 0x00000000ec200000, 0x00000000ec300000|  0%| F|  |TAMS 0x00000000ec200000| PB 0x00000000ec200000| Untracked 
| 195|0x00000000ec300000, 0x00000000ec300000, 0x00000000ec400000|  0%| F|  |TAMS 0x00000000ec300000| PB 0x00000000ec300000| Untracked 
| 196|0x00000000ec400000, 0x00000000ec400000, 0x00000000ec500000|  0%| F|  |TAMS 0x00000000ec400000| PB 0x00000000ec400000| Untracked 
| 197|0x00000000ec500000, 0x00000000ec500000, 0x00000000ec600000|  0%| F|  |TAMS 0x00000000ec500000| PB 0x00000000ec500000| Untracked 
| 198|0x00000000ec600000, 0x00000000ec600000, 0x00000000ec700000|  0%| F|  |TAMS 0x00000000ec600000| PB 0x00000000ec600000| Untracked 
| 199|0x00000000ec700000, 0x00000000ec700000, 0x00000000ec800000|  0%| F|  |TAMS 0x00000000ec700000| PB 0x00000000ec700000| Untracked 
| 200|0x00000000ec800000, 0x00000000ec800000, 0x00000000ec900000|  0%| F|  |TAMS 0x00000000ec800000| PB 0x00000000ec800000| Untracked 
| 201|0x00000000ec900000, 0x00000000ec900000, 0x00000000eca00000|  0%| F|  |TAMS 0x00000000ec900000| PB 0x00000000ec900000| Untracked 
| 202|0x00000000eca00000, 0x00000000eca00000, 0x00000000ecb00000|  0%| F|  |TAMS 0x00000000eca00000| PB 0x00000000eca00000| Untracked 
| 203|0x00000000ecb00000, 0x00000000ecb00000, 0x00000000ecc00000|  0%| F|  |TAMS 0x00000000ecb00000| PB 0x00000000ecb00000| Untracked 
| 204|0x00000000ecc00000, 0x00000000ecc00000, 0x00000000ecd00000|  0%| F|  |TAMS 0x00000000ecc00000| PB 0x00000000ecc00000| Untracked 
| 205|0x00000000ecd00000, 0x00000000ecd00000, 0x00000000ece00000|  0%| F|  |TAMS 0x00000000ecd00000| PB 0x00000000ecd00000| Untracked 
| 206|0x00000000ece00000, 0x00000000ece00000, 0x00000000ecf00000|  0%| F|  |TAMS 0x00000000ece00000| PB 0x00000000ece00000| Untracked 
| 207|0x00000000ecf00000, 0x00000000ecf00000, 0x00000000ed000000|  0%| F|  |TAMS 0x00000000ecf00000| PB 0x00000000ecf00000| Untracked 
| 208|0x00000000ed000000, 0x00000000ed000000, 0x00000000ed100000|  0%| F|  |TAMS 0x00000000ed000000| PB 0x00000000ed000000| Untracked 
| 209|0x00000000ed100000, 0x00000000ed100000, 0x00000000ed200000|  0%| F|  |TAMS 0x00000000ed100000| PB 0x00000000ed100000| Untracked 
| 210|0x00000000ed200000, 0x00000000ed200000, 0x00000000ed300000|  0%| F|  |TAMS 0x00000000ed200000| PB 0x00000000ed200000| Untracked 
| 211|0x00000000ed300000, 0x00000000ed300000, 0x00000000ed400000|  0%| F|  |TAMS 0x00000000ed300000| PB 0x00000000ed300000| Untracked 
| 212|0x00000000ed400000, 0x00000000ed400000, 0x00000000ed500000|  0%| F|  |TAMS 0x00000000ed400000| PB 0x00000000ed400000| Untracked 
| 213|0x00000000ed500000, 0x00000000ed500000, 0x00000000ed600000|  0%| F|  |TAMS 0x00000000ed500000| PB 0x00000000ed500000| Untracked 
| 214|0x00000000ed600000, 0x00000000ed600000, 0x00000000ed700000|  0%| F|  |TAMS 0x00000000ed600000| PB 0x00000000ed600000| Untracked 
| 215|0x00000000ed700000, 0x00000000ed700000, 0x00000000ed800000|  0%| F|  |TAMS 0x00000000ed700000| PB 0x00000000ed700000| Untracked 
| 216|0x00000000ed800000, 0x00000000ed800000, 0x00000000ed900000|  0%| F|  |TAMS 0x00000000ed800000| PB 0x00000000ed800000| Untracked 
| 217|0x00000000ed900000, 0x00000000ed900000, 0x00000000eda00000|  0%| F|  |TAMS 0x00000000ed900000| PB 0x00000000ed900000| Untracked 
| 218|0x00000000eda00000, 0x00000000eda00000, 0x00000000edb00000|  0%| F|  |TAMS 0x00000000eda00000| PB 0x00000000eda00000| Untracked 
| 219|0x00000000edb00000, 0x00000000edb00000, 0x00000000edc00000|  0%| F|  |TAMS 0x00000000edb00000| PB 0x00000000edb00000| Untracked 
| 220|0x00000000edc00000, 0x00000000edc00000, 0x00000000edd00000|  0%| F|  |TAMS 0x00000000edc00000| PB 0x00000000edc00000| Untracked 
| 221|0x00000000edd00000, 0x00000000edd00000, 0x00000000ede00000|  0%| F|  |TAMS 0x00000000edd00000| PB 0x00000000edd00000| Untracked 
| 222|0x00000000ede00000, 0x00000000ede00000, 0x00000000edf00000|  0%| F|  |TAMS 0x00000000ede00000| PB 0x00000000ede00000| Untracked 
| 223|0x00000000edf00000, 0x00000000edf00000, 0x00000000ee000000|  0%| F|  |TAMS 0x00000000edf00000| PB 0x00000000edf00000| Untracked 
| 224|0x00000000ee000000, 0x00000000ee000000, 0x00000000ee100000|  0%| F|  |TAMS 0x00000000ee000000| PB 0x00000000ee000000| Untracked 
| 225|0x00000000ee100000, 0x00000000ee100000, 0x00000000ee200000|  0%| F|  |TAMS 0x00000000ee100000| PB 0x00000000ee100000| Untracked 
| 226|0x00000000ee200000, 0x00000000ee200000, 0x00000000ee300000|  0%| F|  |TAMS 0x00000000ee200000| PB 0x00000000ee200000| Untracked 
| 227|0x00000000ee300000, 0x00000000ee300000, 0x00000000ee400000|  0%| F|  |TAMS 0x00000000ee300000| PB 0x00000000ee300000| Untracked 
| 228|0x00000000ee400000, 0x00000000ee400000, 0x00000000ee500000|  0%| F|  |TAMS 0x00000000ee400000| PB 0x00000000ee400000| Untracked 
| 229|0x00000000ee500000, 0x00000000ee500000, 0x00000000ee600000|  0%| F|  |TAMS 0x00000000ee500000| PB 0x00000000ee500000| Untracked 
| 230|0x00000000ee600000, 0x00000000ee600000, 0x00000000ee700000|  0%| F|  |TAMS 0x00000000ee600000| PB 0x00000000ee600000| Untracked 
| 231|0x00000000ee700000, 0x00000000ee700000, 0x00000000ee800000|  0%| F|  |TAMS 0x00000000ee700000| PB 0x00000000ee700000| Untracked 
| 232|0x00000000ee800000, 0x00000000ee800000, 0x00000000ee900000|  0%| F|  |TAMS 0x00000000ee800000| PB 0x00000000ee800000| Untracked 
| 233|0x00000000ee900000, 0x00000000ee900000, 0x00000000eea00000|  0%| F|  |TAMS 0x00000000ee900000| PB 0x00000000ee900000| Untracked 
| 234|0x00000000eea00000, 0x00000000eea00000, 0x00000000eeb00000|  0%| F|  |TAMS 0x00000000eea00000| PB 0x00000000eea00000| Untracked 
| 235|0x00000000eeb00000, 0x00000000eeb00000, 0x00000000eec00000|  0%| F|  |TAMS 0x00000000eeb00000| PB 0x00000000eeb00000| Untracked 
| 236|0x00000000eec00000, 0x00000000eec00000, 0x00000000eed00000|  0%| F|  |TAMS 0x00000000eec00000| PB 0x00000000eec00000| Untracked 
| 237|0x00000000eed00000, 0x00000000eed00000, 0x00000000eee00000|  0%| F|  |TAMS 0x00000000eed00000| PB 0x00000000eed00000| Untracked 
| 238|0x00000000eee00000, 0x00000000eee00000, 0x00000000eef00000|  0%| F|  |TAMS 0x00000000eee00000| PB 0x00000000eee00000| Untracked 
| 239|0x00000000eef00000, 0x00000000eef00000, 0x00000000ef000000|  0%| F|  |TAMS 0x00000000eef00000| PB 0x00000000eef00000| Untracked 
| 240|0x00000000ef000000, 0x00000000ef000000, 0x00000000ef100000|  0%| F|  |TAMS 0x00000000ef000000| PB 0x00000000ef000000| Untracked 
| 241|0x00000000ef100000, 0x00000000ef100000, 0x00000000ef200000|  0%| F|  |TAMS 0x00000000ef100000| PB 0x00000000ef100000| Untracked 
| 242|0x00000000ef200000, 0x00000000ef200000, 0x00000000ef300000|  0%| F|  |TAMS 0x00000000ef200000| PB 0x00000000ef200000| Untracked 
| 243|0x00000000ef300000, 0x00000000ef300000, 0x00000000ef400000|  0%| F|  |TAMS 0x00000000ef300000| PB 0x00000000ef300000| Untracked 
| 244|0x00000000ef400000, 0x00000000ef400000, 0x00000000ef500000|  0%| F|  |TAMS 0x00000000ef400000| PB 0x00000000ef400000| Untracked 
| 245|0x00000000ef500000, 0x00000000ef500000, 0x00000000ef600000|  0%| F|  |TAMS 0x00000000ef500000| PB 0x00000000ef500000| Untracked 
| 246|0x00000000ef600000, 0x00000000ef600000, 0x00000000ef700000|  0%| F|  |TAMS 0x00000000ef600000| PB 0x00000000ef600000| Untracked 
| 247|0x00000000ef700000, 0x00000000ef700000, 0x00000000ef800000|  0%| F|  |TAMS 0x00000000ef700000| PB 0x00000000ef700000| Untracked 
| 248|0x00000000ef800000, 0x00000000ef800000, 0x00000000ef900000|  0%| F|  |TAMS 0x00000000ef800000| PB 0x00000000ef800000| Untracked 
| 249|0x00000000ef900000, 0x00000000ef900000, 0x00000000efa00000|  0%| F|  |TAMS 0x00000000ef900000| PB 0x00000000ef900000| Untracked 
| 250|0x00000000efa00000, 0x00000000efa00000, 0x00000000efb00000|  0%| F|  |TAMS 0x00000000efa00000| PB 0x00000000efa00000| Untracked 
| 251|0x00000000efb00000, 0x00000000efb00000, 0x00000000efc00000|  0%| F|  |TAMS 0x00000000efb00000| PB 0x00000000efb00000| Untracked 
| 252|0x00000000efc00000, 0x00000000efc00000, 0x00000000efd00000|  0%| F|  |TAMS 0x00000000efc00000| PB 0x00000000efc00000| Untracked 
| 253|0x00000000efd00000, 0x00000000efd00000, 0x00000000efe00000|  0%| F|  |TAMS 0x00000000efd00000| PB 0x00000000efd00000| Untracked 
| 254|0x00000000efe00000, 0x00000000efe00000, 0x00000000eff00000|  0%| F|  |TAMS 0x00000000efe00000| PB 0x00000000efe00000| Untracked 
| 255|0x00000000eff00000, 0x00000000eff00000, 0x00000000f0000000|  0%| F|  |TAMS 0x00000000eff00000| PB 0x00000000eff00000| Untracked 
| 256|0x00000000f0000000, 0x00000000f0000000, 0x00000000f0100000|  0%| F|  |TAMS 0x00000000f0000000| PB 0x00000000f0000000| Untracked 
| 257|0x00000000f0100000, 0x00000000f0100000, 0x00000000f0200000|  0%| F|  |TAMS 0x00000000f0100000| PB 0x00000000f0100000| Untracked 
| 258|0x00000000f0200000, 0x00000000f0200000, 0x00000000f0300000|  0%| F|  |TAMS 0x00000000f0200000| PB 0x00000000f0200000| Untracked 
| 259|0x00000000f0300000, 0x00000000f0300000, 0x00000000f0400000|  0%| F|  |TAMS 0x00000000f0300000| PB 0x00000000f0300000| Untracked 
| 260|0x00000000f0400000, 0x00000000f0400000, 0x00000000f0500000|  0%| F|  |TAMS 0x00000000f0400000| PB 0x00000000f0400000| Untracked 
| 261|0x00000000f0500000, 0x00000000f0500000, 0x00000000f0600000|  0%| F|  |TAMS 0x00000000f0500000| PB 0x00000000f0500000| Untracked 
| 262|0x00000000f0600000, 0x00000000f0600000, 0x00000000f0700000|  0%| F|  |TAMS 0x00000000f0600000| PB 0x00000000f0600000| Untracked 
| 263|0x00000000f0700000, 0x00000000f0700000, 0x00000000f0800000|  0%| F|  |TAMS 0x00000000f0700000| PB 0x00000000f0700000| Untracked 
| 264|0x00000000f0800000, 0x00000000f0800000, 0x00000000f0900000|  0%| F|  |TAMS 0x00000000f0800000| PB 0x00000000f0800000| Untracked 
| 265|0x00000000f0900000, 0x00000000f0900000, 0x00000000f0a00000|  0%| F|  |TAMS 0x00000000f0900000| PB 0x00000000f0900000| Untracked 
| 266|0x00000000f0a00000, 0x00000000f0a00000, 0x00000000f0b00000|  0%| F|  |TAMS 0x00000000f0a00000| PB 0x00000000f0a00000| Untracked 
| 267|0x00000000f0b00000, 0x00000000f0b00000, 0x00000000f0c00000|  0%| F|  |TAMS 0x00000000f0b00000| PB 0x00000000f0b00000| Untracked 
| 268|0x00000000f0c00000, 0x00000000f0c00000, 0x00000000f0d00000|  0%| F|  |TAMS 0x00000000f0c00000| PB 0x00000000f0c00000| Untracked 
| 269|0x00000000f0d00000, 0x00000000f0d00000, 0x00000000f0e00000|  0%| F|  |TAMS 0x00000000f0d00000| PB 0x00000000f0d00000| Untracked 
| 270|0x00000000f0e00000, 0x00000000f0e00000, 0x00000000f0f00000|  0%| F|  |TAMS 0x00000000f0e00000| PB 0x00000000f0e00000| Untracked 
| 271|0x00000000f0f00000, 0x00000000f0f00000, 0x00000000f1000000|  0%| F|  |TAMS 0x00000000f0f00000| PB 0x00000000f0f00000| Untracked 
| 272|0x00000000f1000000, 0x00000000f1000000, 0x00000000f1100000|  0%| F|  |TAMS 0x00000000f1000000| PB 0x00000000f1000000| Untracked 
| 273|0x00000000f1100000, 0x00000000f1100000, 0x00000000f1200000|  0%| F|  |TAMS 0x00000000f1100000| PB 0x00000000f1100000| Untracked 
| 274|0x00000000f1200000, 0x00000000f1200000, 0x00000000f1300000|  0%| F|  |TAMS 0x00000000f1200000| PB 0x00000000f1200000| Untracked 
| 275|0x00000000f1300000, 0x00000000f1300000, 0x00000000f1400000|  0%| F|  |TAMS 0x00000000f1300000| PB 0x00000000f1300000| Untracked 
| 276|0x00000000f1400000, 0x00000000f1500000, 0x00000000f1500000|100%| E|  |TAMS 0x00000000f1400000| PB 0x00000000f1400000| Complete 
| 277|0x00000000f1500000, 0x00000000f1600000, 0x00000000f1600000|100%| E|CS|TAMS 0x00000000f1500000| PB 0x00000000f1500000| Complete 
| 278|0x00000000f1600000, 0x00000000f1700000, 0x00000000f1700000|100%| E|CS|TAMS 0x00000000f1600000| PB 0x00000000f1600000| Complete 
| 279|0x00000000f1700000, 0x00000000f1800000, 0x00000000f1800000|100%| E|CS|TAMS 0x00000000f1700000| PB 0x00000000f1700000| Complete 
| 280|0x00000000f1800000, 0x00000000f1900000, 0x00000000f1900000|100%| E|CS|TAMS 0x00000000f1800000| PB 0x00000000f1800000| Complete 
| 281|0x00000000f1900000, 0x00000000f1a00000, 0x00000000f1a00000|100%| E|CS|TAMS 0x00000000f1900000| PB 0x00000000f1900000| Complete 
| 282|0x00000000f1a00000, 0x00000000f1b00000, 0x00000000f1b00000|100%| E|CS|TAMS 0x00000000f1a00000| PB 0x00000000f1a00000| Complete 
| 283|0x00000000f1b00000, 0x00000000f1c00000, 0x00000000f1c00000|100%| E|CS|TAMS 0x00000000f1b00000| PB 0x00000000f1b00000| Complete 
| 284|0x00000000f1c00000, 0x00000000f1d00000, 0x00000000f1d00000|100%| E|CS|TAMS 0x00000000f1c00000| PB 0x00000000f1c00000| Complete 
| 285|0x00000000f1d00000, 0x00000000f1e00000, 0x00000000f1e00000|100%| E|CS|TAMS 0x00000000f1d00000| PB 0x00000000f1d00000| Complete 
| 286|0x00000000f1e00000, 0x00000000f1f00000, 0x00000000f1f00000|100%| E|CS|TAMS 0x00000000f1e00000| PB 0x00000000f1e00000| Complete 
| 287|0x00000000f1f00000, 0x00000000f2000000, 0x00000000f2000000|100%| E|CS|TAMS 0x00000000f1f00000| PB 0x00000000f1f00000| Complete 
| 288|0x00000000f2000000, 0x00000000f2100000, 0x00000000f2100000|100%| E|CS|TAMS 0x00000000f2000000| PB 0x00000000f2000000| Complete 
| 289|0x00000000f2100000, 0x00000000f2200000, 0x00000000f2200000|100%| E|CS|TAMS 0x00000000f2100000| PB 0x00000000f2100000| Complete 
| 290|0x00000000f2200000, 0x00000000f2300000, 0x00000000f2300000|100%| E|CS|TAMS 0x00000000f2200000| PB 0x00000000f2200000| Complete 
| 291|0x00000000f2300000, 0x00000000f2400000, 0x00000000f2400000|100%| E|CS|TAMS 0x00000000f2300000| PB 0x00000000f2300000| Complete 
| 292|0x00000000f2400000, 0x00000000f2500000, 0x00000000f2500000|100%| E|CS|TAMS 0x00000000f2400000| PB 0x00000000f2400000| Complete 
| 293|0x00000000f2500000, 0x00000000f2600000, 0x00000000f2600000|100%| E|CS|TAMS 0x00000000f2500000| PB 0x00000000f2500000| Complete 
| 294|0x00000000f2600000, 0x00000000f2700000, 0x00000000f2700000|100%| E|CS|TAMS 0x00000000f2600000| PB 0x00000000f2600000| Complete 
| 295|0x00000000f2700000, 0x00000000f2800000, 0x00000000f2800000|100%| E|CS|TAMS 0x00000000f2700000| PB 0x00000000f2700000| Complete 
| 296|0x00000000f2800000, 0x00000000f2900000, 0x00000000f2900000|100%| E|CS|TAMS 0x00000000f2800000| PB 0x00000000f2800000| Complete 
| 297|0x00000000f2900000, 0x00000000f2a00000, 0x00000000f2a00000|100%| E|CS|TAMS 0x00000000f2900000| PB 0x00000000f2900000| Complete 
| 298|0x00000000f2a00000, 0x00000000f2b00000, 0x00000000f2b00000|100%| E|CS|TAMS 0x00000000f2a00000| PB 0x00000000f2a00000| Complete 
| 299|0x00000000f2b00000, 0x00000000f2c00000, 0x00000000f2c00000|100%| E|CS|TAMS 0x00000000f2b00000| PB 0x00000000f2b00000| Complete 
| 300|0x00000000f2c00000, 0x00000000f2d00000, 0x00000000f2d00000|100%| E|CS|TAMS 0x00000000f2c00000| PB 0x00000000f2c00000| Complete 
| 301|0x00000000f2d00000, 0x00000000f2e00000, 0x00000000f2e00000|100%| E|CS|TAMS 0x00000000f2d00000| PB 0x00000000f2d00000| Complete 
| 302|0x00000000f2e00000, 0x00000000f2f00000, 0x00000000f2f00000|100%| E|CS|TAMS 0x00000000f2e00000| PB 0x00000000f2e00000| Complete 
| 303|0x00000000f2f00000, 0x00000000f3000000, 0x00000000f3000000|100%| E|CS|TAMS 0x00000000f2f00000| PB 0x00000000f2f00000| Complete 
| 304|0x00000000f3000000, 0x00000000f3100000, 0x00000000f3100000|100%| E|CS|TAMS 0x00000000f3000000| PB 0x00000000f3000000| Complete 
| 305|0x00000000f3100000, 0x00000000f3200000, 0x00000000f3200000|100%| E|CS|TAMS 0x00000000f3100000| PB 0x00000000f3100000| Complete 
| 306|0x00000000f3200000, 0x00000000f3300000, 0x00000000f3300000|100%| E|CS|TAMS 0x00000000f3200000| PB 0x00000000f3200000| Complete 
| 307|0x00000000f3300000, 0x00000000f3400000, 0x00000000f3400000|100%| E|CS|TAMS 0x00000000f3300000| PB 0x00000000f3300000| Complete 
| 308|0x00000000f3400000, 0x00000000f3500000, 0x00000000f3500000|100%| E|CS|TAMS 0x00000000f3400000| PB 0x00000000f3400000| Complete 
| 309|0x00000000f3500000, 0x00000000f3600000, 0x00000000f3600000|100%| E|CS|TAMS 0x00000000f3500000| PB 0x00000000f3500000| Complete 
| 310|0x00000000f3600000, 0x00000000f3700000, 0x00000000f3700000|100%| E|CS|TAMS 0x00000000f3600000| PB 0x00000000f3600000| Complete 
| 311|0x00000000f3700000, 0x00000000f3800000, 0x00000000f3800000|100%| E|CS|TAMS 0x00000000f3700000| PB 0x00000000f3700000| Complete 
| 312|0x00000000f3800000, 0x00000000f3900000, 0x00000000f3900000|100%| E|CS|TAMS 0x00000000f3800000| PB 0x00000000f3800000| Complete 
| 313|0x00000000f3900000, 0x00000000f3a00000, 0x00000000f3a00000|100%| E|CS|TAMS 0x00000000f3900000| PB 0x00000000f3900000| Complete 
| 314|0x00000000f3a00000, 0x00000000f3b00000, 0x00000000f3b00000|100%| E|CS|TAMS 0x00000000f3a00000| PB 0x00000000f3a00000| Complete 
| 315|0x00000000f3b00000, 0x00000000f3c00000, 0x00000000f3c00000|100%| E|CS|TAMS 0x00000000f3b00000| PB 0x00000000f3b00000| Complete 
| 316|0x00000000f3c00000, 0x00000000f3d00000, 0x00000000f3d00000|100%| E|CS|TAMS 0x00000000f3c00000| PB 0x00000000f3c00000| Complete 
| 317|0x00000000f3d00000, 0x00000000f3e00000, 0x00000000f3e00000|100%| E|CS|TAMS 0x00000000f3d00000| PB 0x00000000f3d00000| Complete 
| 318|0x00000000f3e00000, 0x00000000f3f00000, 0x00000000f3f00000|100%| E|CS|TAMS 0x00000000f3e00000| PB 0x00000000f3e00000| Complete 
| 319|0x00000000f3f00000, 0x00000000f4000000, 0x00000000f4000000|100%| E|CS|TAMS 0x00000000f3f00000| PB 0x00000000f3f00000| Complete 
| 320|0x00000000f4000000, 0x00000000f4100000, 0x00000000f4100000|100%| E|CS|TAMS 0x00000000f4000000| PB 0x00000000f4000000| Complete 
| 321|0x00000000f4100000, 0x00000000f4200000, 0x00000000f4200000|100%| E|CS|TAMS 0x00000000f4100000| PB 0x00000000f4100000| Complete 
| 322|0x00000000f4200000, 0x00000000f4300000, 0x00000000f4300000|100%| E|CS|TAMS 0x00000000f4200000| PB 0x00000000f4200000| Complete 
| 323|0x00000000f4300000, 0x00000000f4400000, 0x00000000f4400000|100%| E|CS|TAMS 0x00000000f4300000| PB 0x00000000f4300000| Complete 
| 324|0x00000000f4400000, 0x00000000f4500000, 0x00000000f4500000|100%| E|CS|TAMS 0x00000000f4400000| PB 0x00000000f4400000| Complete 
| 325|0x00000000f4500000, 0x00000000f4600000, 0x00000000f4600000|100%| E|CS|TAMS 0x00000000f4500000| PB 0x00000000f4500000| Complete 
| 326|0x00000000f4600000, 0x00000000f4700000, 0x00000000f4700000|100%| E|CS|TAMS 0x00000000f4600000| PB 0x00000000f4600000| Complete 
| 327|0x00000000f4700000, 0x00000000f4800000, 0x00000000f4800000|100%| E|CS|TAMS 0x00000000f4700000| PB 0x00000000f4700000| Complete 
| 328|0x00000000f4800000, 0x00000000f4900000, 0x00000000f4900000|100%| E|CS|TAMS 0x00000000f4800000| PB 0x00000000f4800000| Complete 
| 329|0x00000000f4900000, 0x00000000f4a00000, 0x00000000f4a00000|100%| E|CS|TAMS 0x00000000f4900000| PB 0x00000000f4900000| Complete 
| 330|0x00000000f4a00000, 0x00000000f4b00000, 0x00000000f4b00000|100%| E|CS|TAMS 0x00000000f4a00000| PB 0x00000000f4a00000| Complete 
| 331|0x00000000f4b00000, 0x00000000f4c00000, 0x00000000f4c00000|100%| E|CS|TAMS 0x00000000f4b00000| PB 0x00000000f4b00000| Complete 
| 332|0x00000000f4c00000, 0x00000000f4d00000, 0x00000000f4d00000|100%| E|CS|TAMS 0x00000000f4c00000| PB 0x00000000f4c00000| Complete 
| 333|0x00000000f4d00000, 0x00000000f4e00000, 0x00000000f4e00000|100%| E|CS|TAMS 0x00000000f4d00000| PB 0x00000000f4d00000| Complete 
| 334|0x00000000f4e00000, 0x00000000f4f00000, 0x00000000f4f00000|100%| E|CS|TAMS 0x00000000f4e00000| PB 0x00000000f4e00000| Complete 
| 335|0x00000000f4f00000, 0x00000000f5000000, 0x00000000f5000000|100%| E|CS|TAMS 0x00000000f4f00000| PB 0x00000000f4f00000| Complete 
| 336|0x00000000f5000000, 0x00000000f5100000, 0x00000000f5100000|100%| E|CS|TAMS 0x00000000f5000000| PB 0x00000000f5000000| Complete 
| 379|0x00000000f7b00000, 0x00000000f7c00000, 0x00000000f7c00000|100%| E|CS|TAMS 0x00000000f7b00000| PB 0x00000000f7b00000| Complete 
| 506|0x00000000ffa00000, 0x00000000ffb00000, 0x00000000ffb00000|100%| O|  |TAMS 0x00000000ffa00000| PB 0x00000000ffa00000| Untracked 
| 507|0x00000000ffb00000, 0x00000000ffc00000, 0x00000000ffc00000|100%| O|  |TAMS 0x00000000ffb00000| PB 0x00000000ffb00000| Untracked 
| 508|0x00000000ffc00000, 0x00000000ffd00000, 0x00000000ffd00000|100%| O|  |TAMS 0x00000000ffc00000| PB 0x00000000ffc00000| Untracked 
| 509|0x00000000ffd00000, 0x00000000ffe00000, 0x00000000ffe00000|100%| O|  |TAMS 0x00000000ffd00000| PB 0x00000000ffd00000| Untracked 
| 510|0x00000000ffe00000, 0x00000000fff00000, 0x00000000fff00000|100%| O|  |TAMS 0x00000000ffe00000| PB 0x00000000ffe00000| Untracked 
| 511|0x00000000fff00000, 0x0000000100000000, 0x0000000100000000|100%| O|  |TAMS 0x00000000fff00000| PB 0x00000000fff00000| Untracked 

Card table byte_map: [0x000001f5776d0000,0x000001f5777d0000] _byte_map_base: 0x000001f576fd0000

Marking Bits: (CMBitMap*) 0x000001f56e42c960
 Bits: [0x000001f5777d0000, 0x000001f577fd0000)

Polling page: 0x000001f56bef0000

Metaspace:

Usage:
  Non-class:     89.33 MB used.
      Class:     14.48 MB used.
       Both:    103.80 MB used.

Virtual space:
  Non-class space:      128.00 MB reserved,      90.38 MB ( 71%) committed,  2 nodes.
      Class space:        1.00 GB reserved,      15.56 MB (  2%) committed,  1 nodes.
             Both:        1.12 GB reserved,     105.94 MB (  9%) committed. 

Chunk freelists:
   Non-Class:  4.88 MB
       Class:  496.00 KB
        Both:  5.36 MB

MaxMetaspaceSize: unlimited
CompressedClassSpaceSize: 1.00 GB
Initial GC threshold: 21.00 MB
Current GC threshold: 173.69 MB
CDS: on
 - commit_granule_bytes: 65536.
 - commit_granule_words: 8192.
 - virtual_space_node_default_size: 8388608.
 - enlarge_chunks_in_place: 1.
 - use_allocation_guard: 0.


Internal statistics:

num_allocs_failed_limit: 9.
num_arena_births: 4006.
num_arena_deaths: 0.
num_vsnodes_births: 3.
num_vsnodes_deaths: 0.
num_space_committed: 1694.
num_space_uncommitted: 0.
num_chunks_returned_to_freelist: 9.
num_chunks_taken_from_freelist: 8735.
num_chunk_merges: 6.
num_chunk_splits: 5692.
num_chunks_enlarged: 3591.
num_inconsistent_stats: 0.

CodeHeap 'non-profiled nmethods': size=119168Kb used=8340Kb max_used=8340Kb free=110827Kb
 bounds [0x000001f507ba0000, 0x000001f5083d0000, 0x000001f50f000000]
CodeHeap 'profiled nmethods': size=119104Kb used=25776Kb max_used=25985Kb free=93328Kb
 bounds [0x000001f500000000, 0x000001f501980000, 0x000001f507450000]
CodeHeap 'non-nmethods': size=7488Kb used=4453Kb max_used=4505Kb free=3034Kb
 bounds [0x000001f507450000, 0x000001f5078d0000, 0x000001f507ba0000]
CodeCache: size=245760Kb, used=38569Kb, max_used=38830Kb, free=207189Kb
 total_blobs=14362, nmethods=13346, adapters=917, full_count=0
Compilation: enabled, stopped_count=0, restarted_count=0

Compilation events (20 events):
Event: 25.019 Thread 0x000001f555516c10 16062       3       sun.security.ec.ECOperations$PointMultiplier$Secp256R1GeneratorMultiplier::bit (13 bytes)
Event: 25.019 Thread 0x000001f555516c10 nmethod 16062 0x000001f500635090 code [0x000001f500635220, 0x000001f500635348]
Event: 25.019 Thread 0x000001f5616e57a0 16063       4       sun.security.ec.ECOperations$PointMultiplier$Secp256R1GeneratorMultiplier::bit (13 bytes)
Event: 25.019 Thread 0x000001f555516c10 16064       3       java.math.BigInteger::shiftLeft (48 bytes)
Event: 25.019 Thread 0x000001f57b2b64b0 16065       3       java.math.BigInteger::shiftLeft (155 bytes)
Event: 25.020 Thread 0x000001f5551b91a0 16066       3       java.math.BigInteger::add (123 bytes)
Event: 25.020 Thread 0x000001f555516c10 nmethod 16064 0x000001f500ca9290 code [0x000001f500ca9480, 0x000001f500ca97c8]
Event: 25.020 Thread 0x000001f558a4fb10 16067       4       java.util.Objects::checkFromToIndex (8 bytes)
Event: 25.020 Thread 0x000001f5551b91a0 nmethod 16066 0x000001f500ca8890 code [0x000001f500ca8ac0, 0x000001f500ca9070]
Event: 25.020 Thread 0x000001f57b2b64b0 nmethod 16065 0x000001f501620790 code [0x000001f5016209c0, 0x000001f501621268]
Event: 25.020 Thread 0x000001f55503dc50 16068       3       java.math.BigInteger::toByteArray (78 bytes)
Event: 25.021 Thread 0x000001f57b2b64b0 16069       3       sun.security.ssl.HandshakeOutStream::checkOverflow (42 bytes)
Event: 25.021 Thread 0x000001f55503dc50 nmethod 16068 0x000001f501620090 code [0x000001f501620260, 0x000001f501620618]
Event: 25.021 Thread 0x000001f5616e57a0 nmethod 16063 0x000001f508347490 code [0x000001f508347620, 0x000001f5083476e0]
Event: 25.021 Thread 0x000001f5551b91a0 16070       3       sun.security.ssl.HandshakeOutStream::putInt16 (20 bytes)
Event: 25.021 Thread 0x000001f558a4fb10 nmethod 16067 0x000001f508347110 code [0x000001f5083472a0, 0x000001f508347378]
Event: 25.021 Thread 0x000001f57b2b64b0 nmethod 16069 0x000001f5001dd190 code [0x000001f5001dd3e0, 0x000001f5001ddb00]
Event: 25.021 Thread 0x000001f5551b91a0 nmethod 16070 0x000001f5001dc810 code [0x000001f5001dca00, 0x000001f5001dced0]
Event: 25.036 Thread 0x000001f5616e4a00 nmethod 16048 0x000001f508067a90 code [0x000001f508067c80, 0x000001f508068570]
Event: 25.037 Thread 0x000001f5616e8080 nmethod 16057 0x000001f508066710 code [0x000001f508066900, 0x000001f508067390]

GC Heap History (20 events):
Event: 23.045 GC heap before
{Heap before GC invocations=36 (full 0):
 garbage-first heap   total 179200K, used 148102K [0x00000000e0000000, 0x0000000100000000)
  region size 1024K, 47 young (48128K), 6 survivors (6144K)
 Metaspace       used 96523K, committed 98752K, reserved 1179648K
  class space    used 13623K, committed 14720K, reserved 1048576K
}
Event: 23.048 GC heap after
{Heap after GC invocations=37 (full 0):
 garbage-first heap   total 179200K, used 111059K [0x00000000e0000000, 0x0000000100000000)
  region size 1024K, 4 young (4096K), 4 survivors (4096K)
 Metaspace       used 96523K, committed 98752K, reserved 1179648K
  class space    used 13623K, committed 14720K, reserved 1048576K
}
Event: 23.443 GC heap before
{Heap before GC invocations=37 (full 0):
 garbage-first heap   total 179200K, used 167379K [0x00000000e0000000, 0x0000000100000000)
  region size 1024K, 55 young (56320K), 4 survivors (4096K)
 Metaspace       used 99713K, committed 102016K, reserved 1179648K
  class space    used 13941K, committed 15104K, reserved 1048576K
}
Event: 23.447 GC heap after
{Heap after GC invocations=38 (full 0):
 garbage-first heap   total 179200K, used 113012K [0x00000000e0000000, 0x0000000100000000)
  region size 1024K, 6 young (6144K), 6 survivors (6144K)
 Metaspace       used 99713K, committed 102016K, reserved 1179648K
  class space    used 13941K, committed 15104K, reserved 1048576K
}
Event: 23.834 GC heap before
{Heap before GC invocations=38 (full 0):
 garbage-first heap   total 179200K, used 146804K [0x00000000e0000000, 0x0000000100000000)
  region size 1024K, 41 young (41984K), 6 survivors (6144K)
 Metaspace       used 101038K, committed 103296K, reserved 1179648K
  class space    used 14122K, committed 15232K, reserved 1048576K
}
Event: 23.839 GC heap after
{Heap after GC invocations=39 (full 0):
 garbage-first heap   total 179200K, used 116861K [0x00000000e0000000, 0x0000000100000000)
  region size 1024K, 6 young (6144K), 6 survivors (6144K)
 Metaspace       used 101038K, committed 103296K, reserved 1179648K
  class space    used 14122K, committed 15232K, reserved 1048576K
}
Event: 23.946 GC heap before
{Heap before GC invocations=40 (full 0):
 garbage-first heap   total 347136K, used 248957K [0x00000000e0000000, 0x0000000100000000)
  region size 1024K, 48 young (49152K), 6 survivors (6144K)
 Metaspace       used 101309K, committed 103552K, reserved 1179648K
  class space    used 14169K, committed 15296K, reserved 1048576K
}
Event: 23.949 GC heap after
{Heap after GC invocations=41 (full 0):
 garbage-first heap   total 347136K, used 208299K [0x00000000e0000000, 0x0000000100000000)
  region size 1024K, 2 young (2048K), 2 survivors (2048K)
 Metaspace       used 101309K, committed 103552K, reserved 1179648K
  class space    used 14169K, committed 15296K, reserved 1048576K
}
Event: 24.019 GC heap before
{Heap before GC invocations=41 (full 0):
 garbage-first heap   total 347136K, used 317867K [0x00000000e0000000, 0x0000000100000000)
  region size 1024K, 110 young (112640K), 2 survivors (2048K)
 Metaspace       used 101526K, committed 103808K, reserved 1179648K
  class space    used 14224K, committed 15360K, reserved 1048576K
}
Event: 24.022 GC heap after
{Heap after GC invocations=42 (full 0):
 garbage-first heap   total 347136K, used 208018K [0x00000000e0000000, 0x0000000100000000)
  region size 1024K, 2 young (2048K), 2 survivors (2048K)
 Metaspace       used 101526K, committed 103808K, reserved 1179648K
  class space    used 14224K, committed 15360K, reserved 1048576K
}
Event: 24.087 GC heap before
{Heap before GC invocations=42 (full 0):
 garbage-first heap   total 347136K, used 326802K [0x00000000e0000000, 0x0000000100000000)
  region size 1024K, 119 young (121856K), 2 survivors (2048K)
 Metaspace       used 101691K, committed 103936K, reserved 1179648K
  class space    used 14248K, committed 15360K, reserved 1048576K
}
Event: 24.090 GC heap after
{Heap after GC invocations=43 (full 0):
 garbage-first heap   total 347136K, used 208923K [0x00000000e0000000, 0x0000000100000000)
  region size 1024K, 3 young (3072K), 3 survivors (3072K)
 Metaspace       used 101691K, committed 103936K, reserved 1179648K
  class space    used 14248K, committed 15360K, reserved 1048576K
}
Event: 24.156 GC heap before
{Heap before GC invocations=44 (full 0):
 garbage-first heap   total 350208K, used 326683K [0x00000000e0000000, 0x0000000100000000)
  region size 1024K, 119 young (121856K), 3 survivors (3072K)
 Metaspace       used 101842K, committed 104064K, reserved 1179648K
  class space    used 14266K, committed 15360K, reserved 1048576K
}
Event: 24.158 GC heap after
{Heap after GC invocations=45 (full 0):
 garbage-first heap   total 350208K, used 209285K [0x00000000e0000000, 0x0000000100000000)
  region size 1024K, 3 young (3072K), 3 survivors (3072K)
 Metaspace       used 101842K, committed 104064K, reserved 1179648K
  class space    used 14266K, committed 15360K, reserved 1048576K
}
Event: 24.232 GC heap before
{Heap before GC invocations=45 (full 0):
 garbage-first heap   total 350208K, used 330117K [0x00000000e0000000, 0x0000000100000000)
  region size 1024K, 122 young (124928K), 3 survivors (3072K)
 Metaspace       used 102287K, committed 104448K, reserved 1179648K
  class space    used 14306K, committed 15360K, reserved 1048576K
}
Event: 24.234 GC heap after
{Heap after GC invocations=46 (full 0):
 garbage-first heap   total 350208K, used 208419K [0x00000000e0000000, 0x0000000100000000)
  region size 1024K, 3 young (3072K), 3 survivors (3072K)
 Metaspace       used 102287K, committed 104448K, reserved 1179648K
  class space    used 14306K, committed 15360K, reserved 1048576K
}
Event: 24.522 GC heap before
{Heap before GC invocations=46 (full 0):
 garbage-first heap   total 350208K, used 330275K [0x00000000e0000000, 0x0000000100000000)
  region size 1024K, 123 young (125952K), 3 survivors (3072K)
 Metaspace       used 104394K, committed 106560K, reserved 1179648K
  class space    used 14542K, committed 15616K, reserved 1048576K
}
Event: 24.525 GC heap after
{Heap after GC invocations=47 (full 0):
 garbage-first heap   total 350208K, used 209961K [0x00000000e0000000, 0x0000000100000000)
  region size 1024K, 5 young (5120K), 5 survivors (5120K)
 Metaspace       used 104394K, committed 106560K, reserved 1179648K
  class space    used 14542K, committed 15616K, reserved 1048576K
}
Event: 24.824 GC heap before
{Heap before GC invocations=48 (full 0):
 garbage-first heap   total 352256K, used 330793K [0x00000000e0000000, 0x0000000100000000)
  region size 1024K, 123 young (125952K), 5 survivors (5120K)
 Metaspace       used 105124K, committed 107328K, reserved 1179648K
  class space    used 14651K, committed 15744K, reserved 1048576K
}
Event: 24.828 GC heap after
{Heap after GC invocations=49 (full 0):
 garbage-first heap   total 352256K, used 121456K [0x00000000e0000000, 0x0000000100000000)
  region size 1024K, 6 young (6144K), 6 survivors (6144K)
 Metaspace       used 105124K, committed 107328K, reserved 1179648K
  class space    used 14651K, committed 15744K, reserved 1048576K
}

Dll operation events (20 events):
Event: 0.056 Attempting to load shared library C:\Program Files\Microsoft\jdk-21.0.12.101-hotspot\bin\nio.dll
Event: 0.056 Loaded shared library C:\Program Files\Microsoft\jdk-21.0.12.101-hotspot\bin\nio.dll
Event: 0.058 Attempting to load shared library C:\Program Files\Microsoft\jdk-21.0.12.101-hotspot\bin\zip.dll
Event: 0.058 Loaded shared library C:\Program Files\Microsoft\jdk-21.0.12.101-hotspot\bin\zip.dll
Event: 0.280 Attempting to load shared library C:\Program Files\Microsoft\jdk-21.0.12.101-hotspot\bin\jimage.dll
Event: 0.280 Loaded shared library C:\Program Files\Microsoft\jdk-21.0.12.101-hotspot\bin\jimage.dll
Event: 0.350 Attempting to load shared library C:\Program Files\Microsoft\jdk-21.0.12.101-hotspot\bin\verify.dll
Event: 0.350 Loaded shared library C:\Program Files\Microsoft\jdk-21.0.12.101-hotspot\bin\verify.dll
Event: 0.450 Attempting to load shared library C:\Users\araba\.gradle\native\c067742578af261105cb4f569cf0c3c89f3d7b1fecec35dd04571415982c5e48\windows-amd64\native-platform.dll
Event: 0.451 Loaded shared library C:\Users\araba\.gradle\native\c067742578af261105cb4f569cf0c3c89f3d7b1fecec35dd04571415982c5e48\windows-amd64\native-platform.dll
Event: 0.453 Attempting to load shared library C:\Users\araba\.gradle\native\100fb08df4bc3b14c8652ba06237920a3bd2aa13389f12d3474272988ae205f9\windows-amd64\native-platform-file-events.dll
Event: 0.475 Loaded shared library C:\Users\araba\.gradle\native\100fb08df4bc3b14c8652ba06237920a3bd2aa13389f12d3474272988ae205f9\windows-amd64\native-platform-file-events.dll
Event: 13.424 Attempting to load shared library C:\Program Files\Microsoft\jdk-21.0.12.101-hotspot\bin\management.dll
Event: 13.424 Loaded shared library C:\Program Files\Microsoft\jdk-21.0.12.101-hotspot\bin\management.dll
Event: 13.426 Attempting to load shared library C:\Program Files\Microsoft\jdk-21.0.12.101-hotspot\bin\management_ext.dll
Event: 13.426 Loaded shared library C:\Program Files\Microsoft\jdk-21.0.12.101-hotspot\bin\management_ext.dll
Event: 13.551 Attempting to load shared library C:\Program Files\Microsoft\jdk-21.0.12.101-hotspot\bin\extnet.dll
Event: 13.551 Loaded shared library C:\Program Files\Microsoft\jdk-21.0.12.101-hotspot\bin\extnet.dll
Event: 13.669 Attempting to load shared library C:\Program Files\Microsoft\jdk-21.0.12.101-hotspot\bin\sunmscapi.dll
Event: 13.670 Loaded shared library C:\Program Files\Microsoft\jdk-21.0.12.101-hotspot\bin\sunmscapi.dll

Deoptimization events (20 events):
Event: 24.982 Thread 0x000001f57b55b400 Uncommon trap: trap_request=0xffffffde fr.pc=0x000001f50834f3e4 relative=0x00000000000000a4
Event: 24.982 Thread 0x000001f57b55b400 Uncommon trap: reason=class_check action=maybe_recompile pc=0x000001f50834f3e4 method=sun.security.util.math.intpoly.IntegerPolynomial$MutableElement.setSquare()Lsun/security/util/math/intpoly/IntegerPolynomial$MutableElement; @ 42 c2
Event: 24.982 Thread 0x000001f57b55b400 DEOPT PACKING pc=0x000001f50834f3e4 sp=0x000000ba9e9f7f50
Event: 24.982 Thread 0x000001f57b55b400 DEOPT UNPACKING pc=0x000001f5074a4422 sp=0x000000ba9e9f7ed8 mode 2
Event: 24.982 Thread 0x000001f57b55b400 Uncommon trap: trap_request=0xffffffde fr.pc=0x000001f50834f3e4 relative=0x00000000000000a4
Event: 24.982 Thread 0x000001f57b55b400 Uncommon trap: reason=class_check action=maybe_recompile pc=0x000001f50834f3e4 method=sun.security.util.math.intpoly.IntegerPolynomial$MutableElement.setSquare()Lsun/security/util/math/intpoly/IntegerPolynomial$MutableElement; @ 42 c2
Event: 24.982 Thread 0x000001f57b55b400 DEOPT PACKING pc=0x000001f50834f3e4 sp=0x000000ba9e9f7f50
Event: 24.982 Thread 0x000001f57b55b400 DEOPT UNPACKING pc=0x000001f5074a4422 sp=0x000000ba9e9f7ed8 mode 2
Event: 24.982 Thread 0x000001f57b55b400 Uncommon trap: trap_request=0xffffffde fr.pc=0x000001f50834f3e4 relative=0x00000000000000a4
Event: 24.982 Thread 0x000001f57b55b400 Uncommon trap: reason=class_check action=maybe_recompile pc=0x000001f50834f3e4 method=sun.security.util.math.intpoly.IntegerPolynomial$MutableElement.setSquare()Lsun/security/util/math/intpoly/IntegerPolynomial$MutableElement; @ 42 c2
Event: 24.982 Thread 0x000001f57b55b400 DEOPT PACKING pc=0x000001f50834f3e4 sp=0x000000ba9e9f7f50
Event: 24.982 Thread 0x000001f57b55b400 DEOPT UNPACKING pc=0x000001f5074a4422 sp=0x000000ba9e9f7ed8 mode 2
Event: 24.983 Thread 0x000001f57b55b400 Uncommon trap: trap_request=0xffffffde fr.pc=0x000001f50834f3e4 relative=0x00000000000000a4
Event: 24.983 Thread 0x000001f57b55b400 Uncommon trap: reason=class_check action=maybe_recompile pc=0x000001f50834f3e4 method=sun.security.util.math.intpoly.IntegerPolynomial$MutableElement.setSquare()Lsun/security/util/math/intpoly/IntegerPolynomial$MutableElement; @ 42 c2
Event: 24.983 Thread 0x000001f57b55b400 DEOPT PACKING pc=0x000001f50834f3e4 sp=0x000000ba9e9f7f50
Event: 24.983 Thread 0x000001f57b55b400 DEOPT UNPACKING pc=0x000001f5074a4422 sp=0x000000ba9e9f7ed8 mode 2
Event: 24.984 Thread 0x000001f57b55b400 Uncommon trap: trap_request=0xffffffde fr.pc=0x000001f507fe7a40 relative=0x0000000000000280
Event: 24.984 Thread 0x000001f57b55b400 Uncommon trap: reason=class_check action=maybe_recompile pc=0x000001f507fe7a40 method=sun.security.util.math.intpoly.IntegerPolynomial$MutableElement.setSum(Lsun/security/util/math/IntegerModuloP;)Lsun/security/util/math/intpoly/IntegerPolynomial$MutableE
Event: 24.984 Thread 0x000001f57b55b400 DEOPT PACKING pc=0x000001f507fe7a40 sp=0x000000ba9e9f8000
Event: 24.984 Thread 0x000001f57b55b400 DEOPT UNPACKING pc=0x000001f5074a4422 sp=0x000000ba9e9f7f28 mode 2

Classes loaded (20 events):
Event: 24.934 Loading class sun/security/util/math/intpoly/IntegerPolynomialP384
Event: 24.934 Loading class sun/security/util/math/intpoly/IntegerPolynomialP384 done
Event: 24.934 Loading class sun/security/util/math/intpoly/IntegerPolynomialP521
Event: 24.934 Loading class sun/security/util/math/intpoly/IntegerPolynomialP521 done
Event: 24.935 Loading class sun/security/util/math/intpoly/P384OrderField
Event: 24.935 Loading class sun/security/util/math/intpoly/P384OrderField done
Event: 24.935 Loading class sun/security/util/math/intpoly/P521OrderField
Event: 24.936 Loading class sun/security/util/math/intpoly/P521OrderField done
Event: 24.938 Loading class java/security/interfaces/ECPrivateKey
Event: 24.938 Loading class java/security/interfaces/ECPrivateKey done
Event: 24.942 Loading class sun/security/util/ArrayUtil
Event: 24.942 Loading class sun/security/util/ArrayUtil done
Event: 24.975 Loading class sun/security/util/math/IntegerModuloP$MultiplicativeInverser$Secp256R1
Event: 24.976 Loading class sun/security/util/math/IntegerModuloP$MultiplicativeInverser$Secp256R1 done
Event: 25.019 Loading class sun/security/ssl/KeyShareExtension$CHKeyShareSpec
Event: 25.020 Loading class sun/security/ssl/KeyShareExtension$CHKeyShareSpec done
Event: 25.020 Loading class sun/security/ssl/OutputRecord$T13PaddingHolder
Event: 25.021 Loading class sun/security/ssl/OutputRecord$T13PaddingHolder done
Event: 25.021 Loading class sun/security/ssl/ContentType
Event: 25.021 Loading class sun/security/ssl/ContentType done

Classes unloaded (0 events):
No events

Classes redefined (0 events):
No events

Internal exceptions (20 events):
Event: 24.160 Thread 0x000001f56160ed30 Exception <a 'sun/nio/fs/WindowsException'{0x00000000f7b016e8}> (0x00000000f7b016e8) 
thrown [s\src\hotspot\share\prims\jni.cpp, line 520]
Event: 24.160 Thread 0x000001f56160ed30 Exception <a 'sun/nio/fs/WindowsException'{0x00000000f7b018e0}> (0x00000000f7b018e0) 
thrown [s\src\hotspot\share\prims\jni.cpp, line 520]
Event: 24.162 Thread 0x000001f56160bf40 Exception <a 'sun/nio/fs/WindowsException'{0x00000000f4bfd2a0}> (0x00000000f4bfd2a0) 
thrown [s\src\hotspot\share\prims\jni.cpp, line 520]
Event: 24.166 Thread 0x000001f56160b220 Exception <a 'sun/nio/fs/WindowsException'{0x00000000f40c6d38}> (0x00000000f40c6d38) 
thrown [s\src\hotspot\share\prims\jni.cpp, line 520]
Event: 24.166 Thread 0x000001f56160b220 Exception <a 'sun/nio/fs/WindowsException'{0x00000000f40c6f30}> (0x00000000f40c6f30) 
thrown [s\src\hotspot\share\prims\jni.cpp, line 520]
Event: 24.166 Thread 0x000001f56160cc60 Exception <a 'sun/nio/fs/WindowsException'{0x00000000f3cfa678}> (0x00000000f3cfa678) 
thrown [s\src\hotspot\share\prims\jni.cpp, line 520]
Event: 24.169 Thread 0x000001f56160e6a0 Exception <a 'sun/nio/fs/WindowsException'{0x00000000f40208d8}> (0x00000000f40208d8) 
thrown [s\src\hotspot\share\prims\jni.cpp, line 520]
Event: 24.170 Thread 0x000001f56160e6a0 Exception <a 'sun/nio/fs/WindowsException'{0x00000000f4020ac0}> (0x00000000f4020ac0) 
thrown [s\src\hotspot\share\prims\jni.cpp, line 520]
Event: 24.171 Thread 0x000001f561609e70 Implicit null exception at 0x000001f5082ed185 to 0x000001f5082ed270
Event: 24.171 Thread 0x000001f56160e010 Exception <a 'sun/nio/fs/WindowsException'{0x00000000f366be90}> (0x00000000f366be90) 
thrown [s\src\hotspot\share\prims\jni.cpp, line 520]
Event: 24.175 Thread 0x000001f56160ed30 Exception <a 'sun/nio/fs/WindowsException'{0x00000000f277c430}> (0x00000000f277c430) 
thrown [s\src\hotspot\share\prims\jni.cpp, line 520]
Event: 24.178 Thread 0x000001f56160b220 Exception <a 'sun/nio/fs/WindowsException'{0x00000000f24471a8}> (0x00000000f24471a8) 
thrown [s\src\hotspot\share\prims\jni.cpp, line 520]
Event: 24.180 Thread 0x000001f56160e6a0 Exception <a 'sun/nio/fs/WindowsException'{0x00000000f1fd2188}> (0x00000000f1fd2188) 
thrown [s\src\hotspot\share\prims\jni.cpp, line 520]
Event: 24.185 Thread 0x000001f56160fa50 Exception <a 'sun/nio/fs/WindowsException'{0x00000000f14f49d0}> (0x00000000f14f49d0) 
thrown [s\src\hotspot\share\prims\jni.cpp, line 520]
Event: 24.194 Thread 0x000001f56160ed30 Exception <a 'sun/nio/fs/WindowsException'{0x00000000f09e6778}> (0x00000000f09e6778) 
thrown [s\src\hotspot\share\prims\jni.cpp, line 520]
Event: 24.197 Thread 0x000001f56160b220 Exception <a 'sun/nio/fs/WindowsException'{0x00000000ef801270}> (0x00000000ef801270) 
thrown [s\src\hotspot\share\prims\jni.cpp, line 520]
Event: 24.209 Thread 0x000001f5616100e0 Exception <a 'sun/nio/fs/WindowsException'{0x00000000ef8e7b30}> (0x00000000ef8e7b30) 
thrown [s\src\hotspot\share\prims\jni.cpp, line 520]
Event: 24.245 Thread 0x000001f56160c5d0 Exception <a 'sun/nio/fs/WindowsException'{0x00000000f40d6210}> (0x00000000f40d6210) 
thrown [s\src\hotspot\share\prims\jni.cpp, line 520]
Event: 24.260 Thread 0x000001f561605cd0 Exception <a 'sun/nio/fs/WindowsException'{0x00000000f2a9e250}> (0x00000000f2a9e250) 
thrown [s\src\hotspot\share\prims\jni.cpp, line 520]
Event: 24.260 Thread 0x000001f56160a500 Exception <a 'sun/nio/fs/WindowsException'{0x00000000f299a2e8}> (0x00000000f299a2e8) 
thrown [s\src\hotspot\share\prims\jni.cpp, line 520]

ZGC Phase Switch (0 events):
No events

VM Operations (20 events):
Event: 24.225 Executing non-safepoint VM operation: HandshakeAllThreads (Deoptimize)
Event: 24.225 Executing non-safepoint VM operation: HandshakeAllThreads (Deoptimize) done
Event: 24.227 Executing non-safepoint VM operation: HandshakeAllThreads (Deoptimize)
Event: 24.227 Executing non-safepoint VM operation: HandshakeAllThreads (Deoptimize) done
Event: 24.232 Executing safepoint VM operation: G1CollectForAllocation (G1 Evacuation Pause)
Event: 24.234 Executing safepoint VM operation: G1CollectForAllocation (G1 Evacuation Pause) done
Event: 24.364 Executing non-safepoint VM operation: HandshakeAllThreads (Deoptimize)
Event: 24.364 Executing non-safepoint VM operation: HandshakeAllThreads (Deoptimize) done
Event: 24.522 Executing safepoint VM operation: G1CollectForAllocation (G1 Evacuation Pause)
Event: 24.525 Executing safepoint VM operation: G1CollectForAllocation (G1 Evacuation Pause) done
Event: 24.552 Executing safepoint VM operation: G1PauseRemark
Event: 24.559 Executing safepoint VM operation: G1PauseRemark done
Event: 24.578 Executing safepoint VM operation: G1PauseCleanup
Event: 24.578 Executing safepoint VM operation: G1PauseCleanup done
Event: 24.663 Executing non-safepoint VM operation: HandshakeAllThreads (Deoptimize)
Event: 24.663 Executing non-safepoint VM operation: HandshakeAllThreads (Deoptimize) done
Event: 24.824 Executing safepoint VM operation: G1CollectForAllocation (G1 Evacuation Pause)
Event: 24.828 Executing safepoint VM operation: G1CollectForAllocation (G1 Evacuation Pause) done
Event: 24.891 Executing non-safepoint VM operation: HandshakeAllThreads (Deoptimize)
Event: 24.892 Executing non-safepoint VM operation: HandshakeAllThreads (Deoptimize) done

Memory protections (0 events):
No events

Nmethod flushes (20 events):
Event: 24.558 Thread 0x000001f57b25bac0 flushing  nmethod 0x000001f500bd4990
Event: 24.558 Thread 0x000001f57b25bac0 flushing  nmethod 0x000001f500c77390
Event: 24.558 Thread 0x000001f57b25bac0 flushing  nmethod 0x000001f5014e4a10
Event: 24.558 Thread 0x000001f57b25bac0 flushing  nmethod 0x000001f500131d10
Event: 24.558 Thread 0x000001f57b25bac0 flushing  nmethod 0x000001f5001fe690
Event: 24.558 Thread 0x000001f57b25bac0 flushing  nmethod 0x000001f508317b90
Event: 24.558 Thread 0x000001f57b25bac0 flushing  nmethod 0x000001f5008b3710
Event: 24.558 Thread 0x000001f57b25bac0 flushing  nmethod 0x000001f5008b5c10
Event: 24.558 Thread 0x000001f57b25bac0 flushing  nmethod 0x000001f500c4a510
Event: 24.558 Thread 0x000001f57b25bac0 flushing  nmethod 0x000001f500c4ab10
Event: 24.558 Thread 0x000001f57b25bac0 flushing  nmethod 0x000001f508131190
Event: 24.558 Thread 0x000001f57b25bac0 flushing  nmethod 0x000001f50831d990
Event: 24.558 Thread 0x000001f57b25bac0 flushing  nmethod 0x000001f508320a90
Event: 24.558 Thread 0x000001f57b25bac0 flushing  nmethod 0x000001f500e71890
Event: 24.558 Thread 0x000001f57b25bac0 flushing  nmethod 0x000001f50169cf90
Event: 24.558 Thread 0x000001f57b25bac0 flushing  nmethod 0x000001f507e16710
Event: 24.558 Thread 0x000001f57b25bac0 flushing  nmethod 0x000001f507e89f90
Event: 24.558 Thread 0x000001f57b25bac0 flushing  nmethod 0x000001f5082cd190
Event: 24.558 Thread 0x000001f57b25bac0 flushing  nmethod 0x000001f500939d90
Event: 24.558 Thread 0x000001f57b25bac0 flushing  nmethod 0x000001f500c63f90

Events (20 events):
Event: 23.800 Thread 0x000001f57b55b400 Thread added: 0x000001f56160c5d0
Event: 23.800 Thread 0x000001f57b55b400 Thread added: 0x000001f56160b8b0
Event: 23.801 Thread 0x000001f57b55b400 Thread added: 0x000001f56160bf40
Event: 23.801 Thread 0x000001f57b55b400 Thread added: 0x000001f56160b220
Event: 23.802 Thread 0x000001f57b55b400 Thread added: 0x000001f56160cc60
Event: 23.802 Thread 0x000001f57b55b400 Thread added: 0x000001f5616097e0
Event: 23.803 Thread 0x000001f57b55b400 Thread added: 0x000001f56160d2f0
Event: 23.804 Thread 0x000001f57b55b400 Thread added: 0x000001f561609e70
Event: 23.808 Thread 0x000001f57b55b400 Thread added: 0x000001f56160ed30
Event: 23.809 Thread 0x000001f57b55b400 Thread added: 0x000001f56160d980
Event: 23.810 Thread 0x000001f57b55b400 Thread added: 0x000001f56160f3c0
Event: 23.816 Thread 0x000001f57b55b400 Thread added: 0x000001f56160fa50
Event: 23.817 Thread 0x000001f57b55b400 Thread added: 0x000001f56160e010
Event: 23.818 Thread 0x000001f57b55b400 Thread added: 0x000001f5616100e0
Event: 23.818 Thread 0x000001f57b55b400 Thread added: 0x000001f56160e6a0
Event: 23.819 Thread 0x000001f57b55b400 Thread added: 0x000001f562fde460
Event: 23.822 Thread 0x000001f55503dc50 Thread added: 0x000001f5616e4a00
Event: 23.950 Thread 0x000001f55503dc50 Thread added: 0x000001f5616e50d0
Event: 23.957 Thread 0x000001f555516c10 Thread added: 0x000001f5616e8e20
Event: 24.762 Thread 0x000001f5616e8e20 Thread exited: 0x000001f5616e8e20


Dynamic libraries:
0x00007ff7c2d20000 - 0x00007ff7c2d2e000 	C:\Program Files\Microsoft\jdk-21.0.12.101-hotspot\bin\java.exe
0x00007ff8f5c80000 - 0x00007ff8f5ee7000 	C:\Windows\SYSTEM32\ntdll.dll
0x00007ff8f46b0000 - 0x00007ff8f477b000 	C:\Windows\System32\KERNEL32.DLL
0x00007ff8f3100000 - 0x00007ff8f3501000 	C:\Windows\System32\KERNELBASE.dll
0x00007ff8f37b0000 - 0x00007ff8f38fc000 	C:\Windows\System32\ucrtbase.dll
0x00007ff8bb6d0000 - 0x00007ff8bb6e8000 	C:\Program Files\Microsoft\jdk-21.0.12.101-hotspot\bin\jli.dll
0x00007ff8af310000 - 0x00007ff8af32e000 	C:\Program Files\Microsoft\jdk-21.0.12.101-hotspot\bin\VCRUNTIME140.dll
0x00007ff8f3ee0000 - 0x00007ff8f40b7000 	C:\Windows\System32\USER32.dll
0x00007ff8f30d0000 - 0x00007ff8f30f7000 	C:\Windows\System32\win32u.dll
0x00007ff8f3a50000 - 0x00007ff8f3a7b000 	C:\Windows\System32\GDI32.dll
0x00007ff8d2270000 - 0x00007ff8d2500000 	C:\Windows\WinSxS\amd64_microsoft.windows.common-controls_6595b64144ccf1df_6.0.26100.9549_none_3e0a0396e3330090\COMCTL32.dll
0x00007ff8f3680000 - 0x00007ff8f37a8000 	C:\Windows\System32\gdi32full.dll
0x00007ff8f41a0000 - 0x00007ff8f4249000 	C:\Windows\System32\msvcrt.dll
0x00007ff8f35d0000 - 0x00007ff8f3673000 	C:\Windows\System32\msvcp_win.dll
0x00007ff8f5c00000 - 0x00007ff8f5c31000 	C:\Windows\System32\IMM32.DLL
0x00007ff8bbdf0000 - 0x00007ff8bbdfc000 	C:\Program Files\Microsoft\jdk-21.0.12.101-hotspot\bin\vcruntime140_1.dll
0x00007ff89ca20000 - 0x00007ff89caa9000 	C:\Program Files\Microsoft\jdk-21.0.12.101-hotspot\bin\msvcp140.dll
0x00007ff824d20000 - 0x00007ff825acf000 	C:\Program Files\Microsoft\jdk-21.0.12.101-hotspot\bin\server\jvm.dll
0x00007ff8f3c60000 - 0x00007ff8f3d1b000 	C:\Windows\System32\ADVAPI32.dll
0x00007ff8f39a0000 - 0x00007ff8f3a48000 	C:\Windows\System32\sechost.dll
0x00007ff8f5960000 - 0x00007ff8f5a78000 	C:\Windows\System32\RPCRT4.dll
0x00007ff8f5b70000 - 0x00007ff8f5bf1000 	C:\Windows\System32\WS2_32.dll
0x00007ff8f1980000 - 0x00007ff8f19de000 	C:\Windows\SYSTEM32\POWRPROF.dll
0x00007ff8ef800000 - 0x00007ff8ef837000 	C:\Windows\SYSTEM32\WINMM.dll
0x00007ff8e6170000 - 0x00007ff8e617b000 	C:\Windows\SYSTEM32\VERSION.dll
0x00007ff8f1960000 - 0x00007ff8f1975000 	C:\Windows\SYSTEM32\UMPDC.dll
0x00007ff8f1c40000 - 0x00007ff8f1c5b000 	C:\Windows\SYSTEM32\kernel.appcore.dll
0x00007ff8b1a20000 - 0x00007ff8b1a2a000 	C:\Program Files\Microsoft\jdk-21.0.12.101-hotspot\bin\jimage.dll
0x00007ff8efd80000 - 0x00007ff8effcc000 	C:\Windows\SYSTEM32\DBGHELP.DLL
0x00007ff8f4320000 - 0x00007ff8f46aa000 	C:\Windows\System32\combase.dll
0x00007ff8f40c0000 - 0x00007ff8f4199000 	C:\Windows\System32\OLEAUT32.dll
0x00007ff8d0530000 - 0x00007ff8d056b000 	C:\Windows\SYSTEM32\dbgcore.DLL
0x00007ff8f3510000 - 0x00007ff8f35bc000 	C:\Windows\System32\bcryptPrimitives.dll
0x00007ff8b15e0000 - 0x00007ff8b15f0000 	C:\Program Files\Microsoft\jdk-21.0.12.101-hotspot\bin\instrument.dll
0x00007ff8aaf30000 - 0x00007ff8aaf51000 	C:\Program Files\Microsoft\jdk-21.0.12.101-hotspot\bin\java.dll
0x00007ff8f4890000 - 0x00007ff8f502c000 	C:\Windows\System32\SHELL32.dll
0x00007ff8f08d0000 - 0x00007ff8f117d000 	C:\Windows\SYSTEM32\windows.storage.dll
0x00007ff8f5040000 - 0x00007ff8f5139000 	C:\Windows\System32\SHCORE.dll
0x00007ff8f4780000 - 0x00007ff8f47e6000 	C:\Windows\System32\shlwapi.dll
0x00007ff8f2d90000 - 0x00007ff8f2db9000 	C:\Windows\SYSTEM32\profapi.dll
0x00007ff865e40000 - 0x00007ff865f16000 	C:\Program Files\Microsoft\jdk-21.0.12.101-hotspot\bin\jsvml.dll
0x00007ff8a7cb0000 - 0x00007ff8a7cc8000 	C:\Program Files\Microsoft\jdk-21.0.12.101-hotspot\bin\zip.dll
0x00007ff8a6980000 - 0x00007ff8a6991000 	C:\Program Files\Microsoft\jdk-21.0.12.101-hotspot\bin\net.dll
0x00007ff8e8ca0000 - 0x00007ff8e8dca000 	C:\Windows\SYSTEM32\WINHTTP.dll
0x00007ff8f2200000 - 0x00007ff8f226c000 	C:\Windows\system32\mswsock.dll
0x00007ff8a6960000 - 0x00007ff8a6976000 	C:\Program Files\Microsoft\jdk-21.0.12.101-hotspot\bin\nio.dll
0x00007ff8b02c0000 - 0x00007ff8b02d0000 	C:\Program Files\Microsoft\jdk-21.0.12.101-hotspot\bin\verify.dll
0x00007ff8ae740000 - 0x00007ff8ae767000 	C:\Users\araba\.gradle\native\c067742578af261105cb4f569cf0c3c89f3d7b1fecec35dd04571415982c5e48\windows-amd64\native-platform.dll
0x00007ff874bb0000 - 0x00007ff874cf4000 	C:\Users\araba\.gradle\native\100fb08df4bc3b14c8652ba06237920a3bd2aa13389f12d3474272988ae205f9\windows-amd64\native-platform-file-events.dll
0x00007ff8af350000 - 0x00007ff8af35a000 	C:\Program Files\Microsoft\jdk-21.0.12.101-hotspot\bin\management.dll
0x00007ff8af280000 - 0x00007ff8af28c000 	C:\Program Files\Microsoft\jdk-21.0.12.101-hotspot\bin\management_ext.dll
0x00007ff8f4310000 - 0x00007ff8f4318000 	C:\Windows\System32\PSAPI.DLL
0x00007ff8f24f0000 - 0x00007ff8f250b000 	C:\Windows\SYSTEM32\CRYPTSP.dll
0x00007ff8f1ba0000 - 0x00007ff8f1bd9000 	C:\Windows\system32\rsaenh.dll
0x00007ff8f22b0000 - 0x00007ff8f22e4000 	C:\Windows\SYSTEM32\USERENV.dll
0x00007ff8f2d60000 - 0x00007ff8f2d8a000 	C:\Windows\SYSTEM32\bcrypt.dll
0x00007ff8f2510000 - 0x00007ff8f251c000 	C:\Windows\SYSTEM32\CRYPTBASE.dll
0x00007ff8f1540000 - 0x00007ff8f1573000 	C:\Windows\SYSTEM32\IPHLPAPI.DLL
0x00007ff8f47f0000 - 0x00007ff8f47fa000 	C:\Windows\System32\NSI.dll
0x00007ff8ae520000 - 0x00007ff8ae529000 	C:\Program Files\Microsoft\jdk-21.0.12.101-hotspot\bin\extnet.dll
0x00007ff8ad890000 - 0x00007ff8ad89e000 	C:\Program Files\Microsoft\jdk-21.0.12.101-hotspot\bin\sunmscapi.dll
0x00007ff8f2f40000 - 0x00007ff8f30bf000 	C:\Windows\System32\CRYPT32.dll
0x00007ff8f2750000 - 0x00007ff8f2780000 	C:\Windows\SYSTEM32\ncrypt.dll
0x00007ff8f2700000 - 0x00007ff8f273f000 	C:\Windows\SYSTEM32\NTASN1.dll
0x00007ff8e0d50000 - 0x00007ff8e0d58000 	C:\Windows\system32\wshunix.dll
0x00007ff8bc850000 - 0x00007ff8bc868000 	C:\Windows\system32\napinsp.dll
0x00007ff8f1630000 - 0x00007ff8f1788000 	C:\Windows\SYSTEM32\DNSAPI.dll
0x00007ff8f1fe0000 - 0x00007ff8f1fed000 	C:\Windows\SYSTEM32\DSPARSE.dll
0x00007ff8bc810000 - 0x00007ff8bc823000 	C:\Windows\System32\winrnr.dll
0x00007ff8bc7b0000 - 0x00007ff8bc7d7000 	C:\Windows\system32\nlansp_c.dll
0x00007ff8bc750000 - 0x00007ff8bc766000 	C:\Windows\system32\wshbth.dll
0x00007ff8dd970000 - 0x00007ff8dd97b000 	C:\Windows\System32\rasadhlp.dll
0x00007ff8e8770000 - 0x00007ff8e87f6000 	C:\Windows\System32\fwpuclnt.dll

JVMTI agents:
D:\IQOO Hackathon\DevLens_Prototype\.build-tools\gradle-8.10.2\lib\agents\gradle-instrumentation-agent-8.10.2.jar path:C:\Program Files\Microsoft\jdk-21.0.12.101-hotspot\bin\instrument.dll, loaded, initialized, instrumentlib options:none

dbghelp: loaded successfully - version: 4.0.5 - missing functions: none
symbol engine: initialized successfully - sym options: 0x614 - pdb path: .;C:\Program Files\Microsoft\jdk-21.0.12.101-hotspot\bin;C:\Windows\SYSTEM32;C:\Windows\WinSxS\amd64_microsoft.windows.common-controls_6595b64144ccf1df_6.0.26100.9549_none_3e0a0396e3330090;C:\Program Files\Microsoft\jdk-21.0.12.101-hotspot\bin\server;C:\Users\araba\.gradle\native\c067742578af261105cb4f569cf0c3c89f3d7b1fecec35dd04571415982c5e48\windows-amd64;C:\Users\araba\.gradle\native\100fb08df4bc3b14c8652ba06237920a3bd2aa13389f12d3474272988ae205f9\windows-amd64

VM Arguments:
jvm_args: -XX:+HeapDumpOnOutOfMemoryError --add-opens=java.base/java.util=ALL-UNNAMED --add-opens=java.base/java.lang=ALL-UNNAMED --add-opens=java.base/java.lang.invoke=ALL-UNNAMED --add-opens=java.prefs/java.util.prefs=ALL-UNNAMED --add-exports=jdk.compiler/com.sun.tools.javac.api=ALL-UNNAMED --add-exports=jdk.compiler/com.sun.tools.javac.util=ALL-UNNAMED --add-opens=java.base/java.nio.charset=ALL-UNNAMED --add-opens=java.base/java.net=ALL-UNNAMED --add-opens=java.base/java.util.concurrent.atomic=ALL-UNNAMED -Xmx512m -Dfile.encoding=UTF-8 -Duser.country=IN -Duser.language=en -Duser.variant -javaagent:D:\IQOO Hackathon\DevLens_Prototype\.build-tools\gradle-8.10.2\lib\agents\gradle-instrumentation-agent-8.10.2.jar 
java_command: org.gradle.launcher.daemon.bootstrap.GradleDaemon 8.10.2
java_class_path (initial): D:\IQOO Hackathon\DevLens_Prototype\.build-tools\gradle-8.10.2\lib\gradle-daemon-main-8.10.2.jar
Launcher Type: SUN_STANDARD

[Global flags]
     intx CICompilerCount                          = 12                                        {product} {ergonomic}
     uint ConcGCThreads                            = 4                                         {product} {ergonomic}
     uint G1ConcRefinementThreads                  = 15                                        {product} {ergonomic}
   size_t G1HeapRegionSize                         = 1048576                                   {product} {ergonomic}
    uintx GCDrainStackTargetSize                   = 64                                        {product} {ergonomic}
     bool HeapDumpOnOutOfMemoryError               = true                                   {manageable} {command line}
   size_t InitialHeapSize                          = 398458880                                 {product} {ergonomic}
   size_t MarkStackSize                            = 4194304                                   {product} {ergonomic}
   size_t MaxHeapSize                              = 536870912                                 {product} {command line}
   size_t MaxNewSize                               = 321912832                                 {product} {ergonomic}
   size_t MinHeapDeltaBytes                        = 1048576                                   {product} {ergonomic}
   size_t MinHeapSize                              = 8388608                                   {product} {ergonomic}
    uintx NonNMethodCodeHeapSize                   = 7602480                                {pd product} {ergonomic}
    uintx NonProfiledCodeHeapSize                  = 122027880                              {pd product} {ergonomic}
    uintx ProfiledCodeHeapSize                     = 122027880                              {pd product} {ergonomic}
    uintx ReservedCodeCacheSize                    = 251658240                              {pd product} {ergonomic}
     bool SegmentedCodeCache                       = true                                      {product} {ergonomic}
   size_t SoftMaxHeapSize                          = 536870912                              {manageable} {ergonomic}
     bool UseCompressedOops                        = true                           {product lp64_product} {ergonomic}
     bool UseG1GC                                  = true                                      {product} {ergonomic}
     bool UseLargePagesIndividualAllocation        = false                                  {pd product} {ergonomic}

Logging:
Log output configuration:
 #0: stdout all=warning uptime,level,tags foldmultilines=false
 #1: stderr all=off uptime,level,tags foldmultilines=false

Release file:
IMPLEMENTOR="Microsoft" 
IMPLEMENTOR_VERSION="Microsoft-14941484" 
JAVA_RUNTIME_VERSION="21.0.12.1+1-LTS" 
JAVA_VERSION="21.0.12.1" 
JAVA_VERSION_DATE="2026-08-18" 
LIBC="default" 
MODULES="java.base java.compiler java.datatransfer java.xml java.prefs java.desktop java.instrument java.logging java.management java.security.sasl java.naming java.rmi java.management.rmi java.net.http java.scripting java.security.jgss java.transaction.xa java.sql java.sql.rowset java.xml.crypto java.se java.smartcardio jdk.accessibility jdk.internal.jvmstat jdk.attach jdk.charsets jdk.internal.opt jdk.zipfs jdk.compiler jdk.crypto.ec jdk.crypto.cryptoki jdk.crypto.mscapi jdk.dynalink jdk.internal.ed jdk.editpad jdk.hotspot.agent jdk.httpserver jdk.incubator.vector jdk.internal.le jdk.internal.vm.ci jdk.internal.vm.compiler jdk.internal.vm.compiler.management jdk.jartool jdk.javadoc jdk.jcmd jdk.management jdk.management.agent jdk.jconsole jdk.jdeps jdk.jdwp.agent jdk.jdi jdk.jfr jdk.jlink jdk.jpackage jdk.jshell jdk.jsobject jdk.jstatd jdk.localedata jdk.management.jfr jdk.naming.dns jdk.naming.rmi jdk.net jdk.nio.mapmode jdk.random jdk.sctp jdk.security.auth jdk.security.jgss jdk.unsupported jdk.unsupported.desktop jdk.xml.dom" 
OS_ARCH="x86_64" 
OS_NAME="Windows" 
SOURCE=".:git:6f26c6b2b098" 

Environment Variables:
JAVA_HOME=C:\Program Files\Microsoft\jdk-21.0.12.101-hotspot
CLASSPATH=D:\IQOO Hackathon\DevLens_Prototype\.build-tools\gradle-8.10.2\lib\gradle-gradle-cli-main-8.10.2.jar
PATH=C:/Users/araba/.gemini/antigravity-ide/bin;C:\Program Files\Microsoft\jdk-21.0.12.101-hotspot\bin;C:\Program Files\Eclipse Adoptium\jdk-21.0.12.101-hotspot\bin;C:\Windows\system32;C:\Windows;C:\Windows\System32\Wbem;C:\Windows\System32\WindowsPowerShell\v1.0\;C:\Windows\System32\OpenSSH\;C:\Program Files (x86)\NVIDIA Corporation\PhysX\Common;C:\Program Files\NVIDIA Corporation\NVIDIA NvDLISR;C:\Users\araba\AppData\Local\Programs\Python\Python313;C:\Users\araba\AppData\Local\Programs\Python\Python313\Scripts;C:\Program Files\Git\cmd;C:\Program Files\Java\jdk-25.0.2\bin;C:\Users\araba\Downloads\ffmpeg-8.1-essentials_build\ffmpeg-8.1-essentials_build\bin;D:\NodeJs\;%araba%\AppData\Roaming\npm;C:\Users\araba\AppData\Local\Programs\OpenAI\Codex\bin;C:\Users\araba\.local\bin;C:\Users\araba\AppData\Local\Programs\Python\Launcher\;C:\Users\araba\AppData\Local\Microsoft\WindowsApps;C:\MinGW\bin;C:\Program Files\Common Files\Oracle\Java\javapath;C:\Program Files\JetBrains\IntelliJ IDEA 2025.3.3\bin;C:\Users\araba\AppData\Local\Programs\Ollama;C:\Users\araba\AppData\Local\Microsoft\WinGet\Packages\DenoLand.Deno_Microsoft.Winget.Source_8wekyb3d8bbwe;D:\Antigravity IDE\bin;C:\Users\araba\AppData\Roaming\npm;D:\Microsoft VS Code\bin;C:\Users\araba\AppData\Local\Programs\Antigravity IDE\bin
USERNAME=araba
OS=Windows_NT
PROCESSOR_IDENTIFIER=Intel64 Family 6 Model 183 Stepping 1, GenuineIntel
TMP=C:\Users\araba\AppData\Local\Temp
TEMP=C:\Users\araba\AppData\Local\Temp




Periodic native trim disabled

---------------  S Y S T E M  ---------------

OS:
 Windows 11 , 64 bit Build 26100 (10.0.26100.9549)
OS uptime: 0 days 17:15 hours
Hyper-V role detected

CPU: total 20 (initial active 20) (10 cores per cpu, 2 threads per core) family 6 model 183 stepping 1 microcode 0x12e, cx8, cmov, fxsr, ht, mmx, 3dnowpref, sse, sse2, sse3, ssse3, sse4.1, sse4.2, popcnt, lzcnt, tsc, tscinvbit, avx, avx2, aes, erms, clmul, bmi1, bmi2, adx, sha, fma, vzeroupper, clflush, clflushopt, clwb, hv, serialize, rdtscp, rdpid, fsrm, f16c, cet_ibt, cet_ss
Processor Information for processor 0
  Max Mhz: 2600, Current Mhz: 2600, Mhz Limit: 2600
Processor Information for processor 1
  Max Mhz: 2600, Current Mhz: 2600, Mhz Limit: 2600
Processor Information for processor 2
  Max Mhz: 2600, Current Mhz: 2600, Mhz Limit: 2600
Processor Information for processor 3
  Max Mhz: 2600, Current Mhz: 2600, Mhz Limit: 2600
Processor Information for processor 4
  Max Mhz: 2600, Current Mhz: 2600, Mhz Limit: 2600
Processor Information for processor 5
  Max Mhz: 2600, Current Mhz: 2600, Mhz Limit: 2600
Processor Information for processor 6
  Max Mhz: 2600, Current Mhz: 2600, Mhz Limit: 2600
Processor Information for processor 7
  Max Mhz: 2600, Current Mhz: 2600, Mhz Limit: 2600
Processor Information for processor 8
  Max Mhz: 2600, Current Mhz: 2600, Mhz Limit: 2600
Processor Information for processor 9
  Max Mhz: 2600, Current Mhz: 2600, Mhz Limit: 2600
Processor Information for processor 10
  Max Mhz: 2600, Current Mhz: 2600, Mhz Limit: 2600
Processor Information for processor 11
  Max Mhz: 2600, Current Mhz: 2600, Mhz Limit: 2600
Processor Information for processor 12
  Max Mhz: 2600, Current Mhz: 1505, Mhz Limit: 2600
Processor Information for processor 13
  Max Mhz: 2600, Current Mhz: 1505, Mhz Limit: 2600
Processor Information for processor 14
  Max Mhz: 2600, Current Mhz: 1505, Mhz Limit: 2600
Processor Information for processor 15
  Max Mhz: 2600, Current Mhz: 2600, Mhz Limit: 2600
Processor Information for processor 16
  Max Mhz: 2600, Current Mhz: 1505, Mhz Limit: 2600
Processor Information for processor 17
  Max Mhz: 2600, Current Mhz: 1505, Mhz Limit: 2600
Processor Information for processor 18
  Max Mhz: 2600, Current Mhz: 2600, Mhz Limit: 2600
Processor Information for processor 19
  Max Mhz: 2600, Current Mhz: 1505, Mhz Limit: 2600

Memory: 4k page, system-wide physical 24283M (8332M free)
TotalPageFile size 24283M (AvailPageFile size 0M)
current process WorkingSet (physical memory assigned to process): 793M, peak: 811M
current process commit charge ("private bytes"): 856M, peak: 872M

vm_info: OpenJDK 64-Bit Server VM (21.0.12.1+1-LTS) for windows-amd64 JRE (21.0.12.1+1-LTS), built on 2026-08-11T20:50:01Z by "MicrosoftCorporation" with MS VC++ 17.14 (VS2022)

END.
