#
# There is insufficient memory for the Java Runtime Environment to continue.
# Native memory allocation (mmap) failed to map 48234496 bytes. Error detail: G1 virtual space
# Possible reasons:
#   The system is out of physical RAM or swap space
#   This process is running with CompressedOops enabled, and the Java Heap may be blocking the growth of the native heap
# Possible solutions:
#   Reduce memory load on the system
#   Increase physical memory or swap space
#   Check if swap backing store is full
#   Decrease Java heap size (-Xmx/-Xms)
#   Decrease number of Java threads
#   Decrease Java thread stack sizes (-Xss)
#   Set larger code cache with -XX:ReservedCodeCacheSize=
#   JVM is running with Unscaled Compressed Oops mode in which the Java heap is
#     placed in the first 4GB address space. The Java Heap base address is the
#     maximum limit for the native heap growth. Please use -XX:HeapBaseMinAddress
#     to set the Java Heap base and to place the Java Heap above 4GB virtual address.
# This output file may be truncated or incomplete.
#
#  Out of Memory Error (os_windows.cpp:3735), pid=31288, tid=30360
#
# JRE version: OpenJDK Runtime Environment Microsoft-14941484 (21.0.12.1+1) (build 21.0.12.1+1-LTS)
# Java VM: OpenJDK 64-Bit Server VM Microsoft-14941484 (21.0.12.1+1-LTS, mixed mode, sharing, tiered, compressed oops, compressed class ptrs, g1 gc, windows-amd64)
# No core dump will be written. Minidumps are not enabled by default on client versions of Windows
#

---------------  S U M M A R Y ------------

Command Line: -XX:+HeapDumpOnOutOfMemoryError --add-opens=java.base/java.util=ALL-UNNAMED --add-opens=java.base/java.lang=ALL-UNNAMED --add-opens=java.base/java.lang.invoke=ALL-UNNAMED --add-opens=java.prefs/java.util.prefs=ALL-UNNAMED --add-exports=jdk.compiler/com.sun.tools.javac.api=ALL-UNNAMED --add-exports=jdk.compiler/com.sun.tools.javac.util=ALL-UNNAMED --add-opens=java.base/java.nio.charset=ALL-UNNAMED --add-opens=java.base/java.net=ALL-UNNAMED --add-opens=java.base/java.util.concurrent.atomic=ALL-UNNAMED -Xmx512m -Dfile.encoding=UTF-8 -Duser.country=IN -Duser.language=en -Duser.variant -javaagent:D:\IQOO Hackathon\DevLens_Prototype\.build-tools\gradle-8.10.2\lib\agents\gradle-instrumentation-agent-8.10.2.jar org.gradle.launcher.daemon.bootstrap.GradleDaemon 8.10.2

Host: 13th Gen Intel(R) Core(TM) i7-13650HX, 20 cores, 23G,  Windows 11 , 64 bit Build 26100 (10.0.26100.9549)
Time: Mon Sep 28 20:24:38 2026 India Standard Time elapsed time: 174.502701 seconds (0d 0h 2m 54s)

---------------  T H R E A D  ---------------

Current thread (0x000002134de57b10):  VMThread "VM Thread"          [id=30360, stack(0x00000014d4800000,0x00000014d4900000) (1024K)]

Stack: [0x00000014d4800000,0x00000014d4900000]
Native frames: (J=compiled Java code, j=interpreted, Vv=VM code, C=native code)
V  [jvm.dll+0x6e0c09]  (no source info available)
V  [jvm.dll+0x8c0e1b]  (no source info available)
V  [jvm.dll+0x8c33ad]  (no source info available)
V  [jvm.dll+0x8c3a83]  (no source info available)
V  [jvm.dll+0x28ac66]  (no source info available)
V  [jvm.dll+0x6e00b5]  (no source info available)
V  [jvm.dll+0x6d3b6a]  (no source info available)
V  [jvm.dll+0x367f2e]  (no source info available)
V  [jvm.dll+0x36fdfb]  (no source info available)
V  [jvm.dll+0x3c1909]  (no source info available)
V  [jvm.dll+0x3c1bab]  (no source info available)
V  [jvm.dll+0x33b527]  (no source info available)
V  [jvm.dll+0x33dd1b]  (no source info available)
V  [jvm.dll+0x3483f8]  (no source info available)
V  [jvm.dll+0x37e72f]  (no source info available)
V  [jvm.dll+0x8c97ef]  (no source info available)
V  [jvm.dll+0x8cacd3]  (no source info available)
V  [jvm.dll+0x8cb244]  (no source info available)
V  [jvm.dll+0x8cb343]  (no source info available)
V  [jvm.dll+0x86ba8d]  (no source info available)
V  [jvm.dll+0x6e21bd]  (no source info available)
C  [ucrtbase.dll+0x2cd30]  (no source info available)
C  [KERNEL32.DLL+0x2cdf7]  (no source info available)
C  [ntdll.dll+0x7ee4c]  (no source info available)

VM_Operation (0x00000014d43ff7f0): G1PauseRemark, mode: safepoint, requested by thread 0x00000213320d5410


---------------  P R O C E S S  ---------------

Threads class SMR info:
_java_thread_list=0x0000021398bb6a30, length=290, elements={
0x00000213320a6450, 0x000002138f09ec80, 0x000002138f0a3700, 0x000002138f0a50e0,
0x000002138f0a6e70, 0x000002138f0a9580, 0x000002138f0ac380, 0x000002138f0b5330,
0x000002138f0c4c30, 0x000002138f383840, 0x000002138f3b9d00, 0x000002139537d930,
0x00000213953c73b0, 0x00000213954dd050, 0x0000021395516050, 0x00000213955166c0,
0x000002139553b630, 0x0000021394dc55d0, 0x0000021394dc48b0, 0x0000021394dc3500,
0x0000021394dc4220, 0x0000021394dc4f40, 0x0000021394dc2150, 0x0000021394dc27e0,
0x0000021397e1a4b0, 0x0000021397e1ab40, 0x0000021397e17d50, 0x0000021397e1b860,
0x0000021397e183e0, 0x0000021397e19e20, 0x0000021397e1bef0, 0x0000021397e19790,
0x0000021397e1f370, 0x0000021397e1cc10, 0x0000021396b2da80, 0x0000021396b301e0,
0x0000021396b2cd60, 0x0000021396b2d3f0, 0x0000021396b31c20, 0x0000021396b30870,
0x0000021396b30f00, 0x0000021396b31590, 0x0000021396b2e7a0, 0x0000021396b33cf0,
0x0000021396b34380, 0x0000021396b322b0, 0x0000021396b32fd0, 0x0000021396b32940,
0x0000021396b33660, 0x000002139940fb90, 0x000002139940f500, 0x0000021399410220,
0x00000213994108b0, 0x0000021399411c60, 0x0000021399410f40, 0x00000213994115d0,
0x00000213994122f0, 0x000002139940ee70, 0x0000021399415770, 0x00000213994143c0,
0x0000021399413d30, 0x0000021399412980, 0x0000021399414a50, 0x00000213994150e0,
0x0000021399415e00, 0x0000021399416490, 0x0000021399413010, 0x00000213994136a0,
0x0000021399483630, 0x0000021399482fa0, 0x0000021399483cc0, 0x0000021399484350,
0x0000021399480ed0, 0x00000213994849e0, 0x0000021399482280, 0x0000021399482910,
0x0000021399481560, 0x0000021399485d90, 0x0000021399487e60, 0x0000021399485700,
0x00000213994884f0, 0x0000021399485070, 0x0000021399486420, 0x0000021399486ab0,
0x0000021399487140, 0x00000213994877d0, 0x000002138f4e76c0, 0x000002138f4e9100,
0x000002138f4e9790, 0x000002138f4e7d50, 0x000002138f4e6310, 0x000002138f4e83e0,
0x000002138f4e9e20, 0x000002138f4e69a0, 0x000002138f4ec580, 0x000002139986ad80,
0x000002139986a6f0, 0x0000021399870ff0, 0x000002139ad81770, 0x000002139ad7fd30,
0x000002139ad82b20, 0x000002139ad831b0, 0x000002139ad83ed0, 0x000002139ad81e00,
0x000002139ad82490, 0x000002139ad810e0, 0x000002139ad80a50, 0x000002139ad84560,
0x000002139ad87350, 0x000002139ad86cc0, 0x000002139ad85280, 0x000002139ad84bf0,
0x000002139ad85910, 0x000002139ad86630, 0x000002139ad85fa0, 0x000002139986db70,
0x000002139986e890, 0x0000021399871680, 0x0000021396b2e110, 0x000002138f4ed930,
0x00000213a01ba710, 0x00000213a01bbac0, 0x00000213a01b99f0, 0x00000213a01bc150,
0x00000213a01bd500, 0x00000213a01bada0, 0x00000213a01bc7e0, 0x00000213a01bce70,
0x0000021398e5b7b0, 0x0000021398e596e0, 0x0000021398e59d70, 0x0000021398e5a400,
0x0000021398e5aa90, 0x0000021398e589c0, 0x0000021398e5b120, 0x0000021398e5be40,
0x0000021398e5c4d0, 0x0000021398e59050, 0x0000021398e5d880, 0x0000021398e66250,
0x0000021398e668e0, 0x0000021398e65bc0, 0x0000021398e67600, 0x0000021398e67c90,
0x0000021398e66f70, 0x0000021398e64ea0, 0x0000021398e65530, 0x00000213a01b9360,
0x00000213a01b7290, 0x00000213a01b7920, 0x00000213a01b7fb0, 0x00000213a01b8cd0,
0x00000213a01b6c00, 0x00000213a01b6570, 0x00000213a01b5ee0, 0x00000213a01ba080,
0x00000213a01bb430, 0x00000213a01b8640, 0x0000021397e19100, 0x000002138f4eab40,
0x0000021398e5f950, 0x0000021398e5f2c0, 0x0000021398e5d1f0, 0x0000021398e62740,
0x0000021398e64180, 0x0000021398e60d00, 0x0000021398e64810, 0x0000021398e62dd0,
0x0000021394dc2e70, 0x0000021394dc3b90, 0x000002139ad83840, 0x000002139ad803c0,
0x0000021397e1d930, 0x0000021399481bf0, 0x00000213a1fe6930, 0x00000213a1fe8a00,
0x00000213a1fe62a0, 0x00000213a1fe8370, 0x00000213a1fec510, 0x00000213a1ff13d0,
0x00000213a1ff0d40, 0x00000213a1ff1a60, 0x00000213a1ff2e10, 0x00000213a1fef990,
0x00000213a1ff06b0, 0x00000213a1ff20f0, 0x00000213a1ff2780, 0x00000213a1ff34a0,
0x00000213a1ff0020, 0x00000213a1ff41c0, 0x00000213a1ff3b30, 0x00000213a1ff4850,
0x0000021398e5ffe0, 0x0000021398e61a20, 0x0000021398e5df10, 0x0000021398e63460,
0x0000021398e63af0, 0x00000213a1ff4ee0, 0x0000021398383570, 0x0000021398384920,
0x0000021398386360, 0x0000021398384fb0, 0x00000213983869f0, 0x0000021398385640,
0x0000021398385cd0, 0x00000213983897e0, 0x0000021398387080, 0x0000021398383c00,
0x0000021398389150, 0x0000021398387710, 0x0000021398388ac0, 0x0000021398389e70,
0x0000021398387da0, 0x0000021398388430, 0x000002139838a500, 0x000002138f4e7030,
0x00000213a1f8cb10, 0x00000213a1f8d830, 0x00000213a1f8a3b0, 0x00000213a1f8dec0,
0x00000213a1f8aa40, 0x00000213a1f91340, 0x00000213a1f8ff90, 0x00000213a1f90620,
0x00000213a1f8ebe0, 0x00000213a1f90cb0, 0x00000213a1f8e550, 0x00000213a1f8f270,
0x00000213a1f8f900, 0x000002139ac20410, 0x000002139ac20aa0, 0x000002139ac21130,
0x000002139ac1e340, 0x000002139ac1dcb0, 0x000002139ac1f6f0, 0x000002139ac1fd80,
0x000002139ac217c0, 0x000002139ac21e50, 0x000002139ac1e9d0, 0x000002139ac224e0,
0x000002139ac1f060, 0x000002139ac23200, 0x000002139ac23f20, 0x000002139ac25ff0,
0x000002139ac25960, 0x000002139ac23890, 0x000002139ac22b70, 0x000002139ac24c40,
0x000002139ac27a30, 0x000002139ac252d0, 0x0000021396f175f0, 0x000002139ac2b540,
0x000002139ac2c260, 0x000002139ac2c8f0, 0x000002139ac2cf80, 0x00000213a1fea440,
0x00000213a1fe9db0, 0x00000213a1fe6fc0, 0x00000213a1feaad0, 0x00000213a1fe7650,
0x00000213a1feb160, 0x00000213a1feb7f0, 0x00000213a1fecba0, 0x00000213a1feec70,
0x00000213a1fef300, 0x00000213a1fed230, 0x00000213974ca820, 0x00000213974c80c0,
0x00000213974ca190, 0x00000213974caeb0, 0x00000213974cb540, 0x0000021396f19130,
0x0000021396f19800, 0x0000021396f19ed0, 0x00000213974c9470, 0x00000213974c9b00,
0x00000213974c8750, 0x00000213974cdca0, 0x00000213974cf6e0, 0x00000213974cc260,
0x00000213974cf050, 0x00000213974cd610, 0x00000213974ccf80, 0x00000213974ce330,
0x00000213974cfd70, 0x00000213974ce9c0, 0x00000213974cc8f0, 0x00000213974d1120,
0x00000213968432e0, 0x0000021396844750
}

Java Threads: ( => current thread )
  0x00000213320a6450 JavaThread "main"                              [_thread_blocked, id=30664, stack(0x00000014d4100000,0x00000014d4200000) (1024K)]
  0x000002138f09ec80 JavaThread "Reference Handler"          daemon [_thread_blocked, id=3068, stack(0x00000014d4900000,0x00000014d4a00000) (1024K)]
  0x000002138f0a3700 JavaThread "Finalizer"                  daemon [_thread_blocked, id=508, stack(0x00000014d4a00000,0x00000014d4b00000) (1024K)]
  0x000002138f0a50e0 JavaThread "Signal Dispatcher"          daemon [_thread_blocked, id=9860, stack(0x00000014d4b00000,0x00000014d4c00000) (1024K)]
  0x000002138f0a6e70 JavaThread "Attach Listener"            daemon [_thread_blocked, id=25200, stack(0x00000014d4c00000,0x00000014d4d00000) (1024K)]
  0x000002138f0a9580 JavaThread "Service Thread"             daemon [_thread_blocked, id=30268, stack(0x00000014d4d00000,0x00000014d4e00000) (1024K)]
  0x000002138f0ac380 JavaThread "Monitor Deflation Thread"   daemon [_thread_blocked, id=24380, stack(0x00000014d4e00000,0x00000014d4f00000) (1024K)]
  0x000002138f0b5330 JavaThread "C2 CompilerThread0"         daemon [_thread_blocked, id=27776, stack(0x00000014d4f00000,0x00000014d5000000) (1024K)]
  0x000002138f0c4c30 JavaThread "C1 CompilerThread0"         daemon [_thread_blocked, id=28784, stack(0x00000014d5000000,0x00000014d5100000) (1024K)]
  0x000002138f383840 JavaThread "Common-Cleaner"             daemon [_thread_blocked, id=18064, stack(0x00000014d5200000,0x00000014d5300000) (1024K)]
  0x000002138f3b9d00 JavaThread "Notification Thread"        daemon [_thread_blocked, id=22972, stack(0x00000014d5300000,0x00000014d5400000) (1024K)]
  0x000002139537d930 JavaThread "Daemon health stats"               [_thread_blocked, id=26304, stack(0x00000014d6200000,0x00000014d6300000) (1024K)]
  0x00000213953c73b0 JavaThread "Incoming local TCP Connector on port 55643"        [_thread_in_native, id=9548, stack(0x00000014d6300000,0x00000014d6400000) (1024K)]
  0x00000213954dd050 JavaThread "Daemon periodic checks"            [_thread_blocked, id=10400, stack(0x00000014d6400000,0x00000014d6500000) (1024K)]
  0x0000021395516050 JavaThread "Daemon"                            [_thread_blocked, id=22548, stack(0x00000014d5600000,0x00000014d5700000) (1024K)]
  0x00000213955166c0 JavaThread "Handler for socket connection from /127.0.0.1:55643 to /127.0.0.1:55644"        [_thread_in_native, id=12488, stack(0x00000014d5700000,0x00000014d5800000) (1024K)]
  0x000002139553b630 JavaThread "Cancel handler"                    [_thread_blocked, id=17436, stack(0x00000014d6500000,0x00000014d6600000) (1024K)]
  0x0000021394dc55d0 JavaThread "Daemon worker"                     [_thread_blocked, id=20060, stack(0x00000014d6600000,0x00000014d6700000) (1024K)]
  0x0000021394dc48b0 JavaThread "Asynchronous log dispatcher for DefaultDaemonConnection: socket connection from /127.0.0.1:55643 to /127.0.0.1:55644"        [_thread_blocked, id=7760, stack(0x00000014d6700000,0x00000014d6800000) (1024K)]
  0x0000021394dc3500 JavaThread "Stdin handler"                     [_thread_blocked, id=28604, stack(0x00000014d6800000,0x00000014d6900000) (1024K)]
  0x0000021394dc4220 JavaThread "Daemon client event forwarder"        [_thread_blocked, id=3400, stack(0x00000014d6900000,0x00000014d6a00000) (1024K)]
  0x0000021394dc4f40 JavaThread "Cache worker for journal cache (C:\Users\araba\.gradle\caches\journal-1)"        [_thread_blocked, id=23028, stack(0x00000014d6a00000,0x00000014d6b00000) (1024K)]
  0x0000021394dc2150 JavaThread "File lock request listener"        [_thread_in_native, id=2144, stack(0x00000014d6b00000,0x00000014d6c00000) (1024K)]
  0x0000021394dc27e0 JavaThread "Cache worker for file hash cache (C:\Users\araba\.gradle\caches\8.10.2\fileHashes)"        [_thread_blocked, id=8912, stack(0x00000014d6c00000,0x00000014d6d00000) (1024K)]
  0x0000021397e1a4b0 JavaThread "Cache worker for file hash cache (D:\IQOO Hackathon\DevLens_New_Version\.gradle\8.10.2\fileHashes)"        [_thread_blocked, id=16460, stack(0x00000014d7700000,0x00000014d7800000) (1024K)]
  0x0000021397e1ab40 JavaThread "Cache worker for Build Output Cleanup Cache (D:\IQOO Hackathon\DevLens_New_Version\.gradle\buildOutputCleanup)"        [_thread_blocked, id=14424, stack(0x00000014d7800000,0x00000014d7900000) (1024K)]
  0x0000021397e17d50 JavaThread "File watcher server"        daemon [_thread_blocked, id=21252, stack(0x00000014d7900000,0x00000014d7a00000) (1024K)]
  0x0000021397e1b860 JavaThread "File watcher consumer"      daemon [_thread_blocked, id=15512, stack(0x00000014d7a00000,0x00000014d7b00000) (1024K)]
  0x0000021397e183e0 JavaThread "Cache worker for checksums cache (D:\IQOO Hackathon\DevLens_New_Version\.gradle\8.10.2\checksums)"        [_thread_blocked, id=16372, stack(0x00000014d7b00000,0x00000014d7c00000) (1024K)]
  0x0000021397e19e20 JavaThread "Cache worker for file content cache (C:\Users\araba\.gradle\caches\8.10.2\fileContent)"        [_thread_blocked, id=29084, stack(0x00000014d7c00000,0x00000014d7d00000) (1024K)]
  0x0000021397e1bef0 JavaThread "Cache worker for cache directory md-rule (C:\Users\araba\.gradle\caches\8.10.2\md-rule)"        [_thread_blocked, id=13544, stack(0x00000014d7d00000,0x00000014d7e00000) (1024K)]
  0x0000021397e19790 JavaThread "Cache worker for cache directory md-supplier (C:\Users\araba\.gradle\caches\8.10.2\md-supplier)"        [_thread_blocked, id=30888, stack(0x00000014d7e00000,0x00000014d7f00000) (1024K)]
  0x0000021397e1f370 JavaThread "jar transforms"                    [_thread_blocked, id=13000, stack(0x00000014d7f00000,0x00000014d8000000) (1024K)]
  0x0000021397e1cc10 JavaThread "jar transforms Thread 2"           [_thread_blocked, id=23528, stack(0x00000014d8000000,0x00000014d8100000) (1024K)]
  0x0000021396b2da80 JavaThread "jar transforms Thread 3"           [_thread_blocked, id=10472, stack(0x00000014d8100000,0x00000014d8200000) (1024K)]
  0x0000021396b301e0 JavaThread "Unconstrained build operations"        [_thread_blocked, id=29544, stack(0x00000014d5400000,0x00000014d5500000) (1024K)]
  0x0000021396b2cd60 JavaThread "Unconstrained build operations Thread 2"        [_thread_blocked, id=30768, stack(0x00000014d5500000,0x00000014d5600000) (1024K)]
  0x0000021396b2d3f0 JavaThread "Unconstrained build operations Thread 3"        [_thread_blocked, id=9372, stack(0x00000014d7600000,0x00000014d7700000) (1024K)]
  0x0000021396b31c20 JavaThread "Unconstrained build operations Thread 4"        [_thread_blocked, id=8880, stack(0x00000014d8200000,0x00000014d8300000) (1024K)]
  0x0000021396b30870 JavaThread "Unconstrained build operations Thread 5"        [_thread_blocked, id=6532, stack(0x00000014d8300000,0x00000014d8400000) (1024K)]
  0x0000021396b30f00 JavaThread "Unconstrained build operations Thread 6"        [_thread_blocked, id=12964, stack(0x00000014d8400000,0x00000014d8500000) (1024K)]
  0x0000021396b31590 JavaThread "Unconstrained build operations Thread 7"        [_thread_blocked, id=31668, stack(0x00000014d8500000,0x00000014d8600000) (1024K)]
  0x0000021396b2e7a0 JavaThread "Unconstrained build operations Thread 8"        [_thread_blocked, id=31720, stack(0x00000014d8600000,0x00000014d8700000) (1024K)]
  0x0000021396b33cf0 JavaThread "Unconstrained build operations Thread 9"        [_thread_blocked, id=31664, stack(0x00000014d8700000,0x00000014d8800000) (1024K)]
  0x0000021396b34380 JavaThread "Unconstrained build operations Thread 10"        [_thread_blocked, id=23920, stack(0x00000014d8800000,0x00000014d8900000) (1024K)]
  0x0000021396b322b0 JavaThread "Unconstrained build operations Thread 11"        [_thread_blocked, id=30796, stack(0x00000014d8900000,0x00000014d8a00000) (1024K)]
  0x0000021396b32fd0 JavaThread "Unconstrained build operations Thread 12"        [_thread_blocked, id=25476, stack(0x00000014d8a00000,0x00000014d8b00000) (1024K)]
  0x0000021396b32940 JavaThread "Unconstrained build operations Thread 13"        [_thread_blocked, id=12292, stack(0x00000014d8b00000,0x00000014d8c00000) (1024K)]
  0x0000021396b33660 JavaThread "Unconstrained build operations Thread 14"        [_thread_blocked, id=29200, stack(0x00000014d8c00000,0x00000014d8d00000) (1024K)]
  0x000002139940fb90 JavaThread "Unconstrained build operations Thread 15"        [_thread_blocked, id=27500, stack(0x00000014d8d00000,0x00000014d8e00000) (1024K)]
  0x000002139940f500 JavaThread "Unconstrained build operations Thread 16"        [_thread_blocked, id=24120, stack(0x00000014d8e00000,0x00000014d8f00000) (1024K)]
  0x0000021399410220 JavaThread "Unconstrained build operations Thread 17"        [_thread_blocked, id=9680, stack(0x00000014d8f00000,0x00000014d9000000) (1024K)]
  0x00000213994108b0 JavaThread "Unconstrained build operations Thread 18"        [_thread_blocked, id=14660, stack(0x00000014d9000000,0x00000014d9100000) (1024K)]
  0x0000021399411c60 JavaThread "Unconstrained build operations Thread 19"        [_thread_blocked, id=2232, stack(0x00000014d9100000,0x00000014d9200000) (1024K)]
  0x0000021399410f40 JavaThread "Unconstrained build operations Thread 20"        [_thread_blocked, id=24008, stack(0x00000014d9400000,0x00000014d9500000) (1024K)]
  0x00000213994115d0 JavaThread "Unconstrained build operations Thread 21"        [_thread_blocked, id=28840, stack(0x00000014d9500000,0x00000014d9600000) (1024K)]
  0x00000213994122f0 JavaThread "Unconstrained build operations Thread 22"        [_thread_blocked, id=18884, stack(0x00000014d9600000,0x00000014d9700000) (1024K)]
  0x000002139940ee70 JavaThread "Unconstrained build operations Thread 23"        [_thread_blocked, id=26104, stack(0x00000014d9700000,0x00000014d9800000) (1024K)]
  0x0000021399415770 JavaThread "Unconstrained build operations Thread 24"        [_thread_blocked, id=21808, stack(0x00000014d9800000,0x00000014d9900000) (1024K)]
  0x00000213994143c0 JavaThread "Unconstrained build operations Thread 25"        [_thread_blocked, id=9520, stack(0x00000014d9900000,0x00000014d9a00000) (1024K)]
  0x0000021399413d30 JavaThread "Unconstrained build operations Thread 26"        [_thread_blocked, id=27468, stack(0x00000014d9a00000,0x00000014d9b00000) (1024K)]
  0x0000021399412980 JavaThread "Unconstrained build operations Thread 27"        [_thread_blocked, id=26268, stack(0x00000014d9b00000,0x00000014d9c00000) (1024K)]
  0x0000021399414a50 JavaThread "Unconstrained build operations Thread 28"        [_thread_blocked, id=30728, stack(0x00000014d9c00000,0x00000014d9d00000) (1024K)]
  0x00000213994150e0 JavaThread "Unconstrained build operations Thread 29"        [_thread_blocked, id=10624, stack(0x00000014d9d00000,0x00000014d9e00000) (1024K)]
  0x0000021399415e00 JavaThread "Unconstrained build operations Thread 30"        [_thread_blocked, id=31412, stack(0x00000014d9e00000,0x00000014d9f00000) (1024K)]
  0x0000021399416490 JavaThread "Unconstrained build operations Thread 31"        [_thread_blocked, id=31116, stack(0x00000014d9f00000,0x00000014da000000) (1024K)]
  0x0000021399413010 JavaThread "Unconstrained build operations Thread 32"        [_thread_blocked, id=22872, stack(0x00000014da000000,0x00000014da100000) (1024K)]
  0x00000213994136a0 JavaThread "Unconstrained build operations Thread 33"        [_thread_blocked, id=25068, stack(0x00000014da100000,0x00000014da200000) (1024K)]
  0x0000021399483630 JavaThread "Unconstrained build operations Thread 34"        [_thread_blocked, id=15196, stack(0x00000014da200000,0x00000014da300000) (1024K)]
  0x0000021399482fa0 JavaThread "Unconstrained build operations Thread 35"        [_thread_blocked, id=21516, stack(0x00000014da300000,0x00000014da400000) (1024K)]
  0x0000021399483cc0 JavaThread "Unconstrained build operations Thread 36"        [_thread_blocked, id=5860, stack(0x00000014da400000,0x00000014da500000) (1024K)]
  0x0000021399484350 JavaThread "Unconstrained build operations Thread 37"        [_thread_blocked, id=30656, stack(0x00000014da500000,0x00000014da600000) (1024K)]
  0x0000021399480ed0 JavaThread "Unconstrained build operations Thread 38"        [_thread_blocked, id=25756, stack(0x00000014da600000,0x00000014da700000) (1024K)]
  0x00000213994849e0 JavaThread "Unconstrained build operations Thread 39"        [_thread_blocked, id=10448, stack(0x00000014da700000,0x00000014da800000) (1024K)]
  0x0000021399482280 JavaThread "Unconstrained build operations Thread 40"        [_thread_blocked, id=23580, stack(0x00000014da800000,0x00000014da900000) (1024K)]
  0x0000021399482910 JavaThread "Unconstrained build operations Thread 41"        [_thread_blocked, id=31316, stack(0x00000014da900000,0x00000014daa00000) (1024K)]
  0x0000021399481560 JavaThread "Unconstrained build operations Thread 42"        [_thread_blocked, id=30636, stack(0x00000014daa00000,0x00000014dab00000) (1024K)]
  0x0000021399485d90 JavaThread "Unconstrained build operations Thread 43"        [_thread_blocked, id=20276, stack(0x00000014dab00000,0x00000014dac00000) (1024K)]
  0x0000021399487e60 JavaThread "Unconstrained build operations Thread 44"        [_thread_blocked, id=30700, stack(0x00000014dac00000,0x00000014dad00000) (1024K)]
  0x0000021399485700 JavaThread "Unconstrained build operations Thread 45"        [_thread_blocked, id=24012, stack(0x00000014dad00000,0x00000014dae00000) (1024K)]
  0x00000213994884f0 JavaThread "Unconstrained build operations Thread 46"        [_thread_blocked, id=25136, stack(0x00000014dae00000,0x00000014daf00000) (1024K)]
  0x0000021399485070 JavaThread "Unconstrained build operations Thread 47"        [_thread_blocked, id=3132, stack(0x00000014daf00000,0x00000014db000000) (1024K)]
  0x0000021399486420 JavaThread "Unconstrained build operations Thread 48"        [_thread_blocked, id=12516, stack(0x00000014db000000,0x00000014db100000) (1024K)]
  0x0000021399486ab0 JavaThread "Unconstrained build operations Thread 49"        [_thread_blocked, id=30840, stack(0x00000014db100000,0x00000014db200000) (1024K)]
  0x0000021399487140 JavaThread "Unconstrained build operations Thread 50"        [_thread_blocked, id=4760, stack(0x00000014db200000,0x00000014db300000) (1024K)]
  0x00000213994877d0 JavaThread "Unconstrained build operations Thread 51"        [_thread_blocked, id=9684, stack(0x00000014db300000,0x00000014db400000) (1024K)]
  0x000002138f4e76c0 JavaThread "Unconstrained build operations Thread 52"        [_thread_blocked, id=20416, stack(0x00000014db400000,0x00000014db500000) (1024K)]
  0x000002138f4e9100 JavaThread "Unconstrained build operations Thread 53"        [_thread_blocked, id=528, stack(0x00000014db500000,0x00000014db600000) (1024K)]
  0x000002138f4e9790 JavaThread "Unconstrained build operations Thread 54"        [_thread_blocked, id=31236, stack(0x00000014db600000,0x00000014db700000) (1024K)]
  0x000002138f4e7d50 JavaThread "Unconstrained build operations Thread 55"        [_thread_blocked, id=2040, stack(0x00000014db700000,0x00000014db800000) (1024K)]
  0x000002138f4e6310 JavaThread "Unconstrained build operations Thread 56"        [_thread_blocked, id=31080, stack(0x00000014db800000,0x00000014db900000) (1024K)]
  0x000002138f4e83e0 JavaThread "Unconstrained build operations Thread 57"        [_thread_blocked, id=19916, stack(0x00000014db900000,0x00000014dba00000) (1024K)]
  0x000002138f4e9e20 JavaThread "jar transforms Thread 4"           [_thread_blocked, id=30412, stack(0x00000014dbf00000,0x00000014dc000000) (1024K)]
  0x000002138f4e69a0 JavaThread "jar transforms Thread 5"           [_thread_blocked, id=3300, stack(0x00000014dc000000,0x00000014dc100000) (1024K)]
  0x000002138f4ec580 JavaThread "Memory manager"                    [_thread_blocked, id=26700, stack(0x00000014dbd00000,0x00000014dbe00000) (1024K)]
  0x000002139986ad80 JavaThread "build event listener"              [_thread_blocked, id=28260, stack(0x00000014dba00000,0x00000014dbb00000) (1024K)]
  0x000002139986a6f0 JavaThread "jar transforms Thread 6"           [_thread_blocked, id=27420, stack(0x00000014dbb00000,0x00000014dbc00000) (1024K)]
  0x0000021399870ff0 JavaThread "jar transforms Thread 7"           [_thread_blocked, id=31320, stack(0x00000014dbc00000,0x00000014dbd00000) (1024K)]
  0x000002139ad81770 JavaThread "jar transforms Thread 8"           [_thread_blocked, id=31100, stack(0x00000014dbe00000,0x00000014dbf00000) (1024K)]
  0x000002139ad7fd30 JavaThread "included builds"                   [_thread_blocked, id=30544, stack(0x00000014dc200000,0x00000014dc300000) (1024K)]
  0x000002139ad82b20 JavaThread "Execution worker"                  [_thread_blocked, id=9252, stack(0x00000014dc300000,0x00000014dc400000) (1024K)]
  0x000002139ad831b0 JavaThread "Execution worker Thread 2"         [_thread_blocked, id=29592, stack(0x00000014dc400000,0x00000014dc500000) (1024K)]
  0x000002139ad83ed0 JavaThread "Execution worker Thread 3"         [_thread_blocked, id=23232, stack(0x00000014dc500000,0x00000014dc600000) (1024K)]
  0x000002139ad81e00 JavaThread "Execution worker Thread 4"         [_thread_blocked, id=16008, stack(0x00000014dc600000,0x00000014dc700000) (1024K)]
  0x000002139ad82490 JavaThread "Execution worker Thread 5"         [_thread_blocked, id=24044, stack(0x00000014dc700000,0x00000014dc800000) (1024K)]
  0x000002139ad810e0 JavaThread "Execution worker Thread 6"         [_thread_blocked, id=26208, stack(0x00000014dc800000,0x00000014dc900000) (1024K)]
  0x000002139ad80a50 JavaThread "Execution worker Thread 7"         [_thread_blocked, id=30760, stack(0x00000014dc900000,0x00000014dca00000) (1024K)]
  0x000002139ad84560 JavaThread "Execution worker Thread 8"         [_thread_blocked, id=25936, stack(0x00000014dca00000,0x00000014dcb00000) (1024K)]
  0x000002139ad87350 JavaThread "Execution worker Thread 9"         [_thread_blocked, id=30436, stack(0x00000014dcb00000,0x00000014dcc00000) (1024K)]
  0x000002139ad86cc0 JavaThread "Execution worker Thread 10"        [_thread_blocked, id=8504, stack(0x00000014dcc00000,0x00000014dcd00000) (1024K)]
  0x000002139ad85280 JavaThread "Execution worker Thread 11"        [_thread_blocked, id=31504, stack(0x00000014dcd00000,0x00000014dce00000) (1024K)]
  0x000002139ad84bf0 JavaThread "Execution worker Thread 12"        [_thread_blocked, id=31400, stack(0x00000014dce00000,0x00000014dcf00000) (1024K)]
  0x000002139ad85910 JavaThread "Execution worker Thread 13"        [_thread_blocked, id=26344, stack(0x00000014dcf00000,0x00000014dd000000) (1024K)]
  0x000002139ad86630 JavaThread "Execution worker Thread 14"        [_thread_blocked, id=26864, stack(0x00000014dd000000,0x00000014dd100000) (1024K)]
  0x000002139ad85fa0 JavaThread "Execution worker Thread 15"        [_thread_blocked, id=31480, stack(0x00000014dd100000,0x00000014dd200000) (1024K)]
  0x000002139986db70 JavaThread "Execution worker Thread 16"        [_thread_blocked, id=20324, stack(0x00000014dd200000,0x00000014dd300000) (1024K)]
  0x000002139986e890 JavaThread "Execution worker Thread 17"        [_thread_blocked, id=18856, stack(0x00000014dd300000,0x00000014dd400000) (1024K)]
  0x0000021399871680 JavaThread "Execution worker Thread 18"        [_thread_blocked, id=21840, stack(0x00000014dd400000,0x00000014dd500000) (1024K)]
  0x0000021396b2e110 JavaThread "Execution worker Thread 19"        [_thread_blocked, id=29760, stack(0x00000014dd500000,0x00000014dd600000) (1024K)]
  0x000002138f4ed930 JavaThread "Cache worker for execution history cache (D:\IQOO Hackathon\DevLens_New_Version\.gradle\8.10.2\executionHistory)"        [_thread_blocked, id=13188, stack(0x00000014dd600000,0x00000014dd700000) (1024K)]
  0x00000213a01ba710 JavaThread "Unconstrained build operations Thread 58"        [_thread_blocked, id=30396, stack(0x00000014dc100000,0x00000014dc200000) (1024K)]
  0x00000213a01bbac0 JavaThread "Unconstrained build operations Thread 59"        [_thread_blocked, id=29732, stack(0x00000014dd700000,0x00000014dd800000) (1024K)]
  0x00000213a01b99f0 JavaThread "Unconstrained build operations Thread 60"        [_thread_blocked, id=16248, stack(0x00000014dd800000,0x00000014dd900000) (1024K)]
  0x00000213a01bc150 JavaThread "Unconstrained build operations Thread 61"        [_thread_blocked, id=23644, stack(0x00000014dd900000,0x00000014dda00000) (1024K)]
  0x00000213a01bd500 JavaThread "Unconstrained build operations Thread 62"        [_thread_blocked, id=15888, stack(0x00000014dda00000,0x00000014ddb00000) (1024K)]
  0x00000213a01bada0 JavaThread "Unconstrained build operations Thread 63"        [_thread_blocked, id=8308, stack(0x00000014ddb00000,0x00000014ddc00000) (1024K)]
  0x00000213a01bc7e0 JavaThread "Unconstrained build operations Thread 64"        [_thread_blocked, id=10384, stack(0x00000014ddc00000,0x00000014ddd00000) (1024K)]
  0x00000213a01bce70 JavaThread "Unconstrained build operations Thread 65"        [_thread_blocked, id=31196, stack(0x00000014ddd00000,0x00000014dde00000) (1024K)]
  0x0000021398e5b7b0 JavaThread "Unconstrained build operations Thread 66"        [_thread_blocked, id=16348, stack(0x00000014dde00000,0x00000014ddf00000) (1024K)]
  0x0000021398e596e0 JavaThread "Unconstrained build operations Thread 67"        [_thread_blocked, id=29140, stack(0x00000014ddf00000,0x00000014de000000) (1024K)]
  0x0000021398e59d70 JavaThread "Unconstrained build operations Thread 68"        [_thread_blocked, id=27616, stack(0x00000014de000000,0x00000014de100000) (1024K)]
  0x0000021398e5a400 JavaThread "Unconstrained build operations Thread 69"        [_thread_blocked, id=11328, stack(0x00000014de100000,0x00000014de200000) (1024K)]
  0x0000021398e5aa90 JavaThread "Unconstrained build operations Thread 70"        [_thread_blocked, id=30764, stack(0x00000014de200000,0x00000014de300000) (1024K)]
  0x0000021398e589c0 JavaThread "Unconstrained build operations Thread 71"        [_thread_blocked, id=27396, stack(0x00000014de300000,0x00000014de400000) (1024K)]
  0x0000021398e5b120 JavaThread "Unconstrained build operations Thread 72"        [_thread_blocked, id=27572, stack(0x00000014de400000,0x00000014de500000) (1024K)]
  0x0000021398e5be40 JavaThread "Unconstrained build operations Thread 73"        [_thread_blocked, id=21412, stack(0x00000014de500000,0x00000014de600000) (1024K)]
  0x0000021398e5c4d0 JavaThread "Unconstrained build operations Thread 74"        [_thread_blocked, id=29956, stack(0x00000014de600000,0x00000014de700000) (1024K)]
  0x0000021398e59050 JavaThread "Unconstrained build operations Thread 75"        [_thread_blocked, id=7952, stack(0x00000014de700000,0x00000014de800000) (1024K)]
  0x0000021398e5d880 JavaThread "Unconstrained build operations Thread 76"        [_thread_blocked, id=27240, stack(0x00000014de800000,0x00000014de900000) (1024K)]
  0x0000021398e66250 JavaThread "WorkerExecutor Queue"              [_thread_blocked, id=9504, stack(0x00000014dee00000,0x00000014def00000) (1024K)]
  0x0000021398e668e0 JavaThread "Unconstrained build operations Thread 77"        [_thread_blocked, id=16432, stack(0x00000014def00000,0x00000014df000000) (1024K)]
  0x0000021398e65bc0 JavaThread "Unconstrained build operations Thread 78"        [_thread_blocked, id=19112, stack(0x00000014df000000,0x00000014df100000) (1024K)]
  0x0000021398e67600 JavaThread "Unconstrained build operations Thread 79"        [_thread_blocked, id=29480, stack(0x00000014df100000,0x00000014df200000) (1024K)]
  0x0000021398e67c90 JavaThread "Unconstrained build operations Thread 80"        [_thread_blocked, id=25536, stack(0x00000014df200000,0x00000014df300000) (1024K)]
  0x0000021398e66f70 JavaThread "Unconstrained build operations Thread 81"        [_thread_blocked, id=27044, stack(0x00000014df300000,0x00000014df400000) (1024K)]
  0x0000021398e64ea0 JavaThread "Unconstrained build operations Thread 82"        [_thread_blocked, id=10996, stack(0x00000014df400000,0x00000014df500000) (1024K)]
  0x0000021398e65530 JavaThread "Unconstrained build operations Thread 83"        [_thread_blocked, id=11208, stack(0x00000014df500000,0x00000014df600000) (1024K)]
  0x00000213a01b9360 JavaThread "Unconstrained build operations Thread 84"        [_thread_blocked, id=22680, stack(0x00000014df600000,0x00000014df700000) (1024K)]
  0x00000213a01b7290 JavaThread "Unconstrained build operations Thread 85"        [_thread_blocked, id=5780, stack(0x00000014df700000,0x00000014df800000) (1024K)]
  0x00000213a01b7920 JavaThread "Unconstrained build operations Thread 86"        [_thread_blocked, id=16872, stack(0x00000014df800000,0x00000014df900000) (1024K)]
  0x00000213a01b7fb0 JavaThread "Unconstrained build operations Thread 87"        [_thread_blocked, id=27236, stack(0x00000014df900000,0x00000014dfa00000) (1024K)]
  0x00000213a01b8cd0 JavaThread "Unconstrained build operations Thread 88"        [_thread_blocked, id=30072, stack(0x00000014dfa00000,0x00000014dfb00000) (1024K)]
  0x00000213a01b6c00 JavaThread "Unconstrained build operations Thread 89"        [_thread_blocked, id=15952, stack(0x00000014dfb00000,0x00000014dfc00000) (1024K)]
  0x00000213a01b6570 JavaThread "Unconstrained build operations Thread 90"        [_thread_blocked, id=24880, stack(0x00000014dfc00000,0x00000014dfd00000) (1024K)]
  0x00000213a01b5ee0 JavaThread "Unconstrained build operations Thread 91"        [_thread_blocked, id=29892, stack(0x00000014dfd00000,0x00000014dfe00000) (1024K)]
  0x00000213a01ba080 JavaThread "Unconstrained build operations Thread 92"        [_thread_blocked, id=30448, stack(0x00000014dfe00000,0x00000014dff00000) (1024K)]
  0x00000213a01bb430 JavaThread "Unconstrained build operations Thread 93"        [_thread_blocked, id=18860, stack(0x00000014dff00000,0x00000014e0000000) (1024K)]
  0x00000213a01b8640 JavaThread "Unconstrained build operations Thread 94"        [_thread_blocked, id=30488, stack(0x00000014e0000000,0x00000014e0100000) (1024K)]
  0x0000021397e19100 JavaThread "Unconstrained build operations Thread 95"        [_thread_blocked, id=28976, stack(0x00000014e0100000,0x00000014e0200000) (1024K)]
  0x000002138f4eab40 JavaThread "WorkerExecutor Queue Thread 2"        [_thread_blocked, id=28388, stack(0x00000014e0200000,0x00000014e0300000) (1024K)]
  0x0000021398e5f950 JavaThread "WorkerExecutor Queue Thread 3"        [_thread_blocked, id=26000, stack(0x00000014e0300000,0x00000014e0400000) (1024K)]
  0x0000021398e5f2c0 JavaThread "WorkerExecutor Queue Thread 4"        [_thread_blocked, id=29380, stack(0x00000014e0400000,0x00000014e0500000) (1024K)]
  0x0000021398e5d1f0 JavaThread "WorkerExecutor Queue Thread 5"        [_thread_blocked, id=1900, stack(0x00000014e0500000,0x00000014e0600000) (1024K)]
  0x0000021398e62740 JavaThread "WorkerExecutor Queue Thread 6"        [_thread_blocked, id=15264, stack(0x00000014e0600000,0x00000014e0700000) (1024K)]
  0x0000021398e64180 JavaThread "WorkerExecutor Queue Thread 7"        [_thread_blocked, id=28756, stack(0x00000014e0700000,0x00000014e0800000) (1024K)]
  0x0000021398e60d00 JavaThread "WorkerExecutor Queue Thread 8"        [_thread_blocked, id=29708, stack(0x00000014e0800000,0x00000014e0900000) (1024K)]
  0x0000021398e64810 JavaThread "WorkerExecutor Queue Thread 9"        [_thread_blocked, id=28712, stack(0x00000014e0900000,0x00000014e0a00000) (1024K)]
  0x0000021398e62dd0 JavaThread "WorkerExecutor Queue Thread 10"        [_thread_blocked, id=29180, stack(0x00000014e0a00000,0x00000014e0b00000) (1024K)]
  0x0000021394dc2e70 JavaThread "WorkerExecutor Queue Thread 11"        [_thread_blocked, id=22048, stack(0x00000014e0b00000,0x00000014e0c00000) (1024K)]
  0x0000021394dc3b90 JavaThread "WorkerExecutor Queue Thread 12"        [_thread_blocked, id=28032, stack(0x00000014e0c00000,0x00000014e0d00000) (1024K)]
  0x000002139ad83840 JavaThread "WorkerExecutor Queue Thread 13"        [_thread_blocked, id=30384, stack(0x00000014e0d00000,0x00000014e0e00000) (1024K)]
  0x000002139ad803c0 JavaThread "WorkerExecutor Queue Thread 14"        [_thread_blocked, id=29664, stack(0x00000014e0e00000,0x00000014e0f00000) (1024K)]
  0x0000021397e1d930 JavaThread "WorkerExecutor Queue Thread 15"        [_thread_blocked, id=27100, stack(0x00000014e0f00000,0x00000014e1000000) (1024K)]
  0x0000021399481bf0 JavaThread "WorkerExecutor Queue Thread 16"        [_thread_blocked, id=29268, stack(0x00000014e1000000,0x00000014e1100000) (1024K)]
  0x00000213a1fe6930 JavaThread "WorkerExecutor Queue Thread 17"        [_thread_blocked, id=3208, stack(0x00000014e1100000,0x00000014e1200000) (1024K)]
  0x00000213a1fe8a00 JavaThread "WorkerExecutor Queue Thread 18"        [_thread_blocked, id=22796, stack(0x00000014e1200000,0x00000014e1300000) (1024K)]
  0x00000213a1fe62a0 JavaThread "WorkerExecutor Queue Thread 19"        [_thread_blocked, id=17816, stack(0x00000014e1300000,0x00000014e1400000) (1024K)]
  0x00000213a1fe8370 JavaThread "WorkerExecutor Queue Thread 20"        [_thread_blocked, id=15104, stack(0x00000014e1400000,0x00000014e1500000) (1024K)]
  0x00000213a1fec510 JavaThread "Unconstrained build operations Thread 96"        [_thread_blocked, id=23604, stack(0x00000014e1600000,0x00000014e1700000) (1024K)]
  0x00000213a1ff13d0 JavaThread "Unconstrained build operations Thread 97"        [_thread_blocked, id=6980, stack(0x00000014ded00000,0x00000014dee00000) (1024K)]
  0x00000213a1ff0d40 JavaThread "Unconstrained build operations Thread 98"        [_thread_blocked, id=6936, stack(0x00000014e1700000,0x00000014e1800000) (1024K)]
  0x00000213a1ff1a60 JavaThread "Unconstrained build operations Thread 99"        [_thread_blocked, id=27996, stack(0x00000014e1800000,0x00000014e1900000) (1024K)]
  0x00000213a1ff2e10 JavaThread "Unconstrained build operations Thread 100"        [_thread_blocked, id=19588, stack(0x00000014e1900000,0x00000014e1a00000) (1024K)]
  0x00000213a1fef990 JavaThread "Unconstrained build operations Thread 101"        [_thread_blocked, id=21656, stack(0x00000014e1a00000,0x00000014e1b00000) (1024K)]
  0x00000213a1ff06b0 JavaThread "Unconstrained build operations Thread 102"        [_thread_blocked, id=4656, stack(0x00000014e1b00000,0x00000014e1c00000) (1024K)]
  0x00000213a1ff20f0 JavaThread "Unconstrained build operations Thread 103"        [_thread_blocked, id=23180, stack(0x00000014e1c00000,0x00000014e1d00000) (1024K)]
  0x00000213a1ff2780 JavaThread "Unconstrained build operations Thread 104"        [_thread_blocked, id=30308, stack(0x00000014e1d00000,0x00000014e1e00000) (1024K)]
  0x00000213a1ff34a0 JavaThread "Unconstrained build operations Thread 105"        [_thread_blocked, id=26216, stack(0x00000014e1e00000,0x00000014e1f00000) (1024K)]
  0x00000213a1ff0020 JavaThread "Unconstrained build operations Thread 106"        [_thread_blocked, id=24188, stack(0x00000014e1f00000,0x00000014e2000000) (1024K)]
  0x00000213a1ff41c0 JavaThread "Unconstrained build operations Thread 107"        [_thread_blocked, id=29428, stack(0x00000014e2000000,0x00000014e2100000) (1024K)]
  0x00000213a1ff3b30 JavaThread "Unconstrained build operations Thread 108"        [_thread_blocked, id=26620, stack(0x00000014e2100000,0x00000014e2200000) (1024K)]
  0x00000213a1ff4850 JavaThread "Unconstrained build operations Thread 109"        [_thread_blocked, id=29652, stack(0x00000014e2200000,0x00000014e2300000) (1024K)]
  0x0000021398e5ffe0 JavaThread "Unconstrained build operations Thread 110"        [_thread_blocked, id=24416, stack(0x00000014e2300000,0x00000014e2400000) (1024K)]
  0x0000021398e61a20 JavaThread "Unconstrained build operations Thread 111"        [_thread_blocked, id=6056, stack(0x00000014e2400000,0x00000014e2500000) (1024K)]
  0x0000021398e5df10 JavaThread "Unconstrained build operations Thread 112"        [_thread_blocked, id=5156, stack(0x00000014e2500000,0x00000014e2600000) (1024K)]
  0x0000021398e63460 JavaThread "Unconstrained build operations Thread 113"        [_thread_blocked, id=26272, stack(0x00000014e2600000,0x00000014e2700000) (1024K)]
  0x0000021398e63af0 JavaThread "Unconstrained build operations Thread 114"        [_thread_blocked, id=30296, stack(0x00000014e2700000,0x00000014e2800000) (1024K)]
  0x00000213a1ff4ee0 JavaThread "Unconstrained build operations Thread 115"        [_thread_blocked, id=26544, stack(0x00000014e2800000,0x00000014e2900000) (1024K)]
  0x0000021398383570 JavaThread "Unconstrained build operations Thread 116"        [_thread_blocked, id=28600, stack(0x00000014d6100000,0x00000014d6200000) (1024K)]
  0x0000021398384920 JavaThread "Unconstrained build operations Thread 117"        [_thread_blocked, id=16424, stack(0x00000014d9200000,0x00000014d9300000) (1024K)]
  0x0000021398386360 JavaThread "Unconstrained build operations Thread 118"        [_thread_blocked, id=26336, stack(0x00000014d9300000,0x00000014d9400000) (1024K)]
  0x0000021398384fb0 JavaThread "Unconstrained build operations Thread 119"        [_thread_blocked, id=20376, stack(0x00000014dea00000,0x00000014deb00000) (1024K)]
  0x00000213983869f0 JavaThread "Unconstrained build operations Thread 120"        [_thread_blocked, id=28240, stack(0x00000014deb00000,0x00000014dec00000) (1024K)]
  0x0000021398385640 JavaThread "Unconstrained build operations Thread 121"        [_thread_blocked, id=9968, stack(0x00000014dec00000,0x00000014ded00000) (1024K)]
  0x0000021398385cd0 JavaThread "Unconstrained build operations Thread 122"        [_thread_blocked, id=18932, stack(0x00000014e2900000,0x00000014e2a00000) (1024K)]
  0x00000213983897e0 JavaThread "Unconstrained build operations Thread 123"        [_thread_blocked, id=9640, stack(0x00000014e2a00000,0x00000014e2b00000) (1024K)]
  0x0000021398387080 JavaThread "Unconstrained build operations Thread 124"        [_thread_blocked, id=12588, stack(0x00000014e2b00000,0x00000014e2c00000) (1024K)]
  0x0000021398383c00 JavaThread "Unconstrained build operations Thread 125"        [_thread_blocked, id=13424, stack(0x00000014e2c00000,0x00000014e2d00000) (1024K)]
  0x0000021398389150 JavaThread "Unconstrained build operations Thread 126"        [_thread_blocked, id=25308, stack(0x00000014e2d00000,0x00000014e2e00000) (1024K)]
  0x0000021398387710 JavaThread "Unconstrained build operations Thread 127"        [_thread_blocked, id=2824, stack(0x00000014e2e00000,0x00000014e2f00000) (1024K)]
  0x0000021398388ac0 JavaThread "Unconstrained build operations Thread 128"        [_thread_blocked, id=26372, stack(0x00000014e2f00000,0x00000014e3000000) (1024K)]
  0x0000021398389e70 JavaThread "Unconstrained build operations Thread 129"        [_thread_blocked, id=13888, stack(0x00000014e3000000,0x00000014e3100000) (1024K)]
  0x0000021398387da0 JavaThread "Unconstrained build operations Thread 130"        [_thread_blocked, id=20968, stack(0x00000014e3100000,0x00000014e3200000) (1024K)]
  0x0000021398388430 JavaThread "Unconstrained build operations Thread 131"        [_thread_blocked, id=15956, stack(0x00000014e3200000,0x00000014e3300000) (1024K)]
  0x000002139838a500 JavaThread "Unconstrained build operations Thread 132"        [_thread_blocked, id=21372, stack(0x00000014e3300000,0x00000014e3400000) (1024K)]
  0x000002138f4e7030 JavaThread "Unconstrained build operations Thread 133"        [_thread_blocked, id=28136, stack(0x00000014e3400000,0x00000014e3500000) (1024K)]
  0x00000213a1f8cb10 JavaThread "Unconstrained build operations Thread 134"        [_thread_blocked, id=11572, stack(0x00000014e3500000,0x00000014e3600000) (1024K)]
  0x00000213a1f8d830 JavaThread "Unconstrained build operations Thread 135"        [_thread_blocked, id=27436, stack(0x00000014e3700000,0x00000014e3800000) (1024K)]
  0x00000213a1f8a3b0 JavaThread "Unconstrained build operations Thread 136"        [_thread_blocked, id=27528, stack(0x00000014e3800000,0x00000014e3900000) (1024K)]
  0x00000213a1f8dec0 JavaThread "Unconstrained build operations Thread 137"        [_thread_blocked, id=28036, stack(0x00000014e3b00000,0x00000014e3c00000) (1024K)]
  0x00000213a1f8aa40 JavaThread "Unconstrained build operations Thread 138"        [_thread_blocked, id=11716, stack(0x00000014e3c00000,0x00000014e3d00000) (1024K)]
  0x00000213a1f91340 JavaThread "Unconstrained build operations Thread 139"        [_thread_blocked, id=28064, stack(0x00000014e3d00000,0x00000014e3e00000) (1024K)]
  0x00000213a1f8ff90 JavaThread "Unconstrained build operations Thread 140"        [_thread_blocked, id=8952, stack(0x00000014e4000000,0x00000014e4100000) (1024K)]
  0x00000213a1f90620 JavaThread "Unconstrained build operations Thread 141"        [_thread_blocked, id=20664, stack(0x00000014e4100000,0x00000014e4200000) (1024K)]
  0x00000213a1f8ebe0 JavaThread "Unconstrained build operations Thread 142"        [_thread_blocked, id=27124, stack(0x00000014e4200000,0x00000014e4300000) (1024K)]
  0x00000213a1f90cb0 JavaThread "Unconstrained build operations Thread 143"        [_thread_blocked, id=15612, stack(0x00000014e4300000,0x00000014e4400000) (1024K)]
  0x00000213a1f8e550 JavaThread "Unconstrained build operations Thread 144"        [_thread_blocked, id=18200, stack(0x00000014e4400000,0x00000014e4500000) (1024K)]
  0x00000213a1f8f270 JavaThread "Unconstrained build operations Thread 145"        [_thread_blocked, id=6008, stack(0x00000014e4500000,0x00000014e4600000) (1024K)]
  0x00000213a1f8f900 JavaThread "Unconstrained build operations Thread 146"        [_thread_blocked, id=26796, stack(0x00000014e4600000,0x00000014e4700000) (1024K)]
  0x000002139ac20410 JavaThread "Unconstrained build operations Thread 147"        [_thread_blocked, id=24672, stack(0x00000014e4700000,0x00000014e4800000) (1024K)]
  0x000002139ac20aa0 JavaThread "Unconstrained build operations Thread 148"        [_thread_blocked, id=24224, stack(0x00000014e4800000,0x00000014e4900000) (1024K)]
  0x000002139ac21130 JavaThread "Unconstrained build operations Thread 149"        [_thread_blocked, id=24040, stack(0x00000014e3600000,0x00000014e3700000) (1024K)]
  0x000002139ac1e340 JavaThread "Unconstrained build operations Thread 150"        [_thread_blocked, id=16100, stack(0x00000014e4900000,0x00000014e4a00000) (1024K)]
  0x000002139ac1dcb0 JavaThread "Unconstrained build operations Thread 151"        [_thread_blocked, id=11504, stack(0x00000014e4a00000,0x00000014e4b00000) (1024K)]
  0x000002139ac1f6f0 JavaThread "Unconstrained build operations Thread 152"        [_thread_blocked, id=560, stack(0x00000014e4b00000,0x00000014e4c00000) (1024K)]
  0x000002139ac1fd80 JavaThread "Unconstrained build operations Thread 153"        [_thread_blocked, id=12704, stack(0x00000014e4c00000,0x00000014e4d00000) (1024K)]
  0x000002139ac217c0 JavaThread "Unconstrained build operations Thread 154"        [_thread_blocked, id=27264, stack(0x00000014e4d00000,0x00000014e4e00000) (1024K)]
  0x000002139ac21e50 JavaThread "Unconstrained build operations Thread 155"        [_thread_blocked, id=20576, stack(0x00000014e4e00000,0x00000014e4f00000) (1024K)]
  0x000002139ac1e9d0 JavaThread "Unconstrained build operations Thread 156"        [_thread_blocked, id=11080, stack(0x00000014e4f00000,0x00000014e5000000) (1024K)]
  0x000002139ac224e0 JavaThread "Unconstrained build operations Thread 157"        [_thread_blocked, id=17248, stack(0x00000014e5000000,0x00000014e5100000) (1024K)]
  0x000002139ac1f060 JavaThread "Unconstrained build operations Thread 158"        [_thread_blocked, id=31528, stack(0x00000014e5100000,0x00000014e5200000) (1024K)]
  0x000002139ac23200 JavaThread "Unconstrained build operations Thread 159"        [_thread_blocked, id=22276, stack(0x00000014e5200000,0x00000014e5300000) (1024K)]
  0x000002139ac23f20 JavaThread "Unconstrained build operations Thread 160"        [_thread_blocked, id=10224, stack(0x00000014e5300000,0x00000014e5400000) (1024K)]
  0x000002139ac25ff0 JavaThread "Unconstrained build operations Thread 161"        [_thread_blocked, id=9984, stack(0x00000014e5400000,0x00000014e5500000) (1024K)]
  0x000002139ac25960 JavaThread "Unconstrained build operations Thread 162"        [_thread_blocked, id=27692, stack(0x00000014e5500000,0x00000014e5600000) (1024K)]
  0x000002139ac23890 JavaThread "Unconstrained build operations Thread 163"        [_thread_blocked, id=18220, stack(0x00000014e5600000,0x00000014e5700000) (1024K)]
  0x000002139ac22b70 JavaThread "Unconstrained build operations Thread 164"        [_thread_blocked, id=18368, stack(0x00000014e5700000,0x00000014e5800000) (1024K)]
  0x000002139ac24c40 JavaThread "Unconstrained build operations Thread 165"        [_thread_blocked, id=27948, stack(0x00000014e5800000,0x00000014e5900000) (1024K)]
  0x000002139ac27a30 JavaThread "Unconstrained build operations Thread 166"        [_thread_blocked, id=31464, stack(0x00000014e5900000,0x00000014e5a00000) (1024K)]
  0x000002139ac252d0 JavaThread "Unconstrained build operations Thread 167"        [_thread_blocked, id=13948, stack(0x00000014e5a00000,0x00000014e5b00000) (1024K)]
  0x0000021396f175f0 JavaThread "C1 CompilerThread1"         daemon [_thread_blocked, id=26860, stack(0x00000014d5100000,0x00000014d5200000) (1024K)]
  0x000002139ac2b540 JavaThread "WorkerExecutor Queue Thread 21"        [_thread_blocked, id=21880, stack(0x00000014d6000000,0x00000014d6100000) (1024K)]
  0x000002139ac2c260 JavaThread "Unconstrained build operations Thread 168"        [_thread_blocked, id=23264, stack(0x00000014e3900000,0x00000014e3a00000) (1024K)]
  0x000002139ac2c8f0 JavaThread "Unconstrained build operations Thread 169"        [_thread_blocked, id=29256, stack(0x00000014e3a00000,0x00000014e3b00000) (1024K)]
  0x000002139ac2cf80 JavaThread "Unconstrained build operations Thread 170"        [_thread_blocked, id=10824, stack(0x00000014e5b00000,0x00000014e5c00000) (1024K)]
  0x00000213a1fea440 JavaThread "Unconstrained build operations Thread 171"        [_thread_blocked, id=30496, stack(0x00000014e5c00000,0x00000014e5d00000) (1024K)]
  0x00000213a1fe9db0 JavaThread "Unconstrained build operations Thread 172"        [_thread_blocked, id=18500, stack(0x00000014e5d00000,0x00000014e5e00000) (1024K)]
  0x00000213a1fe6fc0 JavaThread "Unconstrained build operations Thread 173"        [_thread_blocked, id=5672, stack(0x00000014e5e00000,0x00000014e5f00000) (1024K)]
  0x00000213a1feaad0 JavaThread "Unconstrained build operations Thread 174"        [_thread_blocked, id=26212, stack(0x00000014e5f00000,0x00000014e6000000) (1024K)]
  0x00000213a1fe7650 JavaThread "Unconstrained build operations Thread 175"        [_thread_blocked, id=21812, stack(0x00000014e6000000,0x00000014e6100000) (1024K)]
  0x00000213a1feb160 JavaThread "Unconstrained build operations Thread 176"        [_thread_blocked, id=27760, stack(0x00000014e6100000,0x00000014e6200000) (1024K)]
  0x00000213a1feb7f0 JavaThread "Unconstrained build operations Thread 177"        [_thread_blocked, id=28904, stack(0x00000014e6200000,0x00000014e6300000) (1024K)]
  0x00000213a1fecba0 JavaThread "Unconstrained build operations Thread 178"        [_thread_blocked, id=26728, stack(0x00000014e6300000,0x00000014e6400000) (1024K)]
  0x00000213a1feec70 JavaThread "Unconstrained build operations Thread 179"        [_thread_blocked, id=7336, stack(0x00000014e6400000,0x00000014e6500000) (1024K)]
  0x00000213a1fef300 JavaThread "Unconstrained build operations Thread 180"        [_thread_blocked, id=14540, stack(0x00000014e6500000,0x00000014e6600000) (1024K)]
  0x00000213a1fed230 JavaThread "Unconstrained build operations Thread 181"        [_thread_blocked, id=14992, stack(0x00000014e6600000,0x00000014e6700000) (1024K)]
  0x00000213974ca820 JavaThread "Unconstrained build operations Thread 182"        [_thread_blocked, id=288, stack(0x00000014e6700000,0x00000014e6800000) (1024K)]
  0x00000213974c80c0 JavaThread "Unconstrained build operations Thread 183"        [_thread_blocked, id=26996, stack(0x00000014e6800000,0x00000014e6900000) (1024K)]
  0x00000213974ca190 JavaThread "Unconstrained build operations Thread 184"        [_thread_blocked, id=29068, stack(0x00000014e6900000,0x00000014e6a00000) (1024K)]
  0x00000213974caeb0 JavaThread "Unconstrained build operations Thread 185"        [_thread_blocked, id=29360, stack(0x00000014e6a00000,0x00000014e6b00000) (1024K)]
  0x00000213974cb540 JavaThread "Unconstrained build operations Thread 186"        [_thread_blocked, id=12604, stack(0x00000014e6b00000,0x00000014e6c00000) (1024K)]
  0x0000021396f19130 JavaThread "C2 CompilerThread1"         daemon [_thread_blocked, id=11028, stack(0x00000014d3e00000,0x00000014d3f00000) (1024K)]
  0x0000021396f19800 JavaThread "C2 CompilerThread2"         daemon [_thread_blocked, id=3056, stack(0x00000014d3f00000,0x00000014d4000000) (1024K)]
  0x0000021396f19ed0 JavaThread "C2 CompilerThread3"         daemon [_thread_blocked, id=14604, stack(0x00000014d4000000,0x00000014d4100000) (1024K)]
  0x00000213974c9470 JavaThread "Unconstrained build operations Thread 187"        [_thread_blocked, id=4916, stack(0x00000014e6c00000,0x00000014e6d00000) (1024K)]
  0x00000213974c9b00 JavaThread "Unconstrained build operations Thread 188"        [_thread_blocked, id=8236, stack(0x00000014e6d00000,0x00000014e6e00000) (1024K)]
  0x00000213974c8750 JavaThread "Unconstrained build operations Thread 189"        [_thread_blocked, id=23144, stack(0x00000014e6e00000,0x00000014e6f00000) (1024K)]
  0x00000213974cdca0 JavaThread "Unconstrained build operations Thread 190"        [_thread_blocked, id=19512, stack(0x00000014e6f00000,0x00000014e7000000) (1024K)]
  0x00000213974cf6e0 JavaThread "Unconstrained build operations Thread 191"        [_thread_blocked, id=19316, stack(0x00000014e7000000,0x00000014e7100000) (1024K)]
  0x00000213974cc260 JavaThread "Unconstrained build operations Thread 192"        [_thread_blocked, id=26656, stack(0x00000014e7100000,0x00000014e7200000) (1024K)]
  0x00000213974cf050 JavaThread "Unconstrained build operations Thread 193"        [_thread_blocked, id=10836, stack(0x00000014e7200000,0x00000014e7300000) (1024K)]
  0x00000213974cd610 JavaThread "Unconstrained build operations Thread 194"        [_thread_blocked, id=30844, stack(0x00000014e7300000,0x00000014e7400000) (1024K)]
  0x00000213974ccf80 JavaThread "Unconstrained build operations Thread 195"        [_thread_blocked, id=3620, stack(0x00000014e7400000,0x00000014e7500000) (1024K)]
  0x00000213974ce330 JavaThread "Unconstrained build operations Thread 196"        [_thread_blocked, id=29456, stack(0x00000014e7500000,0x00000014e7600000) (1024K)]
  0x00000213974cfd70 JavaThread "Unconstrained build operations Thread 197"        [_thread_blocked, id=24144, stack(0x00000014e7600000,0x00000014e7700000) (1024K)]
  0x00000213974ce9c0 JavaThread "Unconstrained build operations Thread 198"        [_thread_blocked, id=28608, stack(0x00000014e7700000,0x00000014e7800000) (1024K)]
  0x00000213974cc8f0 JavaThread "Unconstrained build operations Thread 199"        [_thread_blocked, id=3908, stack(0x00000014e7800000,0x00000014e7900000) (1024K)]
  0x00000213974d1120 JavaThread "Unconstrained build operations Thread 200"        [_thread_blocked, id=29668, stack(0x00000014e7900000,0x00000014e7a00000) (1024K)]
  0x00000213968432e0 JavaThread "C1 CompilerThread2"         daemon [_thread_blocked, id=30348, stack(0x00000014e7a00000,0x00000014e7b00000) (1024K)]
  0x0000021396844750 JavaThread "C1 CompilerThread3"         daemon [_thread_blocked, id=24092, stack(0x00000014e7b00000,0x00000014e7c00000) (1024K)]
Total: 290

Other Threads:
=>0x000002134de57b10 VMThread "VM Thread"                           [id=30360, stack(0x00000014d4800000,0x00000014d4900000) (1024K)]
  0x000002138f0810a0 WatcherThread "VM Periodic Task Thread"        [id=11972, stack(0x00000014d4700000,0x00000014d4800000) (1024K)]
  0x00000213320d0510 WorkerThread "GC Thread#0"                     [id=30704, stack(0x00000014d4200000,0x00000014d4300000) (1024K)]
  0x000002138f45fba0 WorkerThread "GC Thread#1"                     [id=28916, stack(0x00000014d5800000,0x00000014d5900000) (1024K)]
  0x000002138fbab8e0 WorkerThread "GC Thread#2"                     [id=11804, stack(0x00000014d5900000,0x00000014d5a00000) (1024K)]
  0x000002138fa1f210 WorkerThread "GC Thread#3"                     [id=31096, stack(0x00000014d5a00000,0x00000014d5b00000) (1024K)]
  0x000002138fa1f5c0 WorkerThread "GC Thread#4"                     [id=31040, stack(0x00000014d5b00000,0x00000014d5c00000) (1024K)]
  0x000002139427f8d0 WorkerThread "GC Thread#5"                     [id=10628, stack(0x00000014d5c00000,0x00000014d5d00000) (1024K)]
  0x000002139427fc80 WorkerThread "GC Thread#6"                     [id=20308, stack(0x00000014d5d00000,0x00000014d5e00000) (1024K)]
  0x0000021394280030 WorkerThread "GC Thread#7"                     [id=6432, stack(0x00000014d5e00000,0x00000014d5f00000) (1024K)]
  0x000002138fa0c800 WorkerThread "GC Thread#8"                     [id=29560, stack(0x00000014d5f00000,0x00000014d6000000) (1024K)]
  0x0000021395510320 WorkerThread "GC Thread#9"                     [id=13804, stack(0x00000014d6d00000,0x00000014d6e00000) (1024K)]
  0x00000213955111e0 WorkerThread "GC Thread#10"                    [id=16580, stack(0x00000014d6e00000,0x00000014d6f00000) (1024K)]
  0x0000021395511940 WorkerThread "GC Thread#11"                    [id=16996, stack(0x00000014d6f00000,0x00000014d7000000) (1024K)]
  0x0000021395511590 WorkerThread "GC Thread#12"                    [id=13632, stack(0x00000014d7000000,0x00000014d7100000) (1024K)]
  0x0000021395511cf0 WorkerThread "GC Thread#13"                    [id=6280, stack(0x00000014d7100000,0x00000014d7200000) (1024K)]
  0x000002139550fbc0 WorkerThread "GC Thread#14"                    [id=14276, stack(0x00000014d7200000,0x00000014d7300000) (1024K)]
  0x00000213320d5410 ConcurrentGCThread "G1 Main Marker"            [id=30172, stack(0x00000014d4300000,0x00000014d4400000) (1024K)]
  0x00000213320d5e30 WorkerThread "G1 Conc#0"                       [id=16964, stack(0x00000014d4400000,0x00000014d4500000) (1024K)]
  0x000002139550ff70 WorkerThread "G1 Conc#1"                       [id=26752, stack(0x00000014d7300000,0x00000014d7400000) (1024K)]
  0x00000213955106d0 WorkerThread "G1 Conc#2"                       [id=5068, stack(0x00000014d7400000,0x00000014d7500000) (1024K)]
  0x00000213982f4270 WorkerThread "G1 Conc#3"                       [id=24780, stack(0x00000014d7500000,0x00000014d7600000) (1024K)]
  0x000002134dd95f60 ConcurrentGCThread "G1 Refine#0"               [id=29944, stack(0x00000014d4500000,0x00000014d4600000) (1024K)]
  0x000002134dd96790 ConcurrentGCThread "G1 Service"                [id=4452, stack(0x00000014d4600000,0x00000014d4700000) (1024K)]
Total: 24

Threads with active compile tasks:
C2 CompilerThread0  174523 24211       4       java.io.InputStream::readNBytes (292 bytes)
C2 CompilerThread1  174524 24173       4       org.gradle.cache.internal.DefaultMultiProcessSafeIndexedCache$$Lambda/0x000002134f599220::run (16 bytes)
C2 CompilerThread2  174524 24156       4       org.gradle.cache.internal.DefaultMultiProcessSafeIndexedCache::put (23 bytes)
C2 CompilerThread3  174524 24158   !   4       org.gradle.cache.internal.btree.BTreePersistentIndexedCache::put (176 bytes)
Total: 4

VM state: at safepoint (normal execution)

VM Mutex/Monitor currently owned by a thread:  ([mutex/lock_event])
[0x00007ff80ee1c8f0] Threads_lock - owner thread: 0x000002134de57b10
[0x00007ff80ee1c9f0] Heap_lock - owner thread: 0x00000213320d5410

Heap address: 0x00000000e0000000, size: 512 MB, Compressed Oops mode: 32-bit

CDS archive(s) mapped at: [0x000002134e000000-0x000002134ec80000-0x000002134ec80000), size 13107200, SharedBaseAddress: 0x000002134e000000, ArchiveRelocationMode: 1.
Compressed class space mapped at: 0x000002134f000000-0x000002138f000000, reserved size: 1073741824
Narrow klass base: 0x000002134e000000, Narrow klass shift: 0, Narrow klass range: 0x100000000

GC Precious Log:
 CardTable entry size: 512
 Card Set container configuration: InlinePtr #cards 5 size 8 Array Of Cards #cards 12 size 40 Howl #buckets 4 coarsen threshold 1843 Howl Bitmap #cards 512 size 80 coarsen threshold 460 Card regions per heap region 1 cards per card region 2048
 CPUs: 20 total, 20 available
 Memory: 24283M
 Large Page Support: Disabled
 NUMA Support: Disabled
 Compressed Oops: Enabled (32-bit)
 Heap Region Size: 1M
 Heap Min Capacity: 8M
 Heap Initial Capacity: 380M
 Heap Max Capacity: 512M
 Pre-touch: Disabled
 Parallel Workers: 15
 Concurrent Workers: 4
 Concurrent Refinement Workers: 15
 Periodic GC: Disabled

Heap:
 garbage-first heap   total 320512K, used 246039K [0x00000000e0000000, 0x0000000100000000)
  region size 1024K, 32 young (32768K), 4 survivors (4096K)
 Metaspace       used 115383K, committed 117696K, reserved 1179648K
  class space    used 15584K, committed 16768K, reserved 1048576K

Heap Regions: E=young(eden), S=young(survivor), O=old, HS=humongous(starts), HC=humongous(continues), CS=collection set, F=free, TAMS=top-at-mark-start, PB=parsable bottom
|   0|0x00000000e0000000, 0x00000000e0100000, 0x00000000e0100000|100%|HS|  |TAMS 0x00000000e0100000| PB 0x00000000e0000000| Complete 
|   1|0x00000000e0100000, 0x00000000e0200000, 0x00000000e0200000|100%|HC|  |TAMS 0x00000000e0200000| PB 0x00000000e0100000| Complete 
|   2|0x00000000e0200000, 0x00000000e0300000, 0x00000000e0300000|100%|HC|  |TAMS 0x00000000e0300000| PB 0x00000000e0200000| Complete 
|   3|0x00000000e0300000, 0x00000000e0400000, 0x00000000e0400000|100%|HC|  |TAMS 0x00000000e0400000| PB 0x00000000e0300000| Complete 
|   4|0x00000000e0400000, 0x00000000e0500000, 0x00000000e0500000|100%| O|  |TAMS 0x00000000e0500000| PB 0x00000000e0500000| Untracked 
|   5|0x00000000e0500000, 0x00000000e0600000, 0x00000000e0600000|100%| O|  |TAMS 0x00000000e0600000| PB 0x00000000e0600000| Untracked 
|   6|0x00000000e0600000, 0x00000000e0700000, 0x00000000e0700000|100%| O|  |TAMS 0x00000000e0700000| PB 0x00000000e0700000| Untracked 
|   7|0x00000000e0700000, 0x00000000e0800000, 0x00000000e0800000|100%| O|  |TAMS 0x00000000e0800000| PB 0x00000000e0800000| Updating 
|   8|0x00000000e0800000, 0x00000000e0900000, 0x00000000e0900000|100%| O|  |TAMS 0x00000000e0900000| PB 0x00000000e0900000| Untracked 
|   9|0x00000000e0900000, 0x00000000e0a00000, 0x00000000e0a00000|100%| O|  |TAMS 0x00000000e0a00000| PB 0x00000000e0a00000| Untracked 
|  10|0x00000000e0a00000, 0x00000000e0b00000, 0x00000000e0b00000|100%|HS|  |TAMS 0x00000000e0b00000| PB 0x00000000e0a00000| Complete 
|  11|0x00000000e0b00000, 0x00000000e0c00000, 0x00000000e0c00000|100%| O|  |TAMS 0x00000000e0c00000| PB 0x00000000e0c00000| Untracked 
|  12|0x00000000e0c00000, 0x00000000e0d00000, 0x00000000e0d00000|100%| O|  |TAMS 0x00000000e0d00000| PB 0x00000000e0d00000| Untracked 
|  13|0x00000000e0d00000, 0x00000000e0e00000, 0x00000000e0e00000|100%| O|  |TAMS 0x00000000e0e00000| PB 0x00000000e0e00000| Untracked 
|  14|0x00000000e0e00000, 0x00000000e0f00000, 0x00000000e0f00000|100%| O|  |TAMS 0x00000000e0f00000| PB 0x00000000e0f00000| Untracked 
|  15|0x00000000e0f00000, 0x00000000e1000000, 0x00000000e1000000|100%| O|  |TAMS 0x00000000e1000000| PB 0x00000000e1000000| Untracked 
|  16|0x00000000e1000000, 0x00000000e1100000, 0x00000000e1100000|100%| O|  |TAMS 0x00000000e1100000| PB 0x00000000e1100000| Untracked 
|  17|0x00000000e1100000, 0x00000000e1200000, 0x00000000e1200000|100%| O|  |TAMS 0x00000000e1200000| PB 0x00000000e1200000| Untracked 
|  18|0x00000000e1200000, 0x00000000e1300000, 0x00000000e1300000|100%| O|  |TAMS 0x00000000e1300000| PB 0x00000000e1300000| Untracked 
|  19|0x00000000e1300000, 0x00000000e1400000, 0x00000000e1400000|100%| O|  |TAMS 0x00000000e1400000| PB 0x00000000e1400000| Untracked 
|  20|0x00000000e1400000, 0x00000000e1500000, 0x00000000e1500000|100%| O|  |TAMS 0x00000000e1500000| PB 0x00000000e1500000| Untracked 
|  21|0x00000000e1500000, 0x00000000e1600000, 0x00000000e1600000|100%| O|  |TAMS 0x00000000e1600000| PB 0x00000000e1600000| Untracked 
|  22|0x00000000e1600000, 0x00000000e1700000, 0x00000000e1700000|100%| O|  |TAMS 0x00000000e1700000| PB 0x00000000e1700000| Untracked 
|  23|0x00000000e1700000, 0x00000000e1800000, 0x00000000e1800000|100%| O|  |TAMS 0x00000000e1800000| PB 0x00000000e1800000| Untracked 
|  24|0x00000000e1800000, 0x00000000e1900000, 0x00000000e1900000|100%| O|  |TAMS 0x00000000e1900000| PB 0x00000000e1900000| Untracked 
|  25|0x00000000e1900000, 0x00000000e1a00000, 0x00000000e1a00000|100%| O|  |TAMS 0x00000000e1a00000| PB 0x00000000e1a00000| Untracked 
|  26|0x00000000e1a00000, 0x00000000e1b00000, 0x00000000e1b00000|100%| O|  |TAMS 0x00000000e1b00000| PB 0x00000000e1b00000| Untracked 
|  27|0x00000000e1b00000, 0x00000000e1c00000, 0x00000000e1c00000|100%| O|  |TAMS 0x00000000e1c00000| PB 0x00000000e1c00000| Updating 
|  28|0x00000000e1c00000, 0x00000000e1d00000, 0x00000000e1d00000|100%| O|  |TAMS 0x00000000e1d00000| PB 0x00000000e1d00000| Untracked 
|  29|0x00000000e1d00000, 0x00000000e1e00000, 0x00000000e1e00000|100%| O|  |TAMS 0x00000000e1e00000| PB 0x00000000e1e00000| Untracked 
|  30|0x00000000e1e00000, 0x00000000e1f00000, 0x00000000e1f00000|100%| O|  |TAMS 0x00000000e1f00000| PB 0x00000000e1f00000| Untracked 
|  31|0x00000000e1f00000, 0x00000000e2000000, 0x00000000e2000000|100%| O|  |TAMS 0x00000000e2000000| PB 0x00000000e2000000| Untracked 
|  32|0x00000000e2000000, 0x00000000e2100000, 0x00000000e2100000|100%| O|  |TAMS 0x00000000e2100000| PB 0x00000000e2100000| Untracked 
|  33|0x00000000e2100000, 0x00000000e2200000, 0x00000000e2200000|100%| O|  |TAMS 0x00000000e2200000| PB 0x00000000e2200000| Untracked 
|  34|0x00000000e2200000, 0x00000000e2300000, 0x00000000e2300000|100%| O|  |TAMS 0x00000000e2300000| PB 0x00000000e2300000| Untracked 
|  35|0x00000000e2300000, 0x00000000e2400000, 0x00000000e2400000|100%| O|  |TAMS 0x00000000e2400000| PB 0x00000000e2400000| Untracked 
|  36|0x00000000e2400000, 0x00000000e2500000, 0x00000000e2500000|100%| O|  |TAMS 0x00000000e2500000| PB 0x00000000e2500000| Untracked 
|  37|0x00000000e2500000, 0x00000000e2600000, 0x00000000e2600000|100%| O|  |TAMS 0x00000000e2600000| PB 0x00000000e2600000| Untracked 
|  38|0x00000000e2600000, 0x00000000e2700000, 0x00000000e2700000|100%|HS|  |TAMS 0x00000000e2700000| PB 0x00000000e2600000| Complete 
|  39|0x00000000e2700000, 0x00000000e2800000, 0x00000000e2800000|100%|HS|  |TAMS 0x00000000e2800000| PB 0x00000000e2700000| Complete 
|  40|0x00000000e2800000, 0x00000000e2900000, 0x00000000e2900000|100%|HC|  |TAMS 0x00000000e2900000| PB 0x00000000e2800000| Complete 
|  41|0x00000000e2900000, 0x00000000e2a00000, 0x00000000e2a00000|100%|HS|  |TAMS 0x00000000e2a00000| PB 0x00000000e2900000| Complete 
|  42|0x00000000e2a00000, 0x00000000e2b00000, 0x00000000e2b00000|100%| O|  |TAMS 0x00000000e2b00000| PB 0x00000000e2b00000| Untracked 
|  43|0x00000000e2b00000, 0x00000000e2c00000, 0x00000000e2c00000|100%| O|  |TAMS 0x00000000e2c00000| PB 0x00000000e2c00000| Untracked 
|  44|0x00000000e2c00000, 0x00000000e2d00000, 0x00000000e2d00000|100%| O|  |TAMS 0x00000000e2d00000| PB 0x00000000e2d00000| Updating 
|  45|0x00000000e2d00000, 0x00000000e2e00000, 0x00000000e2e00000|100%| O|  |TAMS 0x00000000e2e00000| PB 0x00000000e2e00000| Updating 
|  46|0x00000000e2e00000, 0x00000000e2f00000, 0x00000000e2f00000|100%|HS|  |TAMS 0x00000000e2f00000| PB 0x00000000e2e00000| Complete 
|  47|0x00000000e2f00000, 0x00000000e3000000, 0x00000000e3000000|100%|HC|  |TAMS 0x00000000e3000000| PB 0x00000000e2f00000| Complete 
|  48|0x00000000e3000000, 0x00000000e3100000, 0x00000000e3100000|100%| O|  |TAMS 0x00000000e3100000| PB 0x00000000e3100000| Untracked 
|  49|0x00000000e3100000, 0x00000000e3200000, 0x00000000e3200000|100%|HS|  |TAMS 0x00000000e3200000| PB 0x00000000e3100000| Complete 
|  50|0x00000000e3200000, 0x00000000e3300000, 0x00000000e3300000|100%|HS|  |TAMS 0x00000000e3300000| PB 0x00000000e3200000| Complete 
|  51|0x00000000e3300000, 0x00000000e3400000, 0x00000000e3400000|100%|HC|  |TAMS 0x00000000e3400000| PB 0x00000000e3300000| Complete 
|  52|0x00000000e3400000, 0x00000000e3500000, 0x00000000e3500000|100%|HC|  |TAMS 0x00000000e3500000| PB 0x00000000e3400000| Complete 
|  53|0x00000000e3500000, 0x00000000e3600000, 0x00000000e3600000|100%|HS|  |TAMS 0x00000000e3600000| PB 0x00000000e3500000| Complete 
|  54|0x00000000e3600000, 0x00000000e3700000, 0x00000000e3700000|100%| O|  |TAMS 0x00000000e3700000| PB 0x00000000e3700000| Untracked 
|  55|0x00000000e3700000, 0x00000000e3800000, 0x00000000e3800000|100%|HS|  |TAMS 0x00000000e3800000| PB 0x00000000e3700000| Complete 
|  56|0x00000000e3800000, 0x00000000e3900000, 0x00000000e3900000|100%|HS|  |TAMS 0x00000000e3900000| PB 0x00000000e3800000| Complete 
|  57|0x00000000e3900000, 0x00000000e3a00000, 0x00000000e3a00000|100%| O|  |TAMS 0x00000000e3a00000| PB 0x00000000e3a00000| Untracked 
|  58|0x00000000e3a00000, 0x00000000e3b00000, 0x00000000e3b00000|100%| O|  |TAMS 0x00000000e3b00000| PB 0x00000000e3b00000| Untracked 
|  59|0x00000000e3b00000, 0x00000000e3c00000, 0x00000000e3c00000|100%| O|  |TAMS 0x00000000e3c00000| PB 0x00000000e3c00000| Untracked 
|  60|0x00000000e3c00000, 0x00000000e3d00000, 0x00000000e3d00000|100%| O|  |TAMS 0x00000000e3d00000| PB 0x00000000e3d00000| Untracked 
|  61|0x00000000e3d00000, 0x00000000e3e00000, 0x00000000e3e00000|100%| O|  |TAMS 0x00000000e3e00000| PB 0x00000000e3e00000| Untracked 
|  62|0x00000000e3e00000, 0x00000000e3f00000, 0x00000000e3f00000|100%| O|  |TAMS 0x00000000e3f00000| PB 0x00000000e3f00000| Untracked 
|  63|0x00000000e3f00000, 0x00000000e4000000, 0x00000000e4000000|100%| O|  |TAMS 0x00000000e4000000| PB 0x00000000e4000000| Untracked 
|  64|0x00000000e4000000, 0x00000000e4100000, 0x00000000e4100000|100%| O|  |TAMS 0x00000000e4100000| PB 0x00000000e4100000| Untracked 
|  65|0x00000000e4100000, 0x00000000e4200000, 0x00000000e4200000|100%| O|  |TAMS 0x00000000e4200000| PB 0x00000000e4200000| Untracked 
|  66|0x00000000e4200000, 0x00000000e4300000, 0x00000000e4300000|100%| O|  |TAMS 0x00000000e4300000| PB 0x00000000e4300000| Untracked 
|  67|0x00000000e4300000, 0x00000000e4400000, 0x00000000e4400000|100%|HS|  |TAMS 0x00000000e4400000| PB 0x00000000e4300000| Complete 
|  68|0x00000000e4400000, 0x00000000e4500000, 0x00000000e4500000|100%| O|  |TAMS 0x00000000e4500000| PB 0x00000000e4500000| Updating 
|  69|0x00000000e4500000, 0x00000000e4600000, 0x00000000e4600000|100%| O|  |TAMS 0x00000000e4600000| PB 0x00000000e4600000| Updating 
|  70|0x00000000e4600000, 0x00000000e4700000, 0x00000000e4700000|100%| O|  |TAMS 0x00000000e4700000| PB 0x00000000e4700000| Updating 
|  71|0x00000000e4700000, 0x00000000e4800000, 0x00000000e4800000|100%|HS|  |TAMS 0x00000000e4800000| PB 0x00000000e4700000| Complete 
|  72|0x00000000e4800000, 0x00000000e4900000, 0x00000000e4900000|100%|HC|  |TAMS 0x00000000e4900000| PB 0x00000000e4800000| Complete 
|  73|0x00000000e4900000, 0x00000000e4a00000, 0x00000000e4a00000|100%|HC|  |TAMS 0x00000000e4a00000| PB 0x00000000e4900000| Complete 
|  74|0x00000000e4a00000, 0x00000000e4b00000, 0x00000000e4b00000|100%| O|  |TAMS 0x00000000e4b00000| PB 0x00000000e4b00000| Untracked 
|  75|0x00000000e4b00000, 0x00000000e4c00000, 0x00000000e4c00000|100%| O|  |TAMS 0x00000000e4c00000| PB 0x00000000e4c00000| Untracked 
|  76|0x00000000e4c00000, 0x00000000e4d00000, 0x00000000e4d00000|100%| O|  |TAMS 0x00000000e4d00000| PB 0x00000000e4d00000| Updating 
|  77|0x00000000e4d00000, 0x00000000e4e00000, 0x00000000e4e00000|100%| O|  |TAMS 0x00000000e4e00000| PB 0x00000000e4e00000| Untracked 
|  78|0x00000000e4e00000, 0x00000000e4f00000, 0x00000000e4f00000|100%| O|  |TAMS 0x00000000e4f00000| PB 0x00000000e4f00000| Untracked 
|  79|0x00000000e4f00000, 0x00000000e5000000, 0x00000000e5000000|100%| O|  |TAMS 0x00000000e5000000| PB 0x00000000e5000000| Untracked 
|  80|0x00000000e5000000, 0x00000000e5100000, 0x00000000e5100000|100%| O|  |TAMS 0x00000000e5100000| PB 0x00000000e5100000| Untracked 
|  81|0x00000000e5100000, 0x00000000e5200000, 0x00000000e5200000|100%| O|  |TAMS 0x00000000e5200000| PB 0x00000000e5200000| Updating 
|  82|0x00000000e5200000, 0x00000000e5300000, 0x00000000e5300000|100%| O|  |TAMS 0x00000000e5300000| PB 0x00000000e5300000| Untracked 
|  83|0x00000000e5300000, 0x00000000e5400000, 0x00000000e5400000|100%| O|  |TAMS 0x00000000e5400000| PB 0x00000000e5400000| Untracked 
|  84|0x00000000e5400000, 0x00000000e5500000, 0x00000000e5500000|100%| O|  |TAMS 0x00000000e5500000| PB 0x00000000e5500000| Untracked 
|  85|0x00000000e5500000, 0x00000000e5600000, 0x00000000e5600000|100%| O|  |TAMS 0x00000000e5600000| PB 0x00000000e5600000| Untracked 
|  86|0x00000000e5600000, 0x00000000e5700000, 0x00000000e5700000|100%| O|  |TAMS 0x00000000e5700000| PB 0x00000000e5700000| Untracked 
|  87|0x00000000e5700000, 0x00000000e5800000, 0x00000000e5800000|100%| O|  |TAMS 0x00000000e5800000| PB 0x00000000e5800000| Untracked 
|  88|0x00000000e5800000, 0x00000000e5900000, 0x00000000e5900000|100%| O|  |TAMS 0x00000000e5900000| PB 0x00000000e5900000| Untracked 
|  89|0x00000000e5900000, 0x00000000e5a00000, 0x00000000e5a00000|100%| O|  |TAMS 0x00000000e5a00000| PB 0x00000000e5a00000| Untracked 
|  90|0x00000000e5a00000, 0x00000000e5b00000, 0x00000000e5b00000|100%| O|  |TAMS 0x00000000e5b00000| PB 0x00000000e5b00000| Untracked 
|  91|0x00000000e5b00000, 0x00000000e5c00000, 0x00000000e5c00000|100%| O|  |TAMS 0x00000000e5c00000| PB 0x00000000e5c00000| Untracked 
|  92|0x00000000e5c00000, 0x00000000e5d00000, 0x00000000e5d00000|100%| O|  |TAMS 0x00000000e5d00000| PB 0x00000000e5d00000| Untracked 
|  93|0x00000000e5d00000, 0x00000000e5e00000, 0x00000000e5e00000|100%| O|  |TAMS 0x00000000e5e00000| PB 0x00000000e5e00000| Untracked 
|  94|0x00000000e5e00000, 0x00000000e5f00000, 0x00000000e5f00000|100%| O|  |TAMS 0x00000000e5f00000| PB 0x00000000e5f00000| Untracked 
|  95|0x00000000e5f00000, 0x00000000e6000000, 0x00000000e6000000|100%| O|  |TAMS 0x00000000e6000000| PB 0x00000000e6000000| Untracked 
|  96|0x00000000e6000000, 0x00000000e6100000, 0x00000000e6100000|100%| O|  |TAMS 0x00000000e6100000| PB 0x00000000e6100000| Untracked 
|  97|0x00000000e6100000, 0x00000000e6200000, 0x00000000e6200000|100%| O|  |TAMS 0x00000000e6200000| PB 0x00000000e6200000| Untracked 
|  98|0x00000000e6200000, 0x00000000e6300000, 0x00000000e6300000|100%| O|  |TAMS 0x00000000e6300000| PB 0x00000000e6300000| Untracked 
|  99|0x00000000e6300000, 0x00000000e6400000, 0x00000000e6400000|100%| O|  |TAMS 0x00000000e6400000| PB 0x00000000e6400000| Untracked 
| 100|0x00000000e6400000, 0x00000000e6500000, 0x00000000e6500000|100%| O|  |TAMS 0x00000000e6500000| PB 0x00000000e6500000| Untracked 
| 101|0x00000000e6500000, 0x00000000e6600000, 0x00000000e6600000|100%| O|  |TAMS 0x00000000e6600000| PB 0x00000000e6600000| Untracked 
| 102|0x00000000e6600000, 0x00000000e6700000, 0x00000000e6700000|100%| O|  |TAMS 0x00000000e6700000| PB 0x00000000e6700000| Untracked 
| 103|0x00000000e6700000, 0x00000000e6800000, 0x00000000e6800000|100%| O|  |TAMS 0x00000000e6800000| PB 0x00000000e6800000| Untracked 
| 104|0x00000000e6800000, 0x00000000e6900000, 0x00000000e6900000|100%| O|  |TAMS 0x00000000e6900000| PB 0x00000000e6900000| Updating 
| 105|0x00000000e6900000, 0x00000000e6a00000, 0x00000000e6a00000|100%| O|  |TAMS 0x00000000e6a00000| PB 0x00000000e6a00000| Untracked 
| 106|0x00000000e6a00000, 0x00000000e6b00000, 0x00000000e6b00000|100%| O|  |TAMS 0x00000000e6b00000| PB 0x00000000e6b00000| Untracked 
| 107|0x00000000e6b00000, 0x00000000e6b00000, 0x00000000e6c00000|  0%| F|  |TAMS 0x00000000e6b00000| PB 0x00000000e6b00000| Untracked 
| 108|0x00000000e6c00000, 0x00000000e6d00000, 0x00000000e6d00000|100%| O|  |TAMS 0x00000000e6d00000| PB 0x00000000e6d00000| Updating 
| 109|0x00000000e6d00000, 0x00000000e6e00000, 0x00000000e6e00000|100%| O|  |TAMS 0x00000000e6e00000| PB 0x00000000e6e00000| Untracked 
| 110|0x00000000e6e00000, 0x00000000e6f00000, 0x00000000e6f00000|100%| O|  |TAMS 0x00000000e6f00000| PB 0x00000000e6f00000| Untracked 
| 111|0x00000000e6f00000, 0x00000000e6f00000, 0x00000000e7000000|  0%| F|  |TAMS 0x00000000e6f00000| PB 0x00000000e6f00000| Untracked 
| 112|0x00000000e7000000, 0x00000000e7000000, 0x00000000e7100000|  0%| F|  |TAMS 0x00000000e7000000| PB 0x00000000e7000000| Untracked 
| 113|0x00000000e7100000, 0x00000000e7200000, 0x00000000e7200000|100%| O|  |TAMS 0x00000000e7200000| PB 0x00000000e7200000| Untracked 
| 114|0x00000000e7200000, 0x00000000e725f300, 0x00000000e7300000| 37%| O|  |TAMS 0x00000000e725f300| PB 0x00000000e725f300| Updating 
| 115|0x00000000e7300000, 0x00000000e7400000, 0x00000000e7400000|100%| O|  |TAMS 0x00000000e7400000| PB 0x00000000e7400000| Untracked 
| 116|0x00000000e7400000, 0x00000000e7400000, 0x00000000e7500000|  0%| F|  |TAMS 0x00000000e7400000| PB 0x00000000e7400000| Untracked 
| 117|0x00000000e7500000, 0x00000000e7500000, 0x00000000e7600000|  0%| F|  |TAMS 0x00000000e7500000| PB 0x00000000e7500000| Untracked 
| 118|0x00000000e7600000, 0x00000000e7600000, 0x00000000e7700000|  0%| F|  |TAMS 0x00000000e7600000| PB 0x00000000e7600000| Untracked 
| 119|0x00000000e7700000, 0x00000000e7700000, 0x00000000e7800000|  0%| F|  |TAMS 0x00000000e7700000| PB 0x00000000e7700000| Untracked 
| 120|0x00000000e7800000, 0x00000000e7900000, 0x00000000e7900000|100%| O|  |TAMS 0x00000000e7900000| PB 0x00000000e7900000| Untracked 
| 121|0x00000000e7900000, 0x00000000e7900000, 0x00000000e7a00000|  0%| F|  |TAMS 0x00000000e7900000| PB 0x00000000e7900000| Untracked 
| 122|0x00000000e7a00000, 0x00000000e7a00000, 0x00000000e7b00000|  0%| F|  |TAMS 0x00000000e7a00000| PB 0x00000000e7a00000| Untracked 
| 123|0x00000000e7b00000, 0x00000000e7b00000, 0x00000000e7c00000|  0%| F|  |TAMS 0x00000000e7b00000| PB 0x00000000e7b00000| Untracked 
| 124|0x00000000e7c00000, 0x00000000e7ce69d8, 0x00000000e7d00000| 90%| S|CS|TAMS 0x00000000e7c00000| PB 0x00000000e7c00000| Complete 
| 125|0x00000000e7d00000, 0x00000000e7e00000, 0x00000000e7e00000|100%| S|CS|TAMS 0x00000000e7d00000| PB 0x00000000e7d00000| Complete 
| 126|0x00000000e7e00000, 0x00000000e7f00000, 0x00000000e7f00000|100%| S|CS|TAMS 0x00000000e7e00000| PB 0x00000000e7e00000| Complete 
| 127|0x00000000e7f00000, 0x00000000e8000000, 0x00000000e8000000|100%| S|CS|TAMS 0x00000000e7f00000| PB 0x00000000e7f00000| Complete 
| 128|0x00000000e8000000, 0x00000000e8000000, 0x00000000e8100000|  0%| F|  |TAMS 0x00000000e8000000| PB 0x00000000e8000000| Untracked 
| 129|0x00000000e8100000, 0x00000000e8100000, 0x00000000e8200000|  0%| F|  |TAMS 0x00000000e8100000| PB 0x00000000e8100000| Untracked 
| 130|0x00000000e8200000, 0x00000000e8200000, 0x00000000e8300000|  0%| F|  |TAMS 0x00000000e8200000| PB 0x00000000e8200000| Untracked 
| 131|0x00000000e8300000, 0x00000000e8300000, 0x00000000e8400000|  0%| F|  |TAMS 0x00000000e8300000| PB 0x00000000e8300000| Untracked 
| 132|0x00000000e8400000, 0x00000000e8400000, 0x00000000e8500000|  0%| F|  |TAMS 0x00000000e8400000| PB 0x00000000e8400000| Untracked 
| 133|0x00000000e8500000, 0x00000000e8500000, 0x00000000e8600000|  0%| F|  |TAMS 0x00000000e8500000| PB 0x00000000e8500000| Untracked 
| 134|0x00000000e8600000, 0x00000000e8600000, 0x00000000e8700000|  0%| F|  |TAMS 0x00000000e8600000| PB 0x00000000e8600000| Untracked 
| 135|0x00000000e8700000, 0x00000000e8700000, 0x00000000e8800000|  0%| F|  |TAMS 0x00000000e8700000| PB 0x00000000e8700000| Untracked 
| 136|0x00000000e8800000, 0x00000000e8800000, 0x00000000e8900000|  0%| F|  |TAMS 0x00000000e8800000| PB 0x00000000e8800000| Untracked 
| 137|0x00000000e8900000, 0x00000000e8900000, 0x00000000e8a00000|  0%| F|  |TAMS 0x00000000e8900000| PB 0x00000000e8900000| Untracked 
| 138|0x00000000e8a00000, 0x00000000e8a00000, 0x00000000e8b00000|  0%| F|  |TAMS 0x00000000e8a00000| PB 0x00000000e8a00000| Untracked 
| 139|0x00000000e8b00000, 0x00000000e8b00000, 0x00000000e8c00000|  0%| F|  |TAMS 0x00000000e8b00000| PB 0x00000000e8b00000| Untracked 
| 140|0x00000000e8c00000, 0x00000000e8c00000, 0x00000000e8d00000|  0%| F|  |TAMS 0x00000000e8c00000| PB 0x00000000e8c00000| Untracked 
| 141|0x00000000e8d00000, 0x00000000e8d00000, 0x00000000e8e00000|  0%| F|  |TAMS 0x00000000e8d00000| PB 0x00000000e8d00000| Untracked 
| 142|0x00000000e8e00000, 0x00000000e8e00000, 0x00000000e8f00000|  0%| F|  |TAMS 0x00000000e8e00000| PB 0x00000000e8e00000| Untracked 
| 143|0x00000000e8f00000, 0x00000000e8f00000, 0x00000000e9000000|  0%| F|  |TAMS 0x00000000e8f00000| PB 0x00000000e8f00000| Untracked 
| 144|0x00000000e9000000, 0x00000000e9000000, 0x00000000e9100000|  0%| F|  |TAMS 0x00000000e9000000| PB 0x00000000e9000000| Untracked 
| 145|0x00000000e9100000, 0x00000000e9100000, 0x00000000e9200000|  0%| F|  |TAMS 0x00000000e9100000| PB 0x00000000e9100000| Untracked 
| 146|0x00000000e9200000, 0x00000000e9200000, 0x00000000e9300000|  0%| F|  |TAMS 0x00000000e9200000| PB 0x00000000e9200000| Untracked 
| 147|0x00000000e9300000, 0x00000000e9300000, 0x00000000e9400000|  0%| F|  |TAMS 0x00000000e9300000| PB 0x00000000e9300000| Untracked 
| 148|0x00000000e9400000, 0x00000000e9400000, 0x00000000e9500000|  0%| F|  |TAMS 0x00000000e9400000| PB 0x00000000e9400000| Untracked 
| 149|0x00000000e9500000, 0x00000000e9500000, 0x00000000e9600000|  0%| F|  |TAMS 0x00000000e9500000| PB 0x00000000e9500000| Untracked 
| 150|0x00000000e9600000, 0x00000000e9600000, 0x00000000e9700000|  0%| F|  |TAMS 0x00000000e9600000| PB 0x00000000e9600000| Untracked 
| 151|0x00000000e9700000, 0x00000000e9700000, 0x00000000e9800000|  0%| F|  |TAMS 0x00000000e9700000| PB 0x00000000e9700000| Untracked 
| 152|0x00000000e9800000, 0x00000000e9800000, 0x00000000e9900000|  0%| F|  |TAMS 0x00000000e9800000| PB 0x00000000e9800000| Untracked 
| 153|0x00000000e9900000, 0x00000000e9900000, 0x00000000e9a00000|  0%| F|  |TAMS 0x00000000e9900000| PB 0x00000000e9900000| Untracked 
| 154|0x00000000e9a00000, 0x00000000e9a00000, 0x00000000e9b00000|  0%| F|  |TAMS 0x00000000e9a00000| PB 0x00000000e9a00000| Untracked 
| 155|0x00000000e9b00000, 0x00000000e9b00000, 0x00000000e9c00000|  0%| F|  |TAMS 0x00000000e9b00000| PB 0x00000000e9b00000| Untracked 
| 156|0x00000000e9c00000, 0x00000000e9c00000, 0x00000000e9d00000|  0%| F|  |TAMS 0x00000000e9c00000| PB 0x00000000e9c00000| Untracked 
| 157|0x00000000e9d00000, 0x00000000e9d00000, 0x00000000e9e00000|  0%| F|  |TAMS 0x00000000e9d00000| PB 0x00000000e9d00000| Untracked 
| 158|0x00000000e9e00000, 0x00000000e9e00000, 0x00000000e9f00000|  0%| F|  |TAMS 0x00000000e9e00000| PB 0x00000000e9e00000| Untracked 
| 159|0x00000000e9f00000, 0x00000000e9f00000, 0x00000000ea000000|  0%| F|  |TAMS 0x00000000e9f00000| PB 0x00000000e9f00000| Untracked 
| 160|0x00000000ea000000, 0x00000000ea000000, 0x00000000ea100000|  0%| F|  |TAMS 0x00000000ea000000| PB 0x00000000ea000000| Untracked 
| 161|0x00000000ea100000, 0x00000000ea100000, 0x00000000ea200000|  0%| F|  |TAMS 0x00000000ea100000| PB 0x00000000ea100000| Untracked 
| 162|0x00000000ea200000, 0x00000000ea200000, 0x00000000ea300000|  0%| F|  |TAMS 0x00000000ea200000| PB 0x00000000ea200000| Untracked 
| 163|0x00000000ea300000, 0x00000000ea300000, 0x00000000ea400000|  0%| F|  |TAMS 0x00000000ea300000| PB 0x00000000ea300000| Untracked 
| 164|0x00000000ea400000, 0x00000000ea400000, 0x00000000ea500000|  0%| F|  |TAMS 0x00000000ea400000| PB 0x00000000ea400000| Untracked 
| 165|0x00000000ea500000, 0x00000000ea500000, 0x00000000ea600000|  0%| F|  |TAMS 0x00000000ea500000| PB 0x00000000ea500000| Untracked 
| 166|0x00000000ea600000, 0x00000000ea600000, 0x00000000ea700000|  0%| F|  |TAMS 0x00000000ea600000| PB 0x00000000ea600000| Untracked 
| 167|0x00000000ea700000, 0x00000000ea700000, 0x00000000ea800000|  0%| F|  |TAMS 0x00000000ea700000| PB 0x00000000ea700000| Untracked 
| 168|0x00000000ea800000, 0x00000000ea800000, 0x00000000ea900000|  0%| F|  |TAMS 0x00000000ea800000| PB 0x00000000ea800000| Untracked 
| 169|0x00000000ea900000, 0x00000000ea900000, 0x00000000eaa00000|  0%| F|  |TAMS 0x00000000ea900000| PB 0x00000000ea900000| Untracked 
| 170|0x00000000eaa00000, 0x00000000eaa00000, 0x00000000eab00000|  0%| F|  |TAMS 0x00000000eaa00000| PB 0x00000000eaa00000| Untracked 
| 171|0x00000000eab00000, 0x00000000eab00000, 0x00000000eac00000|  0%| F|  |TAMS 0x00000000eab00000| PB 0x00000000eab00000| Untracked 
| 172|0x00000000eac00000, 0x00000000eac00000, 0x00000000ead00000|  0%| F|  |TAMS 0x00000000eac00000| PB 0x00000000eac00000| Untracked 
| 173|0x00000000ead00000, 0x00000000ead00000, 0x00000000eae00000|  0%| F|  |TAMS 0x00000000ead00000| PB 0x00000000ead00000| Untracked 
| 174|0x00000000eae00000, 0x00000000eae00000, 0x00000000eaf00000|  0%| F|  |TAMS 0x00000000eae00000| PB 0x00000000eae00000| Untracked 
| 175|0x00000000eaf00000, 0x00000000eaf00000, 0x00000000eb000000|  0%| F|  |TAMS 0x00000000eaf00000| PB 0x00000000eaf00000| Untracked 
| 176|0x00000000eb000000, 0x00000000eb000000, 0x00000000eb100000|  0%| F|  |TAMS 0x00000000eb000000| PB 0x00000000eb000000| Untracked 
| 177|0x00000000eb100000, 0x00000000eb100000, 0x00000000eb200000|  0%| F|  |TAMS 0x00000000eb100000| PB 0x00000000eb100000| Untracked 
| 178|0x00000000eb200000, 0x00000000eb200000, 0x00000000eb300000|  0%| F|  |TAMS 0x00000000eb200000| PB 0x00000000eb200000| Untracked 
| 179|0x00000000eb300000, 0x00000000eb300000, 0x00000000eb400000|  0%| F|  |TAMS 0x00000000eb300000| PB 0x00000000eb300000| Untracked 
| 180|0x00000000eb400000, 0x00000000eb400000, 0x00000000eb500000|  0%| F|  |TAMS 0x00000000eb400000| PB 0x00000000eb400000| Untracked 
| 181|0x00000000eb500000, 0x00000000eb500000, 0x00000000eb600000|  0%| F|  |TAMS 0x00000000eb500000| PB 0x00000000eb500000| Untracked 
| 182|0x00000000eb600000, 0x00000000eb600000, 0x00000000eb700000|  0%| F|  |TAMS 0x00000000eb600000| PB 0x00000000eb600000| Untracked 
| 183|0x00000000eb700000, 0x00000000eb700000, 0x00000000eb800000|  0%| F|  |TAMS 0x00000000eb700000| PB 0x00000000eb700000| Untracked 
| 184|0x00000000eb800000, 0x00000000eb800000, 0x00000000eb900000|  0%| F|  |TAMS 0x00000000eb800000| PB 0x00000000eb800000| Untracked 
| 185|0x00000000eb900000, 0x00000000eb900000, 0x00000000eba00000|  0%| F|  |TAMS 0x00000000eb900000| PB 0x00000000eb900000| Untracked 
| 186|0x00000000eba00000, 0x00000000ebae98b8, 0x00000000ebb00000| 91%| E|  |TAMS 0x00000000eba00000| PB 0x00000000eba00000| Complete 
| 187|0x00000000ebb00000, 0x00000000ebc00000, 0x00000000ebc00000|100%| E|CS|TAMS 0x00000000ebb00000| PB 0x00000000ebb00000| Complete 
| 188|0x00000000ebc00000, 0x00000000ebd00000, 0x00000000ebd00000|100%| E|CS|TAMS 0x00000000ebc00000| PB 0x00000000ebc00000| Complete 
| 189|0x00000000ebd00000, 0x00000000ebe00000, 0x00000000ebe00000|100%| E|  |TAMS 0x00000000ebd00000| PB 0x00000000ebd00000| Complete 
| 190|0x00000000ebe00000, 0x00000000ebf00000, 0x00000000ebf00000|100%| E|CS|TAMS 0x00000000ebe00000| PB 0x00000000ebe00000| Complete 
| 191|0x00000000ebf00000, 0x00000000ec000000, 0x00000000ec000000|100%| E|CS|TAMS 0x00000000ebf00000| PB 0x00000000ebf00000| Complete 
| 192|0x00000000ec000000, 0x00000000ec100000, 0x00000000ec100000|100%| E|CS|TAMS 0x00000000ec000000| PB 0x00000000ec000000| Complete 
| 193|0x00000000ec100000, 0x00000000ec200000, 0x00000000ec200000|100%|HS|  |TAMS 0x00000000ec200000| PB 0x00000000ec100000| Complete 
| 194|0x00000000ec200000, 0x00000000ec300000, 0x00000000ec300000|100%|HC|  |TAMS 0x00000000ec300000| PB 0x00000000ec200000| Complete 
| 195|0x00000000ec300000, 0x00000000ec400000, 0x00000000ec400000|100%|HC|  |TAMS 0x00000000ec400000| PB 0x00000000ec300000| Complete 
| 196|0x00000000ec400000, 0x00000000ec500000, 0x00000000ec500000|100%|HC|  |TAMS 0x00000000ec500000| PB 0x00000000ec400000| Complete 
| 197|0x00000000ec500000, 0x00000000ec600000, 0x00000000ec600000|100%|HC|  |TAMS 0x00000000ec600000| PB 0x00000000ec500000| Complete 
| 198|0x00000000ec600000, 0x00000000ec700000, 0x00000000ec700000|100%|HC|  |TAMS 0x00000000ec700000| PB 0x00000000ec600000| Complete 
| 199|0x00000000ec700000, 0x00000000ec800000, 0x00000000ec800000|100%|HC|  |TAMS 0x00000000ec800000| PB 0x00000000ec700000| Complete 
| 200|0x00000000ec800000, 0x00000000ec900000, 0x00000000ec900000|100%|HC|  |TAMS 0x00000000ec900000| PB 0x00000000ec800000| Complete 
| 201|0x00000000ec900000, 0x00000000eca00000, 0x00000000eca00000|100%|HC|  |TAMS 0x00000000eca00000| PB 0x00000000ec900000| Complete 
| 202|0x00000000eca00000, 0x00000000ecb00000, 0x00000000ecb00000|100%|HC|  |TAMS 0x00000000ecb00000| PB 0x00000000eca00000| Complete 
| 203|0x00000000ecb00000, 0x00000000ecc00000, 0x00000000ecc00000|100%|HC|  |TAMS 0x00000000ecc00000| PB 0x00000000ecb00000| Complete 
| 204|0x00000000ecc00000, 0x00000000ecd00000, 0x00000000ecd00000|100%|HC|  |TAMS 0x00000000ecd00000| PB 0x00000000ecc00000| Complete 
| 205|0x00000000ecd00000, 0x00000000ece00000, 0x00000000ece00000|100%|HC|  |TAMS 0x00000000ece00000| PB 0x00000000ecd00000| Complete 
| 206|0x00000000ece00000, 0x00000000ecf00000, 0x00000000ecf00000|100%|HC|  |TAMS 0x00000000ecf00000| PB 0x00000000ece00000| Complete 
| 207|0x00000000ecf00000, 0x00000000ed000000, 0x00000000ed000000|100%|HC|  |TAMS 0x00000000ed000000| PB 0x00000000ecf00000| Complete 
| 208|0x00000000ed000000, 0x00000000ed100000, 0x00000000ed100000|100%|HC|  |TAMS 0x00000000ed100000| PB 0x00000000ed000000| Complete 
| 209|0x00000000ed100000, 0x00000000ed200000, 0x00000000ed200000|100%|HC|  |TAMS 0x00000000ed200000| PB 0x00000000ed100000| Complete 
| 210|0x00000000ed200000, 0x00000000ed300000, 0x00000000ed300000|100%|HC|  |TAMS 0x00000000ed300000| PB 0x00000000ed200000| Complete 
| 211|0x00000000ed300000, 0x00000000ed400000, 0x00000000ed400000|100%|HC|  |TAMS 0x00000000ed400000| PB 0x00000000ed300000| Complete 
| 212|0x00000000ed400000, 0x00000000ed500000, 0x00000000ed500000|100%|HC|  |TAMS 0x00000000ed500000| PB 0x00000000ed400000| Complete 
| 213|0x00000000ed500000, 0x00000000ed600000, 0x00000000ed600000|100%|HC|  |TAMS 0x00000000ed600000| PB 0x00000000ed500000| Complete 
| 214|0x00000000ed600000, 0x00000000ed700000, 0x00000000ed700000|100%|HC|  |TAMS 0x00000000ed700000| PB 0x00000000ed600000| Complete 
| 215|0x00000000ed700000, 0x00000000ed800000, 0x00000000ed800000|100%|HC|  |TAMS 0x00000000ed800000| PB 0x00000000ed700000| Complete 
| 216|0x00000000ed800000, 0x00000000ed900000, 0x00000000ed900000|100%|HC|  |TAMS 0x00000000ed900000| PB 0x00000000ed800000| Complete 
| 217|0x00000000ed900000, 0x00000000eda00000, 0x00000000eda00000|100%|HC|  |TAMS 0x00000000eda00000| PB 0x00000000ed900000| Complete 
| 218|0x00000000eda00000, 0x00000000edb00000, 0x00000000edb00000|100%|HC|  |TAMS 0x00000000edb00000| PB 0x00000000eda00000| Complete 
| 219|0x00000000edb00000, 0x00000000edc00000, 0x00000000edc00000|100%|HC|  |TAMS 0x00000000edc00000| PB 0x00000000edb00000| Complete 
| 220|0x00000000edc00000, 0x00000000edd00000, 0x00000000edd00000|100%|HC|  |TAMS 0x00000000edd00000| PB 0x00000000edc00000| Complete 
| 221|0x00000000edd00000, 0x00000000ede00000, 0x00000000ede00000|100%|HC|  |TAMS 0x00000000ede00000| PB 0x00000000edd00000| Complete 
| 222|0x00000000ede00000, 0x00000000edf00000, 0x00000000edf00000|100%|HC|  |TAMS 0x00000000edf00000| PB 0x00000000ede00000| Complete 
| 223|0x00000000edf00000, 0x00000000ee000000, 0x00000000ee000000|100%|HC|  |TAMS 0x00000000ee000000| PB 0x00000000edf00000| Complete 
| 224|0x00000000ee000000, 0x00000000ee100000, 0x00000000ee100000|100%|HC|  |TAMS 0x00000000ee100000| PB 0x00000000ee000000| Complete 
| 225|0x00000000ee100000, 0x00000000ee200000, 0x00000000ee200000|100%|HC|  |TAMS 0x00000000ee200000| PB 0x00000000ee100000| Complete 
| 226|0x00000000ee200000, 0x00000000ee300000, 0x00000000ee300000|100%|HC|  |TAMS 0x00000000ee300000| PB 0x00000000ee200000| Complete 
| 227|0x00000000ee300000, 0x00000000ee400000, 0x00000000ee400000|100%|HC|  |TAMS 0x00000000ee400000| PB 0x00000000ee300000| Complete 
| 228|0x00000000ee400000, 0x00000000ee500000, 0x00000000ee500000|100%|HC|  |TAMS 0x00000000ee500000| PB 0x00000000ee400000| Complete 
| 229|0x00000000ee500000, 0x00000000ee600000, 0x00000000ee600000|100%|HC|  |TAMS 0x00000000ee600000| PB 0x00000000ee500000| Complete 
| 230|0x00000000ee600000, 0x00000000ee700000, 0x00000000ee700000|100%|HC|  |TAMS 0x00000000ee700000| PB 0x00000000ee600000| Complete 
| 231|0x00000000ee700000, 0x00000000ee800000, 0x00000000ee800000|100%|HC|  |TAMS 0x00000000ee800000| PB 0x00000000ee700000| Complete 
| 232|0x00000000ee800000, 0x00000000ee900000, 0x00000000ee900000|100%|HC|  |TAMS 0x00000000ee900000| PB 0x00000000ee800000| Complete 
| 233|0x00000000ee900000, 0x00000000eea00000, 0x00000000eea00000|100%|HC|  |TAMS 0x00000000eea00000| PB 0x00000000ee900000| Complete 
| 234|0x00000000eea00000, 0x00000000eeb00000, 0x00000000eeb00000|100%|HC|  |TAMS 0x00000000eeb00000| PB 0x00000000eea00000| Complete 
| 235|0x00000000eeb00000, 0x00000000eec00000, 0x00000000eec00000|100%|HC|  |TAMS 0x00000000eec00000| PB 0x00000000eeb00000| Complete 
| 236|0x00000000eec00000, 0x00000000eed00000, 0x00000000eed00000|100%|HC|  |TAMS 0x00000000eed00000| PB 0x00000000eec00000| Complete 
| 237|0x00000000eed00000, 0x00000000eee00000, 0x00000000eee00000|100%|HC|  |TAMS 0x00000000eee00000| PB 0x00000000eed00000| Complete 
| 238|0x00000000eee00000, 0x00000000eef00000, 0x00000000eef00000|100%|HC|  |TAMS 0x00000000eef00000| PB 0x00000000eee00000| Complete 
| 239|0x00000000eef00000, 0x00000000ef000000, 0x00000000ef000000|100%|HC|  |TAMS 0x00000000ef000000| PB 0x00000000eef00000| Complete 
| 240|0x00000000ef000000, 0x00000000ef100000, 0x00000000ef100000|100%|HC|  |TAMS 0x00000000ef100000| PB 0x00000000ef000000| Complete 
| 241|0x00000000ef100000, 0x00000000ef200000, 0x00000000ef200000|100%|HC|  |TAMS 0x00000000ef200000| PB 0x00000000ef100000| Complete 
| 242|0x00000000ef200000, 0x00000000ef300000, 0x00000000ef300000|100%|HC|  |TAMS 0x00000000ef300000| PB 0x00000000ef200000| Complete 
| 243|0x00000000ef300000, 0x00000000ef400000, 0x00000000ef400000|100%|HC|  |TAMS 0x00000000ef400000| PB 0x00000000ef300000| Complete 
| 244|0x00000000ef400000, 0x00000000ef500000, 0x00000000ef500000|100%|HC|  |TAMS 0x00000000ef500000| PB 0x00000000ef400000| Complete 
| 245|0x00000000ef500000, 0x00000000ef600000, 0x00000000ef600000|100%|HC|  |TAMS 0x00000000ef600000| PB 0x00000000ef500000| Complete 
| 246|0x00000000ef600000, 0x00000000ef700000, 0x00000000ef700000|100%|HC|  |TAMS 0x00000000ef700000| PB 0x00000000ef600000| Complete 
| 247|0x00000000ef700000, 0x00000000ef800000, 0x00000000ef800000|100%|HC|  |TAMS 0x00000000ef800000| PB 0x00000000ef700000| Complete 
| 248|0x00000000ef800000, 0x00000000ef900000, 0x00000000ef900000|100%|HC|  |TAMS 0x00000000ef900000| PB 0x00000000ef800000| Complete 
| 249|0x00000000ef900000, 0x00000000efa00000, 0x00000000efa00000|100%|HC|  |TAMS 0x00000000efa00000| PB 0x00000000ef900000| Complete 
| 250|0x00000000efa00000, 0x00000000efb00000, 0x00000000efb00000|100%|HC|  |TAMS 0x00000000efb00000| PB 0x00000000efa00000| Complete 
| 251|0x00000000efb00000, 0x00000000efc00000, 0x00000000efc00000|100%|HC|  |TAMS 0x00000000efc00000| PB 0x00000000efb00000| Complete 
| 252|0x00000000efc00000, 0x00000000efd00000, 0x00000000efd00000|100%|HC|  |TAMS 0x00000000efd00000| PB 0x00000000efc00000| Complete 
| 253|0x00000000efd00000, 0x00000000efe00000, 0x00000000efe00000|100%|HC|  |TAMS 0x00000000efe00000| PB 0x00000000efd00000| Complete 
| 254|0x00000000efe00000, 0x00000000eff00000, 0x00000000eff00000|100%|HC|  |TAMS 0x00000000eff00000| PB 0x00000000efe00000| Complete 
| 255|0x00000000eff00000, 0x00000000f0000000, 0x00000000f0000000|100%|HC|  |TAMS 0x00000000f0000000| PB 0x00000000eff00000| Complete 
| 256|0x00000000f0000000, 0x00000000f0100000, 0x00000000f0100000|100%|HC|  |TAMS 0x00000000f0100000| PB 0x00000000f0000000| Complete 
| 257|0x00000000f0100000, 0x00000000f0200000, 0x00000000f0200000|100%|HC|  |TAMS 0x00000000f0200000| PB 0x00000000f0100000| Complete 
| 258|0x00000000f0200000, 0x00000000f0300000, 0x00000000f0300000|100%|HC|  |TAMS 0x00000000f0300000| PB 0x00000000f0200000| Complete 
| 259|0x00000000f0300000, 0x00000000f0400000, 0x00000000f0400000|100%|HC|  |TAMS 0x00000000f0400000| PB 0x00000000f0300000| Complete 
| 260|0x00000000f0400000, 0x00000000f0500000, 0x00000000f0500000|100%|HC|  |TAMS 0x00000000f0500000| PB 0x00000000f0400000| Complete 
| 261|0x00000000f0500000, 0x00000000f0600000, 0x00000000f0600000|100%|HC|  |TAMS 0x00000000f0600000| PB 0x00000000f0500000| Complete 
| 262|0x00000000f0600000, 0x00000000f0700000, 0x00000000f0700000|100%|HC|  |TAMS 0x00000000f0700000| PB 0x00000000f0600000| Complete 
| 263|0x00000000f0700000, 0x00000000f0800000, 0x00000000f0800000|100%|HC|  |TAMS 0x00000000f0800000| PB 0x00000000f0700000| Complete 
| 264|0x00000000f0800000, 0x00000000f0900000, 0x00000000f0900000|100%|HC|  |TAMS 0x00000000f0900000| PB 0x00000000f0800000| Complete 
| 265|0x00000000f0900000, 0x00000000f0a00000, 0x00000000f0a00000|100%|HC|  |TAMS 0x00000000f0a00000| PB 0x00000000f0900000| Complete 
| 266|0x00000000f0a00000, 0x00000000f0b00000, 0x00000000f0b00000|100%|HC|  |TAMS 0x00000000f0b00000| PB 0x00000000f0a00000| Complete 
| 267|0x00000000f0b00000, 0x00000000f0c00000, 0x00000000f0c00000|100%|HC|  |TAMS 0x00000000f0c00000| PB 0x00000000f0b00000| Complete 
| 268|0x00000000f0c00000, 0x00000000f0d00000, 0x00000000f0d00000|100%|HC|  |TAMS 0x00000000f0d00000| PB 0x00000000f0c00000| Complete 
| 269|0x00000000f0d00000, 0x00000000f0e00000, 0x00000000f0e00000|100%|HC|  |TAMS 0x00000000f0e00000| PB 0x00000000f0d00000| Complete 
| 270|0x00000000f0e00000, 0x00000000f0f00000, 0x00000000f0f00000|100%|HC|  |TAMS 0x00000000f0f00000| PB 0x00000000f0e00000| Complete 
| 271|0x00000000f0f00000, 0x00000000f1000000, 0x00000000f1000000|100%|HC|  |TAMS 0x00000000f1000000| PB 0x00000000f0f00000| Complete 
| 272|0x00000000f1000000, 0x00000000f1100000, 0x00000000f1100000|100%|HC|  |TAMS 0x00000000f1100000| PB 0x00000000f1000000| Complete 
| 273|0x00000000f1100000, 0x00000000f1200000, 0x00000000f1200000|100%|HC|  |TAMS 0x00000000f1200000| PB 0x00000000f1100000| Complete 
| 274|0x00000000f1200000, 0x00000000f1300000, 0x00000000f1300000|100%|HC|  |TAMS 0x00000000f1300000| PB 0x00000000f1200000| Complete 
| 275|0x00000000f1300000, 0x00000000f1400000, 0x00000000f1400000|100%|HC|  |TAMS 0x00000000f1400000| PB 0x00000000f1300000| Complete 
| 276|0x00000000f1400000, 0x00000000f1500000, 0x00000000f1500000|100%|HC|  |TAMS 0x00000000f1500000| PB 0x00000000f1400000| Complete 
| 277|0x00000000f1500000, 0x00000000f1600000, 0x00000000f1600000|100%|HC|  |TAMS 0x00000000f1600000| PB 0x00000000f1500000| Complete 
| 278|0x00000000f1600000, 0x00000000f1700000, 0x00000000f1700000|100%|HC|  |TAMS 0x00000000f1700000| PB 0x00000000f1600000| Complete 
| 279|0x00000000f1700000, 0x00000000f1800000, 0x00000000f1800000|100%|HC|  |TAMS 0x00000000f1800000| PB 0x00000000f1700000| Complete 
| 280|0x00000000f1800000, 0x00000000f1900000, 0x00000000f1900000|100%|HC|  |TAMS 0x00000000f1900000| PB 0x00000000f1800000| Complete 
| 281|0x00000000f1900000, 0x00000000f1900000, 0x00000000f1a00000|  0%| F|  |TAMS 0x00000000f1900000| PB 0x00000000f1900000| Untracked 
| 282|0x00000000f1a00000, 0x00000000f1b00000, 0x00000000f1b00000|100%| E|CS|TAMS 0x00000000f1a00000| PB 0x00000000f1a00000| Complete 
| 283|0x00000000f1b00000, 0x00000000f1c00000, 0x00000000f1c00000|100%| E|CS|TAMS 0x00000000f1b00000| PB 0x00000000f1b00000| Complete 
| 284|0x00000000f1c00000, 0x00000000f1d00000, 0x00000000f1d00000|100%| E|CS|TAMS 0x00000000f1c00000| PB 0x00000000f1c00000| Complete 
| 285|0x00000000f1d00000, 0x00000000f1e00000, 0x00000000f1e00000|100%| E|CS|TAMS 0x00000000f1d00000| PB 0x00000000f1d00000| Complete 
| 286|0x00000000f1e00000, 0x00000000f1f00000, 0x00000000f1f00000|100%| E|CS|TAMS 0x00000000f1e00000| PB 0x00000000f1e00000| Complete 
| 287|0x00000000f1f00000, 0x00000000f2000000, 0x00000000f2000000|100%| E|CS|TAMS 0x00000000f1f00000| PB 0x00000000f1f00000| Complete 
| 288|0x00000000f2000000, 0x00000000f2100000, 0x00000000f2100000|100%| E|CS|TAMS 0x00000000f2000000| PB 0x00000000f2000000| Complete 
| 289|0x00000000f2100000, 0x00000000f2200000, 0x00000000f2200000|100%| E|CS|TAMS 0x00000000f2100000| PB 0x00000000f2100000| Complete 
| 290|0x00000000f2200000, 0x00000000f2300000, 0x00000000f2300000|100%| E|CS|TAMS 0x00000000f2200000| PB 0x00000000f2200000| Complete 
| 291|0x00000000f2300000, 0x00000000f2400000, 0x00000000f2400000|100%| E|CS|TAMS 0x00000000f2300000| PB 0x00000000f2300000| Complete 
| 292|0x00000000f2400000, 0x00000000f2500000, 0x00000000f2500000|100%| E|CS|TAMS 0x00000000f2400000| PB 0x00000000f2400000| Complete 
| 293|0x00000000f2500000, 0x00000000f2600000, 0x00000000f2600000|100%| E|CS|TAMS 0x00000000f2500000| PB 0x00000000f2500000| Complete 
| 294|0x00000000f2600000, 0x00000000f2700000, 0x00000000f2700000|100%| E|CS|TAMS 0x00000000f2600000| PB 0x00000000f2600000| Complete 
| 379|0x00000000f7b00000, 0x00000000f7c00000, 0x00000000f7c00000|100%| E|CS|TAMS 0x00000000f7b00000| PB 0x00000000f7b00000| Complete 
| 495|0x00000000fef00000, 0x00000000ff000000, 0x00000000ff000000|100%| O|  |TAMS 0x00000000ff000000| PB 0x00000000ff000000| Updating 
| 496|0x00000000ff000000, 0x00000000ff100000, 0x00000000ff100000|100%| E|CS|TAMS 0x00000000ff000000| PB 0x00000000ff000000| Complete 
| 497|0x00000000ff100000, 0x00000000ff200000, 0x00000000ff200000|100%| E|CS|TAMS 0x00000000ff100000| PB 0x00000000ff100000| Complete 
| 498|0x00000000ff200000, 0x00000000ff300000, 0x00000000ff300000|100%| E|CS|TAMS 0x00000000ff200000| PB 0x00000000ff200000| Complete 
| 499|0x00000000ff300000, 0x00000000ff400000, 0x00000000ff400000|100%| E|CS|TAMS 0x00000000ff300000| PB 0x00000000ff300000| Complete 
| 500|0x00000000ff400000, 0x00000000ff500000, 0x00000000ff500000|100%| E|CS|TAMS 0x00000000ff400000| PB 0x00000000ff400000| Complete 
| 501|0x00000000ff500000, 0x00000000ff600000, 0x00000000ff600000|100%| E|CS|TAMS 0x00000000ff500000| PB 0x00000000ff500000| Complete 
| 502|0x00000000ff600000, 0x00000000ff600000, 0x00000000ff700000|  0%| F|  |TAMS 0x00000000ff600000| PB 0x00000000ff600000| Untracked 
| 503|0x00000000ff700000, 0x00000000ff800000, 0x00000000ff800000|100%| O|  |TAMS 0x00000000ff800000| PB 0x00000000ff800000| Updating 
| 504|0x00000000ff800000, 0x00000000ff900000, 0x00000000ff900000|100%| O|  |TAMS 0x00000000ff900000| PB 0x00000000ff900000| Updating 
| 505|0x00000000ff900000, 0x00000000ffa00000, 0x00000000ffa00000|100%| O|  |TAMS 0x00000000ffa00000| PB 0x00000000ffa00000| Untracked 
| 506|0x00000000ffa00000, 0x00000000ffb00000, 0x00000000ffb00000|100%| O|  |TAMS 0x00000000ffb00000| PB 0x00000000ffb00000| Untracked 
| 507|0x00000000ffb00000, 0x00000000ffc00000, 0x00000000ffc00000|100%| O|  |TAMS 0x00000000ffc00000| PB 0x00000000ffc00000| Untracked 
| 508|0x00000000ffc00000, 0x00000000ffd00000, 0x00000000ffd00000|100%| O|  |TAMS 0x00000000ffd00000| PB 0x00000000ffd00000| Untracked 
| 509|0x00000000ffd00000, 0x00000000ffe00000, 0x00000000ffe00000|100%| O|  |TAMS 0x00000000ffe00000| PB 0x00000000ffe00000| Untracked 
| 510|0x00000000ffe00000, 0x00000000fff00000, 0x00000000fff00000|100%| E|CS|TAMS 0x00000000ffe00000| PB 0x00000000ffe00000| Complete 
| 511|0x00000000fff00000, 0x0000000100000000, 0x0000000100000000|100%| O|  |TAMS 0x0000000100000000| PB 0x0000000100000000| Untracked 

Card table byte_map: [0x000002134a370000,0x000002134a470000] _byte_map_base: 0x0000021349c70000

Marking Bits: (CMBitMap*) 0x00000213320d0b30
 Bits: [0x000002134a470000, 0x000002134ac70000)

Polling page: 0x000002132fec0000

Metaspace:

Usage:
  Non-class:     97.46 MB used.
      Class:     15.22 MB used.
       Both:    112.68 MB used.

Virtual space:
  Non-class space:      128.00 MB reserved,      98.56 MB ( 77%) committed,  2 nodes.
      Class space:        1.00 GB reserved,      16.38 MB (  2%) committed,  1 nodes.
             Both:        1.12 GB reserved,     114.94 MB ( 10%) committed. 

Chunk freelists:
   Non-Class:  13.44 MB
       Class:  15.60 MB
        Both:  29.04 MB

MaxMetaspaceSize: unlimited
CompressedClassSpaceSize: 1.00 GB
Initial GC threshold: 21.00 MB
Current GC threshold: 190.44 MB
CDS: on
 - commit_granule_bytes: 65536.
 - commit_granule_words: 8192.
 - virtual_space_node_default_size: 8388608.
 - enlarge_chunks_in_place: 1.
 - use_allocation_guard: 0.


Internal statistics:

num_allocs_failed_limit: 9.
num_arena_births: 4180.
num_arena_deaths: 0.
num_vsnodes_births: 3.
num_vsnodes_deaths: 0.
num_space_committed: 1836.
num_space_uncommitted: 0.
num_chunks_returned_to_freelist: 9.
num_chunks_taken_from_freelist: 9250.
num_chunk_merges: 6.
num_chunk_splits: 6016.
num_chunks_enlarged: 3790.
num_inconsistent_stats: 0.

CodeHeap 'non-profiled nmethods': size=119168Kb used=8199Kb max_used=9506Kb free=110968Kb
 bounds [0x0000021342370000, 0x0000021342cc0000, 0x00000213497d0000]
CodeHeap 'profiled nmethods': size=119104Kb used=17374Kb max_used=26405Kb free=101729Kb
 bounds [0x000002133a7d0000, 0x000002133c1a0000, 0x0000021341c20000]
CodeHeap 'non-nmethods': size=7488Kb used=4501Kb max_used=4588Kb free=2986Kb
 bounds [0x0000021341c20000, 0x00000213420b0000, 0x0000021342370000]
CodeCache: size=245760Kb, used=30074Kb, max_used=40499Kb, free=215683Kb
 total_blobs=10440, nmethods=9382, adapters=958, full_count=0
Compilation: enabled, stopped_count=0, restarted_count=0

Compilation events (20 events):
Event: 174.373 Thread 0x0000021396f175f0 24207   !   3       org.gradle.internal.execution.history.impl.DefaultImmutableWorkspaceMetadataStore::storeWorkspaceMetadata (247 bytes)
Event: 174.373 Thread 0x000002138f0c4c30 24208   !   3       org.gradle.internal.execution.steps.AssignImmutableWorkspaceStep$WorkspaceMoveHandler::executeMoveOr (144 bytes)
Event: 174.374 Thread 0x0000021396f175f0 nmethod 24207 0x000002133b281890 code [0x000002133b281e00, 0x000002133b284660]
Event: 174.374 Thread 0x000002138f0c4c30 nmethod 24208 0x000002133b27e810 code [0x000002133b27ec60, 0x000002133b280bf8]
Event: 174.379 Thread 0x000002138f0b5330 nmethod 24192 0x0000021342cb2790 code [0x0000021342cb2ac0, 0x0000021342cb40a0]
Event: 174.379 Thread 0x000002138f0b5330 24182       4       com.android.zipflinger.Location::<init> (19 bytes)
Event: 174.380 Thread 0x000002138f0b5330 nmethod 24182 0x0000021342cb5a10 code [0x0000021342cb5ba0, 0x0000021342cb5c38]
Event: 174.380 Thread 0x000002138f0b5330 24183       4       java.nio.MappedByteBuffer::flip (5 bytes)
Event: 174.380 Thread 0x000002138f0b5330 nmethod 24183 0x0000021342cb5d10 code [0x0000021342cb5ea0, 0x0000021342cb5f40]
Event: 174.380 Thread 0x000002138f0b5330 24193       4       sun.nio.ch.IOUtil::write (14 bytes)
Event: 174.380 Thread 0x000002138f0b5330 nmethod 24193 0x0000021342cb6010 code [0x0000021342cb61a0, 0x0000021342cb6240]
Event: 174.380 Thread 0x000002138f0b5330 24191   !   4       sun.nio.ch.FileChannelImpl::write (288 bytes)
Event: 174.388 Thread 0x000002138f0c4c30 24209       3       org.gradle.api.internal.artifacts.transform.DefaultTransform$TransformServiceLookup::<init> (87 bytes)
Event: 174.389 Thread 0x000002138f0c4c30 nmethod 24209 0x000002133b27d190 code [0x000002133b27d480, 0x000002133b27e2b0]
Event: 174.389 Thread 0x00000213968432e0 24210   !   3       org.gradle.internal.instantiation.generator.DependencyInjectingInstantiator$1::newInstance (57 bytes)
Event: 174.389 Thread 0x00000213968432e0 nmethod 24210 0x000002133b27c890 code [0x000002133b27ca80, 0x000002133b27ce78]
Event: 174.394 Thread 0x000002138f0b5330 nmethod 24191 0x0000021342cb6310 code [0x0000021342cb65a0, 0x0000021342cb7868]
Event: 174.394 Thread 0x000002138f0b5330 24194       4       java.nio.HeapByteBuffer::put (64 bytes)
Event: 174.398 Thread 0x000002138f0b5330 nmethod 24194 0x0000021342cb8410 code [0x0000021342cb85c0, 0x0000021342cb8878]
Event: 174.398 Thread 0x000002138f0b5330 24211       4       java.io.InputStream::readNBytes (292 bytes)

GC Heap History (20 events):
Event: 128.997 GC heap before
{Heap before GC invocations=58 (full 0):
 garbage-first heap   total 218112K, used 197825K [0x00000000e0000000, 0x0000000100000000)
  region size 1024K, 75 young (76800K), 10 survivors (10240K)
 Metaspace       used 111189K, committed 113472K, reserved 1179648K
  class space    used 15176K, committed 16320K, reserved 1048576K
}
Event: 129.001 GC heap after
{Heap after GC invocations=59 (full 0):
 garbage-first heap   total 218112K, used 136280K [0x00000000e0000000, 0x0000000100000000)
  region size 1024K, 4 young (4096K), 4 survivors (4096K)
 Metaspace       used 111189K, committed 113472K, reserved 1179648K
  class space    used 15176K, committed 16320K, reserved 1048576K
}
Event: 129.200 GC heap before
{Heap before GC invocations=60 (full 0):
 garbage-first heap   total 229376K, used 201816K [0x00000000e0000000, 0x0000000100000000)
  region size 1024K, 67 young (68608K), 4 survivors (4096K)
 Metaspace       used 111280K, committed 113600K, reserved 1179648K
  class space    used 15178K, committed 16320K, reserved 1048576K
}
Event: 129.202 GC heap after
{Heap after GC invocations=61 (full 0):
 garbage-first heap   total 229376K, used 137120K [0x00000000e0000000, 0x0000000100000000)
  region size 1024K, 3 young (3072K), 3 survivors (3072K)
 Metaspace       used 111280K, committed 113600K, reserved 1179648K
  class space    used 15178K, committed 16320K, reserved 1048576K
}
Event: 129.287 GC heap before
{Heap before GC invocations=61 (full 0):
 garbage-first heap   total 229376K, used 212896K [0x00000000e0000000, 0x0000000100000000)
  region size 1024K, 77 young (78848K), 3 survivors (3072K)
 Metaspace       used 111280K, committed 113600K, reserved 1179648K
  class space    used 15178K, committed 16320K, reserved 1048576K
}
Event: 129.289 GC heap after
{Heap after GC invocations=62 (full 0):
 garbage-first heap   total 229376K, used 137757K [0x00000000e0000000, 0x0000000100000000)
  region size 1024K, 4 young (4096K), 4 survivors (4096K)
 Metaspace       used 111280K, committed 113600K, reserved 1179648K
  class space    used 15178K, committed 16320K, reserved 1048576K
}
Event: 129.398 GC heap before
{Heap before GC invocations=62 (full 0):
 garbage-first heap   total 229376K, used 157213K [0x00000000e0000000, 0x0000000100000000)
  region size 1024K, 24 young (24576K), 4 survivors (4096K)
 Metaspace       used 111281K, committed 113600K, reserved 1179648K
  class space    used 15179K, committed 16320K, reserved 1048576K
}
Event: 129.400 GC heap after
{Heap after GC invocations=63 (full 0):
 garbage-first heap   total 229376K, used 133518K [0x00000000e0000000, 0x0000000100000000)
  region size 1024K, 2 young (2048K), 2 survivors (2048K)
 Metaspace       used 111281K, committed 113600K, reserved 1179648K
  class space    used 15179K, committed 16320K, reserved 1048576K
}
Event: 133.114 GC heap before
{Heap before GC invocations=64 (full 0):
 garbage-first heap   total 229376K, used 212366K [0x00000000e0000000, 0x0000000100000000)
  region size 1024K, 82 young (83968K), 2 survivors (2048K)
 Metaspace       used 114348K, committed 116608K, reserved 1179648K
  class space    used 15491K, committed 16576K, reserved 1048576K
}
Event: 133.121 GC heap after
{Heap after GC invocations=65 (full 0):
 garbage-first heap   total 229376K, used 133841K [0x00000000e0000000, 0x0000000100000000)
  region size 1024K, 6 young (6144K), 6 survivors (6144K)
 Metaspace       used 114348K, committed 116608K, reserved 1179648K
  class space    used 15491K, committed 16576K, reserved 1048576K
}
Event: 173.035 GC heap before
{Heap before GC invocations=65 (full 0):
 garbage-first heap   total 229376K, used 214737K [0x00000000e0000000, 0x0000000100000000)
  region size 1024K, 86 young (88064K), 6 survivors (6144K)
 Metaspace       used 114702K, committed 116992K, reserved 1179648K
  class space    used 15501K, committed 16640K, reserved 1048576K
}
Event: 173.039 GC heap after
{Heap after GC invocations=66 (full 0):
 garbage-first heap   total 229376K, used 131782K [0x00000000e0000000, 0x0000000100000000)
  region size 1024K, 8 young (8192K), 8 survivors (8192K)
 Metaspace       used 114702K, committed 116992K, reserved 1179648K
  class space    used 15501K, committed 16640K, reserved 1048576K
}
Event: 173.407 GC heap before
{Heap before GC invocations=66 (full 0):
 garbage-first heap   total 229376K, used 214726K [0x00000000e0000000, 0x0000000100000000)
  region size 1024K, 90 young (92160K), 8 survivors (8192K)
 Metaspace       used 114717K, committed 116992K, reserved 1179648K
  class space    used 15505K, committed 16640K, reserved 1048576K
}
Event: 173.413 GC heap after
{Heap after GC invocations=67 (full 0):
 garbage-first heap   total 229376K, used 131297K [0x00000000e0000000, 0x0000000100000000)
  region size 1024K, 2 young (2048K), 2 survivors (2048K)
 Metaspace       used 114717K, committed 116992K, reserved 1179648K
  class space    used 15505K, committed 16640K, reserved 1048576K
}
Event: 174.211 GC heap before
{Heap before GC invocations=68 (full 0):
 garbage-first heap   total 319488K, used 300257K [0x00000000e0000000, 0x0000000100000000)
  region size 1024K, 80 young (81920K), 2 survivors (2048K)
 Metaspace       used 115286K, committed 117632K, reserved 1179648K
  class space    used 15579K, committed 16768K, reserved 1048576K
}
Event: 174.214 GC heap after
{Heap after GC invocations=69 (full 0):
 garbage-first heap   total 319488K, used 223062K [0x00000000e0000000, 0x0000000100000000)
  region size 1024K, 4 young (4096K), 4 survivors (4096K)
 Metaspace       used 115286K, committed 117632K, reserved 1179648K
  class space    used 15579K, committed 16768K, reserved 1048576K
}
Event: 174.291 GC heap before
{Heap before GC invocations=69 (full 0):
 garbage-first heap   total 319488K, used 299862K [0x00000000e0000000, 0x0000000100000000)
  region size 1024K, 81 young (82944K), 4 survivors (4096K)
 Metaspace       used 115368K, committed 117696K, reserved 1179648K
  class space    used 15583K, committed 16768K, reserved 1048576K
}
Event: 174.293 GC heap after
{Heap after GC invocations=70 (full 0):
 garbage-first heap   total 319488K, used 219949K [0x00000000e0000000, 0x0000000100000000)
  region size 1024K, 4 young (4096K), 4 survivors (4096K)
 Metaspace       used 115368K, committed 117696K, reserved 1179648K
  class space    used 15583K, committed 16768K, reserved 1048576K
}
Event: 174.376 GC heap before
{Heap before GC invocations=70 (full 0):
 garbage-first heap   total 319488K, used 301869K [0x00000000e0000000, 0x0000000100000000)
  region size 1024K, 86 young (88064K), 4 survivors (4096K)
 Metaspace       used 115383K, committed 117696K, reserved 1179648K
  class space    used 15584K, committed 16768K, reserved 1048576K
}
Event: 174.378 GC heap after
{Heap after GC invocations=71 (full 0):
 garbage-first heap   total 319488K, used 220439K [0x00000000e0000000, 0x0000000100000000)
  region size 1024K, 4 young (4096K), 4 survivors (4096K)
 Metaspace       used 115383K, committed 117696K, reserved 1179648K
  class space    used 15584K, committed 16768K, reserved 1048576K
}

Dll operation events (20 events):
Event: 0.055 Attempting to load shared library C:\Program Files\Microsoft\jdk-21.0.12.101-hotspot\bin\nio.dll
Event: 0.055 Loaded shared library C:\Program Files\Microsoft\jdk-21.0.12.101-hotspot\bin\nio.dll
Event: 0.057 Attempting to load shared library C:\Program Files\Microsoft\jdk-21.0.12.101-hotspot\bin\zip.dll
Event: 0.057 Loaded shared library C:\Program Files\Microsoft\jdk-21.0.12.101-hotspot\bin\zip.dll
Event: 0.145 Attempting to load shared library C:\Program Files\Microsoft\jdk-21.0.12.101-hotspot\bin\jimage.dll
Event: 0.145 Loaded shared library C:\Program Files\Microsoft\jdk-21.0.12.101-hotspot\bin\jimage.dll
Event: 0.217 Attempting to load shared library C:\Program Files\Microsoft\jdk-21.0.12.101-hotspot\bin\verify.dll
Event: 0.217 Loaded shared library C:\Program Files\Microsoft\jdk-21.0.12.101-hotspot\bin\verify.dll
Event: 0.311 Attempting to load shared library C:\Users\araba\.gradle\native\c067742578af261105cb4f569cf0c3c89f3d7b1fecec35dd04571415982c5e48\windows-amd64\native-platform.dll
Event: 0.312 Loaded shared library C:\Users\araba\.gradle\native\c067742578af261105cb4f569cf0c3c89f3d7b1fecec35dd04571415982c5e48\windows-amd64\native-platform.dll
Event: 0.314 Attempting to load shared library C:\Users\araba\.gradle\native\100fb08df4bc3b14c8652ba06237920a3bd2aa13389f12d3474272988ae205f9\windows-amd64\native-platform-file-events.dll
Event: 0.315 Loaded shared library C:\Users\araba\.gradle\native\100fb08df4bc3b14c8652ba06237920a3bd2aa13389f12d3474272988ae205f9\windows-amd64\native-platform-file-events.dll
Event: 0.836 Attempting to load shared library C:\Program Files\Microsoft\jdk-21.0.12.101-hotspot\bin\management.dll
Event: 0.837 Loaded shared library C:\Program Files\Microsoft\jdk-21.0.12.101-hotspot\bin\management.dll
Event: 0.838 Attempting to load shared library C:\Program Files\Microsoft\jdk-21.0.12.101-hotspot\bin\management_ext.dll
Event: 0.839 Loaded shared library C:\Program Files\Microsoft\jdk-21.0.12.101-hotspot\bin\management_ext.dll
Event: 0.959 Attempting to load shared library C:\Program Files\Microsoft\jdk-21.0.12.101-hotspot\bin\extnet.dll
Event: 0.959 Loaded shared library C:\Program Files\Microsoft\jdk-21.0.12.101-hotspot\bin\extnet.dll
Event: 1.161 Attempting to load shared library C:\Program Files\Microsoft\jdk-21.0.12.101-hotspot\bin\sunmscapi.dll
Event: 1.162 Loaded shared library C:\Program Files\Microsoft\jdk-21.0.12.101-hotspot\bin\sunmscapi.dll

Deoptimization events (20 events):
Event: 174.172 Thread 0x000002139ad82490 Uncommon trap: trap_request=0xffffff45 fr.pc=0x0000021342bed490 relative=0x0000000000000610
Event: 174.172 Thread 0x000002139ad82490 Uncommon trap: reason=unstable_if action=reinterpret pc=0x0000021342bed490 method=sun.nio.ch.IOUtil.write(Ljava/io/FileDescriptor;Ljava/nio/ByteBuffer;JZZILsun/nio/ch/NativeDispatcher;)I @ 143 c2
Event: 174.172 Thread 0x000002139ad82490 DEOPT PACKING pc=0x0000021342bed490 sp=0x00000014dc7f88d0
Event: 174.172 Thread 0x000002139ad82490 DEOPT UNPACKING pc=0x0000021341c74422 sp=0x00000014dc7f8878 mode 2
Event: 174.186 Thread 0x0000021396b322b0 Uncommon trap: trap_request=0xffffff45 fr.pc=0x0000021342bc0ae4 relative=0x0000000000000d44
Event: 174.186 Thread 0x0000021396b322b0 Uncommon trap: reason=unstable_if action=reinterpret pc=0x0000021342bc0ae4 method=java.util.zip.ZipInputStream.read([BII)I @ 13 c2
Event: 174.214 Thread 0x0000021396b322b0 DEOPT PACKING pc=0x0000021342bc0ae4 sp=0x00000014d89fb930
Event: 174.214 Thread 0x0000021396b322b0 DEOPT UNPACKING pc=0x0000021341c74422 sp=0x00000014d89fb940 mode 2
Event: 174.216 Thread 0x000002138f383840 Uncommon trap: trap_request=0xffffff45 fr.pc=0x000002134272b5e0 relative=0x0000000000000520
Event: 174.216 Thread 0x000002138f383840 Uncommon trap: reason=unstable_if action=reinterpret pc=0x000002134272b5e0 method=jdk.internal.ref.PhantomCleanable.remove()Z @ 12 c2
Event: 174.216 Thread 0x000002138f383840 DEOPT PACKING pc=0x000002134272b5e0 sp=0x00000014d52ff400
Event: 174.216 Thread 0x000002138f383840 DEOPT UNPACKING pc=0x0000021341c74422 sp=0x00000014d52ff3b0 mode 2
Event: 174.235 Thread 0x00000213974cfd70 Uncommon trap: trap_request=0xffffff45 fr.pc=0x0000021342510d44 relative=0x0000000000002a84
Event: 174.235 Thread 0x00000213974cfd70 Uncommon trap: reason=unstable_if action=reinterpret pc=0x0000021342510d44 method=java.util.zip.ZipFile$Source.initCEN(I)V @ 16 c2
Event: 174.235 Thread 0x00000213974cfd70 DEOPT PACKING pc=0x0000021342510d44 sp=0x00000014e76fbca0
Event: 174.235 Thread 0x00000213974cfd70 DEOPT UNPACKING pc=0x0000021341c74422 sp=0x00000014e76fbc78 mode 2
Event: 174.298 Thread 0x0000021398e5f950 Uncommon trap: trap_request=0xffffffde fr.pc=0x0000021342963724 relative=0x0000000000000084
Event: 174.299 Thread 0x0000021398e5f950 Uncommon trap: reason=class_check action=maybe_recompile pc=0x0000021342963724 method=java.io.InputStream.read([B)I @ 5 c2
Event: 174.299 Thread 0x0000021398e5f950 DEOPT PACKING pc=0x0000021342963724 sp=0x00000014e03fddf0
Event: 174.299 Thread 0x0000021398e5f950 DEOPT UNPACKING pc=0x0000021341c74422 sp=0x00000014e03fdd78 mode 2

Classes loaded (20 events):
Event: 132.257 Loading class com/sun/xml/internal/stream/StaxXMLInputSource
Event: 132.257 Loading class com/sun/xml/internal/stream/StaxXMLInputSource done
Event: 132.257 Loading class com/sun/xml/internal/stream/Entity$InternalEntity
Event: 132.257 Loading class com/sun/xml/internal/stream/Entity$InternalEntity done
Event: 132.265 Loading class com/sun/org/apache/xerces/internal/dom/DeferredDocumentTypeImpl
Event: 132.265 Loading class com/sun/org/apache/xerces/internal/dom/DeferredDocumentTypeImpl done
Event: 132.268 Loading class com/sun/org/apache/xerces/internal/dom/DeferredEntityImpl
Event: 132.268 Loading class com/sun/org/apache/xerces/internal/dom/EntityImpl
Event: 132.268 Loading class org/w3c/dom/Entity
Event: 132.268 Loading class org/w3c/dom/Entity done
Event: 132.268 Loading class com/sun/org/apache/xerces/internal/dom/EntityImpl done
Event: 132.268 Loading class com/sun/org/apache/xerces/internal/dom/DeferredEntityImpl done
Event: 132.270 Loading class com/sun/org/apache/xerces/internal/dom/DeferredCommentImpl
Event: 132.270 Loading class com/sun/org/apache/xerces/internal/dom/DeferredCommentImpl done
Event: 133.444 Loading class sun/security/ssl/ServerNameExtension$SHServerNamesSpec
Event: 133.444 Loading class sun/security/ssl/ServerNameExtension$SHServerNamesSpec done
Event: 133.681 Loading class com/sun/org/apache/xerces/internal/util/EncodingMap
Event: 133.682 Loading class com/sun/org/apache/xerces/internal/util/EncodingMap done
Event: 133.683 Loading class sun/nio/cs/ISO_8859_1$Decoder
Event: 133.683 Loading class sun/nio/cs/ISO_8859_1$Decoder done

Classes unloaded (0 events):
No events

Classes redefined (0 events):
No events

Internal exceptions (20 events):
Event: 174.290 Thread 0x00000213974cf050 Exception <a 'sun/nio/fs/WindowsException'{0x00000000e90da0d0}> (0x00000000e90da0d0) 
thrown [s\src\hotspot\share\prims\jni.cpp, line 520]
Event: 174.299 Thread 0x00000213974c9b00 Exception <a 'sun/nio/fs/WindowsException'{0x00000000ff268290}> (0x00000000ff268290) 
thrown [s\src\hotspot\share\prims\jni.cpp, line 520]
Event: 174.302 Thread 0x0000021396b2d3f0 Exception <a 'sun/nio/fs/WindowsException'{0x00000000ff248660}> (0x00000000ff248660) 
thrown [s\src\hotspot\share\prims\jni.cpp, line 520]
Event: 174.309 Thread 0x00000213974cc8f0 Exception <a 'sun/nio/fs/WindowsException'{0x00000000f26ca650}> (0x00000000f26ca650) 
thrown [s\src\hotspot\share\prims\jni.cpp, line 520]
Event: 174.313 Thread 0x00000213974ccf80 Exception <a 'sun/nio/fs/WindowsException'{0x00000000f26e3170}> (0x00000000f26e3170) 
thrown [s\src\hotspot\share\prims\jni.cpp, line 520]
Event: 174.319 Thread 0x00000213974cc260 Exception <a 'sun/nio/fs/WindowsException'{0x00000000ebb61770}> (0x00000000ebb61770) 
thrown [s\src\hotspot\share\prims\jni.cpp, line 520]
Event: 174.325 Thread 0x00000213974cfd70 Exception <a 'sun/nio/fs/WindowsException'{0x00000000eb7ce5b8}> (0x00000000eb7ce5b8) 
thrown [s\src\hotspot\share\prims\jni.cpp, line 520]
Event: 174.325 Thread 0x00000213974cfd70 Exception <a 'sun/nio/fs/WindowsException'{0x00000000eb7ce7a8}> (0x00000000eb7ce7a8) 
thrown [s\src\hotspot\share\prims\jni.cpp, line 520]
Event: 174.352 Thread 0x0000021396b34380 Exception <a 'sun/nio/fs/WindowsException'{0x00000000eb472548}> (0x00000000eb472548) 
thrown [s\src\hotspot\share\prims\jni.cpp, line 520]
Event: 174.352 Thread 0x0000021396b34380 Exception <a 'sun/nio/fs/WindowsException'{0x00000000eb472748}> (0x00000000eb472748) 
thrown [s\src\hotspot\share\prims\jni.cpp, line 520]
Event: 174.357 Thread 0x00000213974cf050 Exception <a 'sun/nio/fs/WindowsException'{0x00000000e946f730}> (0x00000000e946f730) 
thrown [s\src\hotspot\share\prims\jni.cpp, line 520]
Event: 174.357 Thread 0x00000213974cf050 Exception <a 'sun/nio/fs/WindowsException'{0x00000000e946f920}> (0x00000000e946f920) 
thrown [s\src\hotspot\share\prims\jni.cpp, line 520]
Event: 174.369 Thread 0x00000213974cd610 Exception <a 'sun/nio/fs/WindowsException'{0x00000000e9372900}> (0x00000000e9372900) 
thrown [s\src\hotspot\share\prims\jni.cpp, line 520]
Event: 174.369 Thread 0x00000213974cd610 Exception <a 'sun/nio/fs/WindowsException'{0x00000000e9372b00}> (0x00000000e9372b00) 
thrown [s\src\hotspot\share\prims\jni.cpp, line 520]
Event: 174.371 Thread 0x00000213974cc8f0 Exception <a 'sun/nio/fs/WindowsException'{0x00000000e84ae078}> (0x00000000e84ae078) 
thrown [s\src\hotspot\share\prims\jni.cpp, line 520]
Event: 174.371 Thread 0x00000213974cc8f0 Exception <a 'sun/nio/fs/WindowsException'{0x00000000e84ae260}> (0x00000000e84ae260) 
thrown [s\src\hotspot\share\prims\jni.cpp, line 520]
Event: 174.372 Thread 0x000002139940f500 Exception <a 'sun/nio/fs/WindowsException'{0x00000000e9ecf550}> (0x00000000e9ecf550) 
thrown [s\src\hotspot\share\prims\jni.cpp, line 520]
Event: 174.374 Thread 0x00000213974ce330 Exception <a 'sun/nio/fs/WindowsException'{0x00000000e980cbf0}> (0x00000000e980cbf0) 
thrown [s\src\hotspot\share\prims\jni.cpp, line 520]
Event: 174.374 Thread 0x00000213974ce330 Exception <a 'sun/nio/fs/WindowsException'{0x00000000e980cde0}> (0x00000000e980cde0) 
thrown [s\src\hotspot\share\prims\jni.cpp, line 520]
Event: 174.404 Thread 0x00000213974d1120 Exception <a 'sun/nio/fs/WindowsException'{0x00000000ff402fc8}> (0x00000000ff402fc8) 
thrown [s\src\hotspot\share\prims\jni.cpp, line 520]

ZGC Phase Switch (0 events):
No events

VM Operations (20 events):
Event: 173.533 Executing non-safepoint VM operation: HandshakeAllThreads (Deoptimize) done
Event: 173.561 Executing non-safepoint VM operation: HandshakeAllThreads (Deoptimize)
Event: 173.561 Executing non-safepoint VM operation: HandshakeAllThreads (Deoptimize) done
Event: 173.874 Executing non-safepoint VM operation: HandshakeAllThreads (Deoptimize)
Event: 173.874 Executing non-safepoint VM operation: HandshakeAllThreads (Deoptimize) done
Event: 173.875 Executing non-safepoint VM operation: HandshakeAllThreads (Deoptimize)
Event: 173.875 Executing non-safepoint VM operation: HandshakeAllThreads (Deoptimize) done
Event: 174.116 Executing safepoint VM operation: ICBufferFull
Event: 174.117 Executing safepoint VM operation: ICBufferFull done
Event: 174.188 Executing safepoint VM operation: G1CollectForAllocation (G1 Evacuation Pause)
Event: 174.214 Executing safepoint VM operation: G1CollectForAllocation (G1 Evacuation Pause) done
Event: 174.275 Executing safepoint VM operation: G1CollectForAllocation (G1 Evacuation Pause)
Event: 174.288 Executing safepoint VM operation: G1CollectForAllocation (G1 Evacuation Pause) done
Event: 174.290 Executing safepoint VM operation: G1CollectForAllocation (GCLocker Initiated GC)
Event: 174.293 Executing safepoint VM operation: G1CollectForAllocation (GCLocker Initiated GC) done
Event: 174.366 Executing safepoint VM operation: G1CollectForAllocation (G1 Evacuation Pause)
Event: 174.366 Executing safepoint VM operation: G1CollectForAllocation (G1 Evacuation Pause) done
Event: 174.376 Executing safepoint VM operation: G1CollectForAllocation (GCLocker Initiated GC)
Event: 174.379 Executing safepoint VM operation: G1CollectForAllocation (GCLocker Initiated GC) done
Event: 174.408 Executing safepoint VM operation: G1PauseRemark

Memory protections (0 events):
No events

Nmethod flushes (20 events):
Event: 174.477 Thread 0x000002134de57b10 flushing  nmethod 0x000002133b59ee10
Event: 174.477 Thread 0x000002134de57b10 flushing  nmethod 0x000002133b5a2190
Event: 174.477 Thread 0x000002134de57b10 flushing  nmethod 0x000002133b5d4a90
Event: 174.477 Thread 0x000002134de57b10 flushing  nmethod 0x000002133b5d5190
Event: 174.477 Thread 0x000002134de57b10 flushing  nmethod 0x000002133b5d5610
Event: 174.477 Thread 0x000002134de57b10 flushing  nmethod 0x000002133b608510
Event: 174.477 Thread 0x000002134de57b10 flushing  nmethod 0x000002133b60ec90
Event: 174.477 Thread 0x000002134de57b10 flushing  nmethod 0x000002133b60f690
Event: 174.477 Thread 0x000002134de57b10 flushing  nmethod 0x000002133b635d10
Event: 174.477 Thread 0x000002134de57b10 flushing  nmethod 0x000002133b636110
Event: 174.477 Thread 0x000002134de57b10 flushing  nmethod 0x000002133b636510
Event: 174.477 Thread 0x000002134de57b10 flushing  nmethod 0x000002133b953290
Event: 174.477 Thread 0x000002134de57b10 flushing  nmethod 0x000002133b953f90
Event: 174.477 Thread 0x000002134de57b10 flushing  nmethod 0x000002133b954910
Event: 174.477 Thread 0x000002134de57b10 flushing  nmethod 0x000002133b955090
Event: 174.477 Thread 0x000002134de57b10 flushing  nmethod 0x000002133bd84e90
Event: 174.477 Thread 0x000002134de57b10 flushing  nmethod 0x000002133c08cd10
Event: 174.477 Thread 0x000002134de57b10 flushing  nmethod 0x000002133c08d110
Event: 174.477 Thread 0x000002134de57b10 flushing  nmethod 0x000002133c08ec90
Event: 174.477 Thread 0x000002134de57b10 flushing  nmethod 0x000002133c094890

Events (20 events):
Event: 174.101 Thread 0x0000021396f19130 Thread exited: 0x0000021396f19130
Event: 174.118 Thread 0x0000021396f175f0 Thread added: 0x0000021396f19130
Event: 174.120 Thread 0x0000021396f175f0 Thread added: 0x0000021396f19800
Event: 174.124 Thread 0x0000021396f175f0 Thread added: 0x0000021396f19ed0
Event: 174.140 Thread 0x000002139ad82490 Thread added: 0x00000213974c9470
Event: 174.152 Thread 0x000002139ad82490 Thread added: 0x00000213974c9b00
Event: 174.158 Thread 0x000002139ad82490 Thread added: 0x00000213974c8750
Event: 174.159 Thread 0x000002139ad82490 Thread added: 0x00000213974cdca0
Event: 174.159 Thread 0x000002139ad82490 Thread added: 0x00000213974cf6e0
Event: 174.162 Thread 0x000002139ad82490 Thread added: 0x00000213974cc260
Event: 174.162 Thread 0x000002139ad82490 Thread added: 0x00000213974cf050
Event: 174.162 Thread 0x000002139ad82490 Thread added: 0x00000213974cd610
Event: 174.162 Thread 0x000002139ad82490 Thread added: 0x00000213974ccf80
Event: 174.162 Thread 0x000002139ad82490 Thread added: 0x00000213974ce330
Event: 174.163 Thread 0x000002139ad82490 Thread added: 0x00000213974cfd70
Event: 174.163 Thread 0x000002139ad82490 Thread added: 0x00000213974ce9c0
Event: 174.163 Thread 0x000002139ad82490 Thread added: 0x00000213974cc8f0
Event: 174.163 Thread 0x000002139ad82490 Thread added: 0x00000213974d1120
Event: 174.215 Thread 0x0000021396f175f0 Thread added: 0x00000213968432e0
Event: 174.215 Thread 0x0000021396f175f0 Thread added: 0x0000021396844750


Dynamic libraries:
0x00007ff7c2d20000 - 0x00007ff7c2d2e000 	C:\Program Files\Microsoft\jdk-21.0.12.101-hotspot\bin\java.exe
0x00007ff8f5c80000 - 0x00007ff8f5ee7000 	C:\Windows\SYSTEM32\ntdll.dll
0x00007ff8f46b0000 - 0x00007ff8f477b000 	C:\Windows\System32\KERNEL32.DLL
0x00007ff8f3100000 - 0x00007ff8f3501000 	C:\Windows\System32\KERNELBASE.dll
0x00007ff8f37b0000 - 0x00007ff8f38fc000 	C:\Windows\System32\ucrtbase.dll
0x00007ff89cb00000 - 0x00007ff89cb18000 	C:\Program Files\Microsoft\jdk-21.0.12.101-hotspot\bin\jli.dll
0x00007ff8f3ee0000 - 0x00007ff8f40b7000 	C:\Windows\System32\USER32.dll
0x00007ff8f30d0000 - 0x00007ff8f30f7000 	C:\Windows\System32\win32u.dll
0x00007ff8f3a50000 - 0x00007ff8f3a7b000 	C:\Windows\System32\GDI32.dll
0x00007ff8f3680000 - 0x00007ff8f37a8000 	C:\Windows\System32\gdi32full.dll
0x00007ff8f35d0000 - 0x00007ff8f3673000 	C:\Windows\System32\msvcp_win.dll
0x00007ff89cae0000 - 0x00007ff89cafe000 	C:\Program Files\Microsoft\jdk-21.0.12.101-hotspot\bin\VCRUNTIME140.dll
0x00007ff8d2270000 - 0x00007ff8d2500000 	C:\Windows\WinSxS\amd64_microsoft.windows.common-controls_6595b64144ccf1df_6.0.26100.9549_none_3e0a0396e3330090\COMCTL32.dll
0x00007ff8f41a0000 - 0x00007ff8f4249000 	C:\Windows\System32\msvcrt.dll
0x00007ff8f5c00000 - 0x00007ff8f5c31000 	C:\Windows\System32\IMM32.DLL
0x00007ff8b1a20000 - 0x00007ff8b1a2c000 	C:\Program Files\Microsoft\jdk-21.0.12.101-hotspot\bin\vcruntime140_1.dll
0x00007ff868720000 - 0x00007ff8687a9000 	C:\Program Files\Microsoft\jdk-21.0.12.101-hotspot\bin\msvcp140.dll
0x00007ff80e150000 - 0x00007ff80eeff000 	C:\Program Files\Microsoft\jdk-21.0.12.101-hotspot\bin\server\jvm.dll
0x00007ff8f3c60000 - 0x00007ff8f3d1b000 	C:\Windows\System32\ADVAPI32.dll
0x00007ff8f39a0000 - 0x00007ff8f3a48000 	C:\Windows\System32\sechost.dll
0x00007ff8f5960000 - 0x00007ff8f5a78000 	C:\Windows\System32\RPCRT4.dll
0x00007ff8f5b70000 - 0x00007ff8f5bf1000 	C:\Windows\System32\WS2_32.dll
0x00007ff8f1980000 - 0x00007ff8f19de000 	C:\Windows\SYSTEM32\POWRPROF.dll
0x00007ff8ef800000 - 0x00007ff8ef837000 	C:\Windows\SYSTEM32\WINMM.dll
0x00007ff8e6170000 - 0x00007ff8e617b000 	C:\Windows\SYSTEM32\VERSION.dll
0x00007ff8f1960000 - 0x00007ff8f1975000 	C:\Windows\SYSTEM32\UMPDC.dll
0x00007ff8f1c40000 - 0x00007ff8f1c5b000 	C:\Windows\SYSTEM32\kernel.appcore.dll
0x00007ff8b15e0000 - 0x00007ff8b15ea000 	C:\Program Files\Microsoft\jdk-21.0.12.101-hotspot\bin\jimage.dll
0x00007ff8efd80000 - 0x00007ff8effcc000 	C:\Windows\SYSTEM32\DBGHELP.DLL
0x00007ff8f4320000 - 0x00007ff8f46aa000 	C:\Windows\System32\combase.dll
0x00007ff8f40c0000 - 0x00007ff8f4199000 	C:\Windows\System32\OLEAUT32.dll
0x00007ff8d0530000 - 0x00007ff8d056b000 	C:\Windows\SYSTEM32\dbgcore.DLL
0x00007ff8f3510000 - 0x00007ff8f35bc000 	C:\Windows\System32\bcryptPrimitives.dll
0x00007ff8b02c0000 - 0x00007ff8b02d0000 	C:\Program Files\Microsoft\jdk-21.0.12.101-hotspot\bin\instrument.dll
0x00007ff89c880000 - 0x00007ff89c8a1000 	C:\Program Files\Microsoft\jdk-21.0.12.101-hotspot\bin\java.dll
0x00007ff8f4890000 - 0x00007ff8f502c000 	C:\Windows\System32\SHELL32.dll
0x00007ff8f08d0000 - 0x00007ff8f117d000 	C:\Windows\SYSTEM32\windows.storage.dll
0x00007ff8f5040000 - 0x00007ff8f5139000 	C:\Windows\System32\SHCORE.dll
0x00007ff8f4780000 - 0x00007ff8f47e6000 	C:\Windows\System32\shlwapi.dll
0x00007ff8f2d90000 - 0x00007ff8f2db9000 	C:\Windows\SYSTEM32\profapi.dll
0x00007ff865b20000 - 0x00007ff865bf6000 	C:\Program Files\Microsoft\jdk-21.0.12.101-hotspot\bin\jsvml.dll
0x00007ff89c9f0000 - 0x00007ff89ca08000 	C:\Program Files\Microsoft\jdk-21.0.12.101-hotspot\bin\zip.dll
0x00007ff89c9a0000 - 0x00007ff89c9b1000 	C:\Program Files\Microsoft\jdk-21.0.12.101-hotspot\bin\net.dll
0x00007ff8e8ca0000 - 0x00007ff8e8dca000 	C:\Windows\SYSTEM32\WINHTTP.dll
0x00007ff8f2200000 - 0x00007ff8f226c000 	C:\Windows\system32\mswsock.dll
0x00007ff86e2a0000 - 0x00007ff86e2b6000 	C:\Program Files\Microsoft\jdk-21.0.12.101-hotspot\bin\nio.dll
0x00007ff8af280000 - 0x00007ff8af290000 	C:\Program Files\Microsoft\jdk-21.0.12.101-hotspot\bin\verify.dll
0x00007ff86dfd0000 - 0x00007ff86dff7000 	C:\Users\araba\.gradle\native\c067742578af261105cb4f569cf0c3c89f3d7b1fecec35dd04571415982c5e48\windows-amd64\native-platform.dll
0x00007ff8659d0000 - 0x00007ff865b14000 	C:\Users\araba\.gradle\native\100fb08df4bc3b14c8652ba06237920a3bd2aa13389f12d3474272988ae205f9\windows-amd64\native-platform-file-events.dll
0x00007ff8ae760000 - 0x00007ff8ae76a000 	C:\Program Files\Microsoft\jdk-21.0.12.101-hotspot\bin\management.dll
0x00007ff8ae520000 - 0x00007ff8ae52c000 	C:\Program Files\Microsoft\jdk-21.0.12.101-hotspot\bin\management_ext.dll
0x00007ff8f4310000 - 0x00007ff8f4318000 	C:\Windows\System32\PSAPI.DLL
0x00007ff8f24f0000 - 0x00007ff8f250b000 	C:\Windows\SYSTEM32\CRYPTSP.dll
0x00007ff8f1ba0000 - 0x00007ff8f1bd9000 	C:\Windows\system32\rsaenh.dll
0x00007ff8f22b0000 - 0x00007ff8f22e4000 	C:\Windows\SYSTEM32\USERENV.dll
0x00007ff8f2d60000 - 0x00007ff8f2d8a000 	C:\Windows\SYSTEM32\bcrypt.dll
0x00007ff8f2510000 - 0x00007ff8f251c000 	C:\Windows\SYSTEM32\CRYPTBASE.dll
0x00007ff8f1540000 - 0x00007ff8f1573000 	C:\Windows\SYSTEM32\IPHLPAPI.DLL
0x00007ff8f47f0000 - 0x00007ff8f47fa000 	C:\Windows\System32\NSI.dll
0x00007ff8ad890000 - 0x00007ff8ad899000 	C:\Program Files\Microsoft\jdk-21.0.12.101-hotspot\bin\extnet.dll
0x00007ff8ad390000 - 0x00007ff8ad39e000 	C:\Program Files\Microsoft\jdk-21.0.12.101-hotspot\bin\sunmscapi.dll
0x00007ff8f2f40000 - 0x00007ff8f30bf000 	C:\Windows\System32\CRYPT32.dll
0x00007ff8f2750000 - 0x00007ff8f2780000 	C:\Windows\SYSTEM32\ncrypt.dll
0x00007ff8f2700000 - 0x00007ff8f273f000 	C:\Windows\SYSTEM32\NTASN1.dll
0x00007ff8e0d50000 - 0x00007ff8e0d58000 	C:\Windows\system32\wshunix.dll
0x00007ff8bc850000 - 0x00007ff8bc868000 	C:\Windows\system32\napinsp.dll
0x00007ff8f1630000 - 0x00007ff8f1788000 	C:\Windows\SYSTEM32\DNSAPI.dll
0x00007ff8f1fe0000 - 0x00007ff8f1fed000 	C:\Windows\SYSTEM32\DSPARSE.dll
0x00007ff8bc810000 - 0x00007ff8bc823000 	C:\Windows\System32\winrnr.dll
0x00007ff8bc7b0000 - 0x00007ff8bc7d7000 	C:\Windows\system32\nlansp_c.dll
0x00007ff8bc750000 - 0x00007ff8bc766000 	C:\Windows\system32\wshbth.dll
0x00007ff8dd970000 - 0x00007ff8dd97b000 	C:\Windows\System32\rasadhlp.dll
0x00007ff8e8770000 - 0x00007ff8e87f6000 	C:\Windows\System32\fwpuclnt.dll
0x00007ff8f1d70000 - 0x00007ff8f1da6000 	C:\Windows\SYSTEM32\ntmarta.dll

JVMTI agents:
D:\IQOO Hackathon\DevLens_Prototype\.build-tools\gradle-8.10.2\lib\agents\gradle-instrumentation-agent-8.10.2.jar path:C:\Program Files\Microsoft\jdk-21.0.12.101-hotspot\bin\instrument.dll, loaded, initialized, instrumentlib options:none

dbghelp: loaded successfully - version: 4.0.5 - missing functions: none
symbol engine: initialized successfully - sym options: 0x614 - pdb path: .;C:\Program Files\Microsoft\jdk-21.0.12.101-hotspot\bin;C:\Windows\SYSTEM32;C:\Windows\WinSxS\amd64_microsoft.windows.common-controls_6595b64144ccf1df_6.0.26100.9549_none_3e0a0396e3330090;C:\Program Files\Microsoft\jdk-21.0.12.101-hotspot\bin\server;C:\Users\araba\.gradle\native\c067742578af261105cb4f569cf0c3c89f3d7b1fecec35dd04571415982c5e48\windows-amd64;C:\Users\araba\.gradle\native\100fb08df4bc3b14c8652ba06237920a3bd2aa13389f12d3474272988ae205f9\windows-amd64

VM Arguments:
jvm_args: -XX:+HeapDumpOnOutOfMemoryError --add-opens=java.base/java.util=ALL-UNNAMED --add-opens=java.base/java.lang=ALL-UNNAMED --add-opens=java.base/java.lang.invoke=ALL-UNNAMED --add-opens=java.prefs/java.util.prefs=ALL-UNNAMED --add-exports=jdk.compiler/com.sun.tools.javac.api=ALL-UNNAMED --add-exports=jdk.compiler/com.sun.tools.javac.util=ALL-UNNAMED --add-opens=java.base/java.nio.charset=ALL-UNNAMED --add-opens=java.base/java.net=ALL-UNNAMED --add-opens=java.base/java.util.concurrent.atomic=ALL-UNNAMED -Xmx512m -Dfile.encoding=UTF-8 -Duser.country=IN -Duser.language=en -Duser.variant -javaagent:D:\IQOO Hackathon\DevLens_Prototype\.build-tools\gradle-8.10.2\lib\agents\gradle-instrumentation-agent-8.10.2.jar 
java_command: org.gradle.launcher.daemon.bootstrap.GradleDaemon 8.10.2
java_class_path (initial): D:\IQOO Hackathon\DevLens_Prototype\.build-tools\gradle-8.10.2\lib\gradle-daemon-main-8.10.2.jar
Launcher Type: SUN_STANDARD

[Global flags]
     intx CICompilerCount                          = 12                                        {product} {ergonomic}
     uint ConcGCThreads                            = 4                                         {product} {ergonomic}
     uint G1ConcRefinementThreads                  = 15                                        {product} {ergonomic}
   size_t G1HeapRegionSize                         = 1048576                                   {product} {ergonomic}
    uintx GCDrainStackTargetSize                   = 64                                        {product} {ergonomic}
     bool HeapDumpOnOutOfMemoryError               = true                                   {manageable} {command line}
   size_t InitialHeapSize                          = 398458880                                 {product} {ergonomic}
   size_t MarkStackSize                            = 4194304                                   {product} {ergonomic}
   size_t MaxHeapSize                              = 536870912                                 {product} {command line}
   size_t MaxNewSize                               = 321912832                                 {product} {ergonomic}
   size_t MinHeapDeltaBytes                        = 1048576                                   {product} {ergonomic}
   size_t MinHeapSize                              = 8388608                                   {product} {ergonomic}
    uintx NonNMethodCodeHeapSize                   = 7602480                                {pd product} {ergonomic}
    uintx NonProfiledCodeHeapSize                  = 122027880                              {pd product} {ergonomic}
    uintx ProfiledCodeHeapSize                     = 122027880                              {pd product} {ergonomic}
    uintx ReservedCodeCacheSize                    = 251658240                              {pd product} {ergonomic}
     bool SegmentedCodeCache                       = true                                      {product} {ergonomic}
   size_t SoftMaxHeapSize                          = 536870912                              {manageable} {ergonomic}
     bool UseCompressedOops                        = true                           {product lp64_product} {ergonomic}
     bool UseG1GC                                  = true                                      {product} {ergonomic}
     bool UseLargePagesIndividualAllocation        = false                                  {pd product} {ergonomic}

Logging:
Log output configuration:
 #0: stdout all=warning uptime,level,tags foldmultilines=false
 #1: stderr all=off uptime,level,tags foldmultilines=false

Release file:
IMPLEMENTOR="Microsoft" 
IMPLEMENTOR_VERSION="Microsoft-14941484" 
JAVA_RUNTIME_VERSION="21.0.12.1+1-LTS" 
JAVA_VERSION="21.0.12.1" 
JAVA_VERSION_DATE="2026-08-18" 
LIBC="default" 
MODULES="java.base java.compiler java.datatransfer java.xml java.prefs java.desktop java.instrument java.logging java.management java.security.sasl java.naming java.rmi java.management.rmi java.net.http java.scripting java.security.jgss java.transaction.xa java.sql java.sql.rowset java.xml.crypto java.se java.smartcardio jdk.accessibility jdk.internal.jvmstat jdk.attach jdk.charsets jdk.internal.opt jdk.zipfs jdk.compiler jdk.crypto.ec jdk.crypto.cryptoki jdk.crypto.mscapi jdk.dynalink jdk.internal.ed jdk.editpad jdk.hotspot.agent jdk.httpserver jdk.incubator.vector jdk.internal.le jdk.internal.vm.ci jdk.internal.vm.compiler jdk.internal.vm.compiler.management jdk.jartool jdk.javadoc jdk.jcmd jdk.management jdk.management.agent jdk.jconsole jdk.jdeps jdk.jdwp.agent jdk.jdi jdk.jfr jdk.jlink jdk.jpackage jdk.jshell jdk.jsobject jdk.jstatd jdk.localedata jdk.management.jfr jdk.naming.dns jdk.naming.rmi jdk.net jdk.nio.mapmode jdk.random jdk.sctp jdk.security.auth jdk.security.jgss jdk.unsupported jdk.unsupported.desktop jdk.xml.dom" 
OS_ARCH="x86_64" 
OS_NAME="Windows" 
SOURCE=".:git:6f26c6b2b098" 

Environment Variables:
JAVA_HOME=C:\Program Files\Microsoft\jdk-21.0.12.101-hotspot
CLASSPATH=D:\IQOO Hackathon\DevLens_Prototype\.build-tools\gradle-8.10.2\lib\gradle-gradle-cli-main-8.10.2.jar
PATH=C:/Users/araba/.gemini/antigravity-ide/bin;C:\Program Files\Microsoft\jdk-21.0.12.101-hotspot\bin;C:\Program Files\Eclipse Adoptium\jdk-21.0.12.101-hotspot\bin;C:\Windows\system32;C:\Windows;C:\Windows\System32\Wbem;C:\Windows\System32\WindowsPowerShell\v1.0\;C:\Windows\System32\OpenSSH\;C:\Program Files (x86)\NVIDIA Corporation\PhysX\Common;C:\Program Files\NVIDIA Corporation\NVIDIA NvDLISR;C:\Users\araba\AppData\Local\Programs\Python\Python313;C:\Users\araba\AppData\Local\Programs\Python\Python313\Scripts;C:\Program Files\Git\cmd;C:\Program Files\Java\jdk-25.0.2\bin;C:\Users\araba\Downloads\ffmpeg-8.1-essentials_build\ffmpeg-8.1-essentials_build\bin;D:\NodeJs\;%araba%\AppData\Roaming\npm;C:\Users\araba\AppData\Local\Programs\OpenAI\Codex\bin;C:\Users\araba\.local\bin;C:\Users\araba\AppData\Local\Programs\Python\Launcher\;C:\Users\araba\AppData\Local\Microsoft\WindowsApps;C:\MinGW\bin;C:\Program Files\Common Files\Oracle\Java\javapath;C:\Program Files\JetBrains\IntelliJ IDEA 2025.3.3\bin;C:\Users\araba\AppData\Local\Programs\Ollama;C:\Users\araba\AppData\Local\Microsoft\WinGet\Packages\DenoLand.Deno_Microsoft.Winget.Source_8wekyb3d8bbwe;D:\Antigravity IDE\bin;C:\Users\araba\AppData\Roaming\npm;D:\Microsoft VS Code\bin;C:\Users\araba\AppData\Local\Programs\Antigravity IDE\bin
USERNAME=araba
OS=Windows_NT
PROCESSOR_IDENTIFIER=Intel64 Family 6 Model 183 Stepping 1, GenuineIntel
TMP=C:\Users\araba\AppData\Local\Temp
TEMP=C:\Users\araba\AppData\Local\Temp




Periodic native trim disabled

---------------  S Y S T E M  ---------------

OS:
 Windows 11 , 64 bit Build 26100 (10.0.26100.9549)
OS uptime: 0 days 17:02 hours
Hyper-V role detected

CPU: total 20 (initial active 20) (10 cores per cpu, 2 threads per core) family 6 model 183 stepping 1 microcode 0x12e, cx8, cmov, fxsr, ht, mmx, 3dnowpref, sse, sse2, sse3, ssse3, sse4.1, sse4.2, popcnt, lzcnt, tsc, tscinvbit, avx, avx2, aes, erms, clmul, bmi1, bmi2, adx, sha, fma, vzeroupper, clflush, clflushopt, clwb, hv, serialize, rdtscp, rdpid, fsrm, f16c, cet_ibt, cet_ss
Processor Information for processor 0
  Max Mhz: 2600, Current Mhz: 2600, Mhz Limit: 2600
Processor Information for processor 1
  Max Mhz: 2600, Current Mhz: 1496, Mhz Limit: 2600
Processor Information for processor 2
  Max Mhz: 2600, Current Mhz: 2600, Mhz Limit: 2600
Processor Information for processor 3
  Max Mhz: 2600, Current Mhz: 1496, Mhz Limit: 2600
Processor Information for processor 4
  Max Mhz: 2600, Current Mhz: 2600, Mhz Limit: 2600
Processor Information for processor 5
  Max Mhz: 2600, Current Mhz: 2600, Mhz Limit: 2600
Processor Information for processor 6
  Max Mhz: 2600, Current Mhz: 2600, Mhz Limit: 2600
Processor Information for processor 7
  Max Mhz: 2600, Current Mhz: 2600, Mhz Limit: 2600
Processor Information for processor 8
  Max Mhz: 2600, Current Mhz: 1496, Mhz Limit: 2600
Processor Information for processor 9
  Max Mhz: 2600, Current Mhz: 2600, Mhz Limit: 2600
Processor Information for processor 10
  Max Mhz: 2600, Current Mhz: 2600, Mhz Limit: 2600
Processor Information for processor 11
  Max Mhz: 2600, Current Mhz: 2600, Mhz Limit: 2600
Processor Information for processor 12
  Max Mhz: 2600, Current Mhz: 1505, Mhz Limit: 2600
Processor Information for processor 13
  Max Mhz: 2600, Current Mhz: 2600, Mhz Limit: 2600
Processor Information for processor 14
  Max Mhz: 2600, Current Mhz: 1505, Mhz Limit: 2600
Processor Information for processor 15
  Max Mhz: 2600, Current Mhz: 1505, Mhz Limit: 2600
Processor Information for processor 16
  Max Mhz: 2600, Current Mhz: 1505, Mhz Limit: 2600
Processor Information for processor 17
  Max Mhz: 2600, Current Mhz: 1505, Mhz Limit: 2600
Processor Information for processor 18
  Max Mhz: 2600, Current Mhz: 1505, Mhz Limit: 2600
Processor Information for processor 19
  Max Mhz: 2600, Current Mhz: 1505, Mhz Limit: 2600

Memory: 4k page, system-wide physical 24283M (9101M free)
TotalPageFile size 24283M (AvailPageFile size 0M)
current process WorkingSet (physical memory assigned to process): 773M, peak: 774M
current process commit charge ("private bytes"): 834M, peak: 880M

vm_info: OpenJDK 64-Bit Server VM (21.0.12.1+1-LTS) for windows-amd64 JRE (21.0.12.1+1-LTS), built on 2026-08-11T20:50:01Z by "MicrosoftCorporation" with MS VC++ 17.14 (VS2022)

END.
