#
# There is insufficient memory for the Java Runtime Environment to continue.
# Native memory allocation (malloc) failed to allocate 297936 bytes. Error detail: Chunk::new
# Possible reasons:
#   The system is out of physical RAM or swap space
#   This process is running with CompressedOops enabled, and the Java Heap may be blocking the growth of the native heap
# Possible solutions:
#   Reduce memory load on the system
#   Increase physical memory or swap space
#   Check if swap backing store is full
#   Decrease Java heap size (-Xmx/-Xms)
#   Decrease number of Java threads
#   Decrease Java thread stack sizes (-Xss)
#   Set larger code cache with -XX:ReservedCodeCacheSize=
#   JVM is running with Unscaled Compressed Oops mode in which the Java heap is
#     placed in the first 4GB address space. The Java Heap base address is the
#     maximum limit for the native heap growth. Please use -XX:HeapBaseMinAddress
#     to set the Java Heap base and to place the Java Heap above 4GB virtual address.
# This output file may be truncated or incomplete.
#
#  Out of Memory Error (arena.cpp:168), pid=6316, tid=17036
#
# JRE version: OpenJDK Runtime Environment Microsoft-14941484 (21.0.12.1+1) (build 21.0.12.1+1-LTS)
# Java VM: OpenJDK 64-Bit Server VM Microsoft-14941484 (21.0.12.1+1-LTS, mixed mode, sharing, tiered, compressed oops, compressed class ptrs, g1 gc, windows-amd64)
# No core dump will be written. Minidumps are not enabled by default on client versions of Windows
#

---------------  S U M M A R Y ------------

Command Line: -XX:+HeapDumpOnOutOfMemoryError --add-opens=java.base/java.util=ALL-UNNAMED --add-opens=java.base/java.lang=ALL-UNNAMED --add-opens=java.base/java.lang.invoke=ALL-UNNAMED --add-opens=java.prefs/java.util.prefs=ALL-UNNAMED --add-exports=jdk.compiler/com.sun.tools.javac.api=ALL-UNNAMED --add-exports=jdk.compiler/com.sun.tools.javac.util=ALL-UNNAMED --add-opens=java.base/java.nio.charset=ALL-UNNAMED --add-opens=java.base/java.net=ALL-UNNAMED --add-opens=java.base/java.util.concurrent.atomic=ALL-UNNAMED -Xmx512m -Dfile.encoding=UTF-8 -Duser.country=IN -Duser.language=en -Duser.variant -javaagent:D:\IQOO Hackathon\DevLens_Prototype\.build-tools\gradle-8.10.2\lib\agents\gradle-instrumentation-agent-8.10.2.jar org.gradle.launcher.daemon.bootstrap.GradleDaemon 8.10.2

Host: 13th Gen Intel(R) Core(TM) i7-13650HX, 20 cores, 23G,  Windows 11 , 64 bit Build 26100 (10.0.26100.9549)
Time: Mon Sep 28 20:21:23 2026 India Standard Time elapsed time: 135.376736 seconds (0d 0h 2m 15s)

---------------  T H R E A D  ---------------

Current thread (0x0000026cf690de90):  JavaThread "C2 CompilerThread0" daemon [_thread_in_native, id=17036, stack(0x000000793a100000,0x000000793a200000) (1024K)]


Current CompileTask:
C2:135376 20446 %     4       org.gradle.api.internal.artifacts.repositories.PatternHelper::substituteTokens @ 148 (700 bytes)

Stack: [0x000000793a100000,0x000000793a200000]
Native frames: (J=compiled Java code, j=interpreted, Vv=VM code, C=native code)
V  [jvm.dll+0x6e0c09]  (no source info available)
V  [jvm.dll+0x8c0e1b]  (no source info available)
V  [jvm.dll+0x8c33ad]  (no source info available)
V  [jvm.dll+0x8c3a83]  (no source info available)
V  [jvm.dll+0x28ac66]  (no source info available)
V  [jvm.dll+0xc91cd]  (no source info available)
V  [jvm.dll+0xc971c]  (no source info available)
V  [jvm.dll+0x14855f]  (no source info available)
V  [jvm.dll+0x671c33]  (no source info available)
V  [jvm.dll+0x6700f8]  (no source info available)
V  [jvm.dll+0x2526bb]  (no source info available)
V  [jvm.dll+0x251e6c]  (no source info available)
V  [jvm.dll+0x1d1c5f]  (no source info available)
V  [jvm.dll+0x261bda]  (no source info available)
V  [jvm.dll+0x25ff45]  (no source info available)
V  [jvm.dll+0x402695]  (no source info available)
V  [jvm.dll+0x86ba8d]  (no source info available)
V  [jvm.dll+0x6e21bd]  (no source info available)
C  [ucrtbase.dll+0x2cd30]  (no source info available)
C  [KERNEL32.DLL+0x2cdf7]  (no source info available)
C  [ntdll.dll+0x7ee4c]  (no source info available)


---------------  P R O C E S S  ---------------

Threads class SMR info:
_java_thread_list=0x0000026cd0bc95d0, length=220, elements={
0x0000026ce9b25aa0, 0x0000026cf6904d80, 0x0000026cf6907400, 0x0000026cf6907ba0,
0x0000026cf6908210, 0x0000026cf69089b0, 0x0000026cf690d3c0, 0x0000026cf690de90,
0x0000026cf690e7c0, 0x0000026cf6c4df50, 0x0000026cf6cfe540, 0x0000026cfcb19960,
0x0000026cfcd94eb0, 0x0000026cfcb80570, 0x0000026cfcf048a0, 0x0000026cfce45e10,
0x0000026cfc7178c0, 0x0000026cfcd68620, 0x0000026cfcd68cb0, 0x0000026cfcd6a6f0,
0x0000026cfcd699d0, 0x0000026cfcd69340, 0x0000026cfcd6a060, 0x0000026cfcd6ad80,
0x0000026cfcd67f90, 0x0000026cfd2c3f30, 0x0000026cfd2c2b80, 0x0000026cfd2c38a0,
0x0000026cfd2c45c0, 0x0000026cfd2c3210, 0x0000026cfd2c52e0, 0x0000026cfd2c1e60,
0x0000026cfd2c80d0, 0x0000026cfd2c8760, 0x0000026cfe11e7b0, 0x0000026cfe11b9c0,
0x0000026cfe11cd70, 0x0000026cfc0affd0, 0x0000026cfc0af2b0, 0x0000026cfc0b0cf0,
0x0000026cfc0af940, 0x0000026cfc0b0660, 0x0000026cfc0b1380, 0x0000026cfc0b1a10,
0x0000026cfc0ae590, 0x0000026cfc0b20a0, 0x0000026cfc0aec20, 0x0000026cfc0b2730,
0x0000026cfc0b3450, 0x0000026cfc0b2dc0, 0x0000026cfc0b4800, 0x0000026cfc0b4e90,
0x0000026cfc0b3ae0, 0x0000026cfc0b4170, 0x0000026cfc0b5520, 0x0000026cfc0b5bb0,
0x0000026cfe11e120, 0x0000026cd09b90c0, 0x0000026cd09ba470, 0x0000026cd09bb820,
0x0000026cd09bb190, 0x0000026cd09bab00, 0x0000026cd09bbeb0, 0x0000026cd09bc540,
0x0000026cd09bcbd0, 0x0000026cd09b9750, 0x0000026cd09bd260, 0x0000026cd09b9de0,
0x0000026cd09bd8f0, 0x0000026cd09bdf80, 0x0000026cd09bf330, 0x0000026cd09beca0,
0x0000026cd09be610, 0x0000026cd09bf9c0, 0x0000026cd09c06e0, 0x0000026cd09c0050,
0x0000026cd1225230, 0x0000026cd12265e0, 0x0000026cd1227990, 0x0000026cd1224510,
0x0000026cd1226c70, 0x0000026cd1228020, 0x0000026cd1227300, 0x0000026cd12258c0,
0x0000026cd1224ba0, 0x0000026cd12286b0, 0x0000026cd1228d40, 0x0000026cd12293d0,
0x0000026cd1225f50, 0x0000026cd1229a60, 0x0000026cd122a0f0, 0x0000026cd122a780,
0x0000026cd148c0f0, 0x0000026cd1490920, 0x0000026cd2e863c0, 0x0000026cd4dd4240,
0x0000026cd3e96570, 0x0000026cd3e97920, 0x0000026cdb83f250, 0x0000026cd148e1c0,
0x0000026cd148d4a0, 0x0000026cd148fc00, 0x0000026cd1491cd0, 0x0000026cd1492360,
0x0000026cd1490fb0, 0x0000026cd14929f0, 0x0000026cd1491640, 0x0000026cd1493080,
0x0000026cd1493710, 0x0000026cdb83f8e0, 0x0000026cdb842040, 0x0000026cdb8447a0,
0x0000026cdb8426d0, 0x0000026cdb8419b0, 0x0000026cdb843a80, 0x0000026cdb8433f0,
0x0000026cdb842d60, 0x0000026cdb841320, 0x0000026cdb844110, 0x0000026cdb847590,
0x0000026cdb8461e0, 0x0000026cdb846f00, 0x0000026cdb8482b0, 0x0000026cdb847c20,
0x0000026cdb8454c0, 0x0000026cdb846870, 0x0000026cdb845b50, 0x0000026cdb844e30,
0x0000026cdb84aa10, 0x0000026cdb848940, 0x0000026cdb849cf0, 0x0000026cdb84b0a0,
0x0000026cdb84b730, 0x0000026cdb84bdc0, 0x0000026cdb848fd0, 0x0000026cdb84a380,
0x0000026cdb84c450, 0x0000026cdb84e520, 0x0000026cdb84d170, 0x0000026cdb84de90,
0x0000026cdb84d800, 0x0000026cd4dd48d0, 0x0000026cd4dd1ae0, 0x0000026cd4dd8a70,
0x0000026cd4dd83e0, 0x0000026cd4dd55f0, 0x0000026cd4dd7030, 0x0000026cd4dd9100,
0x0000026cd4dd7d50, 0x0000026cd4dd76c0, 0x0000026cd4dd5c80, 0x0000026cd4dd6310,
0x0000026cd4dd69a0, 0x0000026cd2e85d30, 0x0000026cd2e86a50, 0x0000026cd2e835d0,
0x0000026cd2e870e0, 0x0000026cd2e83c60, 0x0000026cd2e89ed0, 0x0000026cd2e88b20,
0x0000026cd2e87770, 0x0000026cd2e8abf0, 0x0000026cd2e8a560, 0x0000026cd3e9a710,
0x0000026cd3e9a080, 0x0000026cd3e97fb0, 0x0000026cd3e98640, 0x0000026cd3e98cd0,
0x0000026cd3e99360, 0x0000026cd3e999f0, 0x0000026cd33aa510, 0x0000026cd33a97f0,
0x0000026cd33a8ad0, 0x0000026cd33aaba0, 0x0000026cd33a7db0, 0x0000026cd33ab8c0,
0x0000026cd33abf50, 0x0000026cd33a9160, 0x0000026cd33ac5e0, 0x0000026cd33acc70,
0x0000026cd33ad300, 0x0000026cd33ad990, 0x0000026cd32e9db0, 0x0000026cd32e9090,
0x0000026cd32ea440, 0x0000026cd32eb160, 0x0000026cd32e9720, 0x0000026cd32ec510,
0x0000026cd32ecba0, 0x0000026cd32ed8c0, 0x0000026cd32eb7f0, 0x0000026cd32ebe80,
0x0000026cd32ed230, 0x0000026cd32edf50, 0x0000026cd32eaad0, 0x0000026cd32eec70,
0x0000026cd6c33bf0, 0x0000026cd6c34990, 0x0000026cd6c31310, 0x0000026cd6c35060,
0x0000026cd6c319e0, 0x0000026cd32f0d40, 0x0000026cd32f13d0, 0x0000026cd32f1a60,
0x0000026cd32ee5e0, 0x0000026cd32f20f0, 0x0000026cd32f2e10, 0x0000026cd32f4ee0,
0x0000026cd32f2780, 0x0000026cd32ef990, 0x0000026cd32f3b30, 0x0000026cd32f34a0,
0x0000026cd32f6290, 0x0000026cd32f6fb0, 0x0000026cd32f6920, 0x0000026cd32f7640,
0x0000026cd32f41c0, 0x0000026cd32f4850, 0x0000026cd32f7cd0, 0x0000026cd32f8360
}

Java Threads: ( => current thread )
  0x0000026ce9b25aa0 JavaThread "main"                              [_thread_blocked, id=31204, stack(0x0000007939300000,0x0000007939400000) (1024K)]
  0x0000026cf6904d80 JavaThread "Reference Handler"          daemon [_thread_blocked, id=30032, stack(0x0000007939b00000,0x0000007939c00000) (1024K)]
  0x0000026cf6907400 JavaThread "Finalizer"                  daemon [_thread_blocked, id=5860, stack(0x0000007939c00000,0x0000007939d00000) (1024K)]
  0x0000026cf6907ba0 JavaThread "Signal Dispatcher"          daemon [_thread_blocked, id=18148, stack(0x0000007939d00000,0x0000007939e00000) (1024K)]
  0x0000026cf6908210 JavaThread "Attach Listener"            daemon [_thread_blocked, id=10472, stack(0x0000007939e00000,0x0000007939f00000) (1024K)]
  0x0000026cf69089b0 JavaThread "Service Thread"             daemon [_thread_blocked, id=27956, stack(0x0000007939f00000,0x000000793a000000) (1024K)]
  0x0000026cf690d3c0 JavaThread "Monitor Deflation Thread"   daemon [_thread_blocked, id=27008, stack(0x000000793a000000,0x000000793a100000) (1024K)]
=>0x0000026cf690de90 JavaThread "C2 CompilerThread0"         daemon [_thread_in_native, id=17036, stack(0x000000793a100000,0x000000793a200000) (1024K)]
  0x0000026cf690e7c0 JavaThread "C1 CompilerThread0"         daemon [_thread_blocked, id=18676, stack(0x000000793a200000,0x000000793a300000) (1024K)]
  0x0000026cf6c4df50 JavaThread "Common-Cleaner"             daemon [_thread_blocked, id=26776, stack(0x000000793a600000,0x000000793a700000) (1024K)]
  0x0000026cf6cfe540 JavaThread "Notification Thread"        daemon [_thread_blocked, id=24092, stack(0x000000793a700000,0x000000793a800000) (1024K)]
  0x0000026cfcb19960 JavaThread "Daemon health stats"               [_thread_blocked, id=17624, stack(0x000000793b300000,0x000000793b400000) (1024K)]
  0x0000026cfcd94eb0 JavaThread "Incoming local TCP Connector on port 62959"        [_thread_in_native, id=29544, stack(0x000000793b400000,0x000000793b500000) (1024K)]
  0x0000026cfcb80570 JavaThread "Daemon periodic checks"            [_thread_blocked, id=30768, stack(0x000000793b500000,0x000000793b600000) (1024K)]
  0x0000026cfcf048a0 JavaThread "Daemon"                            [_thread_blocked, id=9372, stack(0x000000793b600000,0x000000793b700000) (1024K)]
  0x0000026cfce45e10 JavaThread "Handler for socket connection from /127.0.0.1:62959 to /127.0.0.1:62960"        [_thread_in_native, id=8880, stack(0x000000793b700000,0x000000793b800000) (1024K)]
  0x0000026cfc7178c0 JavaThread "Cancel handler"                    [_thread_blocked, id=6532, stack(0x000000793b800000,0x000000793b900000) (1024K)]
  0x0000026cfcd68620 JavaThread "Daemon worker"                     [_thread_blocked, id=22872, stack(0x000000793b900000,0x000000793ba00000) (1024K)]
  0x0000026cfcd68cb0 JavaThread "Asynchronous log dispatcher for DefaultDaemonConnection: socket connection from /127.0.0.1:62959 to /127.0.0.1:62960"        [_thread_blocked, id=12964, stack(0x000000793ba00000,0x000000793bb00000) (1024K)]
  0x0000026cfcd6a6f0 JavaThread "Stdin handler"                     [_thread_blocked, id=31668, stack(0x000000793bb00000,0x000000793bc00000) (1024K)]
  0x0000026cfcd699d0 JavaThread "Daemon client event forwarder"        [_thread_blocked, id=31720, stack(0x000000793bc00000,0x000000793bd00000) (1024K)]
  0x0000026cfcd69340 JavaThread "Cache worker for journal cache (C:\Users\araba\.gradle\caches\journal-1)"        [_thread_blocked, id=31664, stack(0x000000793bd00000,0x000000793be00000) (1024K)]
  0x0000026cfcd6a060 JavaThread "File lock request listener"        [_thread_in_native, id=23920, stack(0x000000793be00000,0x000000793bf00000) (1024K)]
  0x0000026cfcd6ad80 JavaThread "Cache worker for file hash cache (C:\Users\araba\.gradle\caches\8.10.2\fileHashes)"        [_thread_blocked, id=30796, stack(0x000000793bf00000,0x000000793c000000) (1024K)]
  0x0000026cfcd67f90 JavaThread "Cache worker for file hash cache (D:\IQOO Hackathon\DevLens_New_Version\.gradle\8.10.2\fileHashes)"        [_thread_blocked, id=24340, stack(0x000000793c900000,0x000000793ca00000) (1024K)]
  0x0000026cfd2c3f30 JavaThread "Cache worker for Build Output Cleanup Cache (D:\IQOO Hackathon\DevLens_New_Version\.gradle\buildOutputCleanup)"        [_thread_blocked, id=24008, stack(0x000000793ca00000,0x000000793cb00000) (1024K)]
  0x0000026cfd2c2b80 JavaThread "File watcher server"        daemon [_thread_in_native, id=28840, stack(0x000000793cb00000,0x000000793cc00000) (1024K)]
  0x0000026cfd2c38a0 JavaThread "File watcher consumer"      daemon [_thread_blocked, id=18884, stack(0x000000793cc00000,0x000000793cd00000) (1024K)]
  0x0000026cfd2c45c0 JavaThread "Cache worker for checksums cache (D:\IQOO Hackathon\DevLens_New_Version\.gradle\8.10.2\checksums)"        [_thread_blocked, id=26104, stack(0x000000793cd00000,0x000000793ce00000) (1024K)]
  0x0000026cfd2c3210 JavaThread "Cache worker for file content cache (C:\Users\araba\.gradle\caches\8.10.2\fileContent)"        [_thread_blocked, id=21808, stack(0x000000793ce00000,0x000000793cf00000) (1024K)]
  0x0000026cfd2c52e0 JavaThread "Cache worker for cache directory md-rule (C:\Users\araba\.gradle\caches\8.10.2\md-rule)"        [_thread_blocked, id=9520, stack(0x000000793cf00000,0x000000793d000000) (1024K)]
  0x0000026cfd2c1e60 JavaThread "Cache worker for cache directory md-supplier (C:\Users\araba\.gradle\caches\8.10.2\md-supplier)"        [_thread_blocked, id=27468, stack(0x000000793d000000,0x000000793d100000) (1024K)]
  0x0000026cfd2c80d0 JavaThread "jar transforms"                    [_thread_blocked, id=30728, stack(0x000000793d200000,0x000000793d300000) (1024K)]
  0x0000026cfd2c8760 JavaThread "jar transforms Thread 2"           [_thread_blocked, id=10624, stack(0x000000793a500000,0x000000793a600000) (1024K)]
  0x0000026cfe11e7b0 JavaThread "jar transforms Thread 3"           [_thread_blocked, id=31116, stack(0x000000793d700000,0x000000793d800000) (1024K)]
  0x0000026cfe11b9c0 JavaThread "Unconstrained build operations"        [_thread_blocked, id=25756, stack(0x000000793b200000,0x000000793b300000) (1024K)]
  0x0000026cfe11cd70 JavaThread "Unconstrained build operations Thread 2"        [_thread_blocked, id=10448, stack(0x000000793d100000,0x000000793d200000) (1024K)]
  0x0000026cfc0affd0 JavaThread "Unconstrained build operations Thread 3"        [_thread_blocked, id=23580, stack(0x000000793d300000,0x000000793d400000) (1024K)]
  0x0000026cfc0af2b0 JavaThread "Unconstrained build operations Thread 4"        [_thread_blocked, id=31316, stack(0x000000793d400000,0x000000793d500000) (1024K)]
  0x0000026cfc0b0cf0 JavaThread "Unconstrained build operations Thread 5"        [_thread_blocked, id=30636, stack(0x000000793d500000,0x000000793d600000) (1024K)]
  0x0000026cfc0af940 JavaThread "Unconstrained build operations Thread 6"        [_thread_blocked, id=20276, stack(0x000000793d600000,0x000000793d700000) (1024K)]
  0x0000026cfc0b0660 JavaThread "Unconstrained build operations Thread 7"        [_thread_blocked, id=30700, stack(0x000000793d900000,0x000000793da00000) (1024K)]
  0x0000026cfc0b1380 JavaThread "Unconstrained build operations Thread 8"        [_thread_blocked, id=24012, stack(0x000000793da00000,0x000000793db00000) (1024K)]
  0x0000026cfc0b1a10 JavaThread "Unconstrained build operations Thread 9"        [_thread_blocked, id=25136, stack(0x000000793db00000,0x000000793dc00000) (1024K)]
  0x0000026cfc0ae590 JavaThread "Unconstrained build operations Thread 10"        [_thread_blocked, id=3132, stack(0x000000793dc00000,0x000000793dd00000) (1024K)]
  0x0000026cfc0b20a0 JavaThread "Unconstrained build operations Thread 11"        [_thread_blocked, id=30840, stack(0x000000793dd00000,0x000000793de00000) (1024K)]
  0x0000026cfc0aec20 JavaThread "Unconstrained build operations Thread 12"        [_thread_blocked, id=25068, stack(0x000000793de00000,0x000000793df00000) (1024K)]
  0x0000026cfc0b2730 JavaThread "Unconstrained build operations Thread 13"        [_thread_blocked, id=30656, stack(0x000000793df00000,0x000000793e000000) (1024K)]
  0x0000026cfc0b3450 JavaThread "Unconstrained build operations Thread 14"        [_thread_blocked, id=28664, stack(0x000000793e000000,0x000000793e100000) (1024K)]
  0x0000026cfc0b2dc0 JavaThread "Unconstrained build operations Thread 15"        [_thread_blocked, id=15196, stack(0x000000793e100000,0x000000793e200000) (1024K)]
  0x0000026cfc0b4800 JavaThread "Unconstrained build operations Thread 16"        [_thread_blocked, id=30804, stack(0x000000793e200000,0x000000793e300000) (1024K)]
  0x0000026cfc0b4e90 JavaThread "Unconstrained build operations Thread 17"        [_thread_blocked, id=31412, stack(0x000000793e300000,0x000000793e400000) (1024K)]
  0x0000026cfc0b3ae0 JavaThread "Unconstrained build operations Thread 18"        [_thread_blocked, id=26268, stack(0x000000793e400000,0x000000793e500000) (1024K)]
  0x0000026cfc0b4170 JavaThread "Unconstrained build operations Thread 19"        [_thread_blocked, id=12516, stack(0x000000793e500000,0x000000793e600000) (1024K)]
  0x0000026cfc0b5520 JavaThread "Unconstrained build operations Thread 20"        [_thread_blocked, id=21516, stack(0x000000793a800000,0x000000793a900000) (1024K)]
  0x0000026cfc0b5bb0 JavaThread "Unconstrained build operations Thread 21"        [_thread_blocked, id=4760, stack(0x000000793e600000,0x000000793e700000) (1024K)]
  0x0000026cfe11e120 JavaThread "Unconstrained build operations Thread 22"        [_thread_blocked, id=928, stack(0x000000793e700000,0x000000793e800000) (1024K)]
  0x0000026cd09b90c0 JavaThread "Unconstrained build operations Thread 23"        [_thread_blocked, id=9684, stack(0x000000793e800000,0x000000793e900000) (1024K)]
  0x0000026cd09ba470 JavaThread "Unconstrained build operations Thread 24"        [_thread_blocked, id=20416, stack(0x000000793e900000,0x000000793ea00000) (1024K)]
  0x0000026cd09bb820 JavaThread "Unconstrained build operations Thread 25"        [_thread_blocked, id=528, stack(0x000000793ea00000,0x000000793eb00000) (1024K)]
  0x0000026cd09bb190 JavaThread "Unconstrained build operations Thread 26"        [_thread_blocked, id=31236, stack(0x000000793eb00000,0x000000793ec00000) (1024K)]
  0x0000026cd09bab00 JavaThread "Unconstrained build operations Thread 27"        [_thread_blocked, id=31080, stack(0x000000793ec00000,0x000000793ed00000) (1024K)]
  0x0000026cd09bbeb0 JavaThread "Unconstrained build operations Thread 28"        [_thread_blocked, id=19916, stack(0x000000793ed00000,0x000000793ee00000) (1024K)]
  0x0000026cd09bc540 JavaThread "Unconstrained build operations Thread 29"        [_thread_blocked, id=21644, stack(0x000000793ee00000,0x000000793ef00000) (1024K)]
  0x0000026cd09bcbd0 JavaThread "Unconstrained build operations Thread 30"        [_thread_blocked, id=31352, stack(0x000000793ef00000,0x000000793f000000) (1024K)]
  0x0000026cd09b9750 JavaThread "Unconstrained build operations Thread 31"        [_thread_blocked, id=30732, stack(0x000000793f000000,0x000000793f100000) (1024K)]
  0x0000026cd09bd260 JavaThread "Unconstrained build operations Thread 32"        [_thread_blocked, id=26584, stack(0x000000793f200000,0x000000793f300000) (1024K)]
  0x0000026cd09b9de0 JavaThread "Unconstrained build operations Thread 33"        [_thread_blocked, id=30412, stack(0x000000793f300000,0x000000793f400000) (1024K)]
  0x0000026cd09bd8f0 JavaThread "Unconstrained build operations Thread 34"        [_thread_blocked, id=3300, stack(0x000000793f500000,0x000000793f600000) (1024K)]
  0x0000026cd09bdf80 JavaThread "Unconstrained build operations Thread 35"        [_thread_blocked, id=26296, stack(0x000000793f600000,0x000000793f700000) (1024K)]
  0x0000026cd09bf330 JavaThread "Unconstrained build operations Thread 36"        [_thread_blocked, id=23860, stack(0x000000793f700000,0x000000793f800000) (1024K)]
  0x0000026cd09beca0 JavaThread "Unconstrained build operations Thread 37"        [_thread_blocked, id=16200, stack(0x000000793f800000,0x000000793f900000) (1024K)]
  0x0000026cd09be610 JavaThread "Unconstrained build operations Thread 38"        [_thread_blocked, id=24540, stack(0x000000793f900000,0x000000793fa00000) (1024K)]
  0x0000026cd09bf9c0 JavaThread "Unconstrained build operations Thread 39"        [_thread_blocked, id=30460, stack(0x000000793fc00000,0x000000793fd00000) (1024K)]
  0x0000026cd09c06e0 JavaThread "Unconstrained build operations Thread 40"        [_thread_blocked, id=26700, stack(0x000000793fd00000,0x000000793fe00000) (1024K)]
  0x0000026cd09c0050 JavaThread "Unconstrained build operations Thread 41"        [_thread_blocked, id=3404, stack(0x000000793fe00000,0x000000793ff00000) (1024K)]
  0x0000026cd1225230 JavaThread "Unconstrained build operations Thread 42"        [_thread_blocked, id=4552, stack(0x000000793ff00000,0x0000007940000000) (1024K)]
  0x0000026cd12265e0 JavaThread "Unconstrained build operations Thread 43"        [_thread_blocked, id=30924, stack(0x0000007940000000,0x0000007940100000) (1024K)]
  0x0000026cd1227990 JavaThread "Unconstrained build operations Thread 44"        [_thread_blocked, id=30332, stack(0x0000007940100000,0x0000007940200000) (1024K)]
  0x0000026cd1224510 JavaThread "Unconstrained build operations Thread 45"        [_thread_blocked, id=7784, stack(0x0000007940200000,0x0000007940300000) (1024K)]
  0x0000026cd1226c70 JavaThread "Unconstrained build operations Thread 46"        [_thread_blocked, id=28924, stack(0x0000007940300000,0x0000007940400000) (1024K)]
  0x0000026cd1228020 JavaThread "Unconstrained build operations Thread 47"        [_thread_blocked, id=2040, stack(0x0000007940400000,0x0000007940500000) (1024K)]
  0x0000026cd1227300 JavaThread "Unconstrained build operations Thread 48"        [_thread_blocked, id=28260, stack(0x0000007940500000,0x0000007940600000) (1024K)]
  0x0000026cd12258c0 JavaThread "Unconstrained build operations Thread 49"        [_thread_blocked, id=29824, stack(0x0000007940600000,0x0000007940700000) (1024K)]
  0x0000026cd1224ba0 JavaThread "Unconstrained build operations Thread 50"        [_thread_blocked, id=29908, stack(0x0000007940700000,0x0000007940800000) (1024K)]
  0x0000026cd12286b0 JavaThread "Unconstrained build operations Thread 51"        [_thread_blocked, id=22236, stack(0x0000007940800000,0x0000007940900000) (1024K)]
  0x0000026cd1228d40 JavaThread "Unconstrained build operations Thread 52"        [_thread_blocked, id=30920, stack(0x0000007940900000,0x0000007940a00000) (1024K)]
  0x0000026cd12293d0 JavaThread "Unconstrained build operations Thread 53"        [_thread_blocked, id=27128, stack(0x0000007940a00000,0x0000007940b00000) (1024K)]
  0x0000026cd1225f50 JavaThread "Unconstrained build operations Thread 54"        [_thread_blocked, id=15856, stack(0x0000007940b00000,0x0000007940c00000) (1024K)]
  0x0000026cd1229a60 JavaThread "Unconstrained build operations Thread 55"        [_thread_blocked, id=7976, stack(0x0000007940c00000,0x0000007940d00000) (1024K)]
  0x0000026cd122a0f0 JavaThread "Unconstrained build operations Thread 56"        [_thread_blocked, id=29444, stack(0x0000007940d00000,0x0000007940e00000) (1024K)]
  0x0000026cd122a780 JavaThread "Unconstrained build operations Thread 57"        [_thread_blocked, id=27420, stack(0x0000007940e00000,0x0000007940f00000) (1024K)]
  0x0000026cd148c0f0 JavaThread "jar transforms Thread 4"           [_thread_blocked, id=26724, stack(0x0000007941200000,0x0000007941300000) (1024K)]
  0x0000026cd1490920 JavaThread "jar transforms Thread 5"           [_thread_blocked, id=30784, stack(0x0000007941300000,0x0000007941400000) (1024K)]
  0x0000026cd2e863c0 JavaThread "Memory manager"                    [_thread_blocked, id=31320, stack(0x0000007941400000,0x0000007941500000) (1024K)]
  0x0000026cd4dd4240 JavaThread "build event listener"              [_thread_blocked, id=17360, stack(0x000000793fb00000,0x000000793fc00000) (1024K)]
  0x0000026cd3e96570 JavaThread "jar transforms Thread 6"           [_thread_blocked, id=31100, stack(0x0000007941000000,0x0000007941100000) (1024K)]
  0x0000026cd3e97920 JavaThread "jar transforms Thread 7"           [_thread_blocked, id=15132, stack(0x0000007941100000,0x0000007941200000) (1024K)]
  0x0000026cdb83f250 JavaThread "jar transforms Thread 8"           [_thread_blocked, id=29928, stack(0x0000007941500000,0x0000007941600000) (1024K)]
  0x0000026cd148e1c0 JavaThread "included builds"                   [_thread_blocked, id=26344, stack(0x0000007940f00000,0x0000007941000000) (1024K)]
  0x0000026cd148d4a0 JavaThread "Execution worker"                  [_thread_blocked, id=26896, stack(0x0000007941600000,0x0000007941700000) (1024K)]
  0x0000026cd148fc00 JavaThread "Execution worker Thread 2"         [_thread_blocked, id=3180, stack(0x0000007941700000,0x0000007941800000) (1024K)]
  0x0000026cd1491cd0 JavaThread "Execution worker Thread 3"         [_thread_blocked, id=18292, stack(0x0000007941800000,0x0000007941900000) (1024K)]
  0x0000026cd1492360 JavaThread "Execution worker Thread 4"         [_thread_in_native, id=26496, stack(0x0000007941900000,0x0000007941a00000) (1024K)]
  0x0000026cd1490fb0 JavaThread "Execution worker Thread 5"         [_thread_blocked, id=31396, stack(0x0000007941a00000,0x0000007941b00000) (1024K)]
  0x0000026cd14929f0 JavaThread "Execution worker Thread 6"         [_thread_blocked, id=9392, stack(0x0000007941b00000,0x0000007941c00000) (1024K)]
  0x0000026cd1491640 JavaThread "Execution worker Thread 7"         [_thread_blocked, id=29060, stack(0x0000007941c00000,0x0000007941d00000) (1024K)]
  0x0000026cd1493080 JavaThread "Execution worker Thread 8"         [_thread_blocked, id=17324, stack(0x0000007941d00000,0x0000007941e00000) (1024K)]
  0x0000026cd1493710 JavaThread "Execution worker Thread 9"         [_thread_blocked, id=23232, stack(0x0000007941e00000,0x0000007941f00000) (1024K)]
  0x0000026cdb83f8e0 JavaThread "Execution worker Thread 10"        [_thread_blocked, id=26864, stack(0x0000007941f00000,0x0000007942000000) (1024K)]
  0x0000026cdb842040 JavaThread "Execution worker Thread 11"        [_thread_blocked, id=31480, stack(0x0000007942000000,0x0000007942100000) (1024K)]
  0x0000026cdb8447a0 JavaThread "Execution worker Thread 12"        [_thread_blocked, id=20324, stack(0x0000007942100000,0x0000007942200000) (1024K)]
  0x0000026cdb8426d0 JavaThread "Execution worker Thread 13"        [_thread_blocked, id=18856, stack(0x0000007942200000,0x0000007942300000) (1024K)]
  0x0000026cdb8419b0 JavaThread "Execution worker Thread 14"        [_thread_blocked, id=21840, stack(0x0000007942300000,0x0000007942400000) (1024K)]
  0x0000026cdb843a80 JavaThread "Execution worker Thread 15"        [_thread_blocked, id=31400, stack(0x0000007942400000,0x0000007942500000) (1024K)]
  0x0000026cdb8433f0 JavaThread "Execution worker Thread 16"        [_thread_blocked, id=29760, stack(0x0000007942500000,0x0000007942600000) (1024K)]
  0x0000026cdb842d60 JavaThread "Execution worker Thread 17"        [_thread_blocked, id=18424, stack(0x0000007942600000,0x0000007942700000) (1024K)]
  0x0000026cdb841320 JavaThread "Execution worker Thread 18"        [_thread_blocked, id=13188, stack(0x0000007942700000,0x0000007942800000) (1024K)]
  0x0000026cdb844110 JavaThread "Execution worker Thread 19"        [_thread_blocked, id=30748, stack(0x0000007942800000,0x0000007942900000) (1024K)]
  0x0000026cdb847590 JavaThread "Cache worker for execution history cache (D:\IQOO Hackathon\DevLens_New_Version\.gradle\8.10.2\executionHistory)"        [_thread_blocked, id=26252, stack(0x0000007942900000,0x0000007942a00000) (1024K)]
  0x0000026cdb8461e0 JavaThread "Unconstrained build operations Thread 58"        [_thread_blocked, id=28860, stack(0x000000793fa00000,0x000000793fb00000) (1024K)]
  0x0000026cdb846f00 JavaThread "Unconstrained build operations Thread 59"        [_thread_blocked, id=16248, stack(0x0000007942a00000,0x0000007942b00000) (1024K)]
  0x0000026cdb8482b0 JavaThread "Unconstrained build operations Thread 60"        [_thread_blocked, id=16008, stack(0x0000007942b00000,0x0000007942c00000) (1024K)]
  0x0000026cdb847c20 JavaThread "Unconstrained build operations Thread 61"        [_thread_blocked, id=8504, stack(0x0000007942c00000,0x0000007942d00000) (1024K)]
  0x0000026cdb8454c0 JavaThread "Unconstrained build operations Thread 62"        [_thread_blocked, id=30436, stack(0x0000007942d00000,0x0000007942e00000) (1024K)]
  0x0000026cdb846870 JavaThread "Unconstrained build operations Thread 63"        [_thread_blocked, id=23724, stack(0x0000007942e00000,0x0000007942f00000) (1024K)]
  0x0000026cdb845b50 JavaThread "Unconstrained build operations Thread 64"        [_thread_blocked, id=30544, stack(0x0000007942f00000,0x0000007943000000) (1024K)]
  0x0000026cdb844e30 JavaThread "Unconstrained build operations Thread 65"        [_thread_blocked, id=31488, stack(0x0000007943000000,0x0000007943100000) (1024K)]
  0x0000026cdb84aa10 JavaThread "Unconstrained build operations Thread 66"        [_thread_blocked, id=29592, stack(0x0000007943100000,0x0000007943200000) (1024K)]
  0x0000026cdb848940 JavaThread "Unconstrained build operations Thread 67"        [_thread_blocked, id=25936, stack(0x0000007943200000,0x0000007943300000) (1024K)]
  0x0000026cdb849cf0 JavaThread "Unconstrained build operations Thread 68"        [_thread_blocked, id=22912, stack(0x0000007943300000,0x0000007943400000) (1024K)]
  0x0000026cdb84b0a0 JavaThread "Unconstrained build operations Thread 69"        [_thread_blocked, id=29732, stack(0x0000007943400000,0x0000007943500000) (1024K)]
  0x0000026cdb84b730 JavaThread "Unconstrained build operations Thread 70"        [_thread_blocked, id=26552, stack(0x0000007943500000,0x0000007943600000) (1024K)]
  0x0000026cdb84bdc0 JavaThread "Unconstrained build operations Thread 71"        [_thread_blocked, id=24044, stack(0x0000007943600000,0x0000007943700000) (1024K)]
  0x0000026cdb848fd0 JavaThread "Unconstrained build operations Thread 72"        [_thread_blocked, id=20956, stack(0x0000007943700000,0x0000007943800000) (1024K)]
  0x0000026cdb84a380 JavaThread "Unconstrained build operations Thread 73"        [_thread_blocked, id=18712, stack(0x0000007943800000,0x0000007943900000) (1024K)]
  0x0000026cdb84c450 JavaThread "Unconstrained build operations Thread 74"        [_thread_blocked, id=9252, stack(0x0000007943900000,0x0000007943a00000) (1024K)]
  0x0000026cdb84e520 JavaThread "Unconstrained build operations Thread 75"        [_thread_blocked, id=19728, stack(0x0000007939200000,0x0000007939300000) (1024K)]
  0x0000026cdb84d170 JavaThread "Unconstrained build operations Thread 76"        [_thread_blocked, id=23644, stack(0x000000793f400000,0x000000793f500000) (1024K)]
  0x0000026cdb84de90 JavaThread "Unconstrained build operations Thread 77"        [_thread_blocked, id=30396, stack(0x0000007943a00000,0x0000007943b00000) (1024K)]
  0x0000026cdb84d800 JavaThread "Unconstrained build operations Thread 78"        [_thread_blocked, id=8308, stack(0x0000007943b00000,0x0000007943c00000) (1024K)]
  0x0000026cd4dd48d0 JavaThread "Unconstrained build operations Thread 79"        [_thread_blocked, id=10384, stack(0x0000007943c00000,0x0000007943d00000) (1024K)]
  0x0000026cd4dd1ae0 JavaThread "Unconstrained build operations Thread 80"        [_thread_blocked, id=15888, stack(0x0000007939100000,0x0000007939200000) (1024K)]
  0x0000026cd4dd8a70 JavaThread "Unconstrained build operations Thread 81"        [_thread_blocked, id=30724, stack(0x000000793f100000,0x000000793f200000) (1024K)]
  0x0000026cd4dd83e0 JavaThread "Unconstrained build operations Thread 82"        [_thread_blocked, id=31196, stack(0x0000007943d00000,0x0000007943e00000) (1024K)]
  0x0000026cd4dd55f0 JavaThread "Unconstrained build operations Thread 83"        [_thread_blocked, id=16348, stack(0x0000007943e00000,0x0000007943f00000) (1024K)]
  0x0000026cd4dd7030 JavaThread "Unconstrained build operations Thread 84"        [_thread_blocked, id=29140, stack(0x0000007943f00000,0x0000007944000000) (1024K)]
  0x0000026cd4dd9100 JavaThread "Unconstrained build operations Thread 85"        [_thread_blocked, id=11328, stack(0x0000007944000000,0x0000007944100000) (1024K)]
  0x0000026cd4dd7d50 JavaThread "Unconstrained build operations Thread 86"        [_thread_blocked, id=26208, stack(0x0000007944100000,0x0000007944200000) (1024K)]
  0x0000026cd4dd76c0 JavaThread "Unconstrained build operations Thread 87"        [_thread_blocked, id=29196, stack(0x0000007944200000,0x0000007944300000) (1024K)]
  0x0000026cd4dd5c80 JavaThread "Unconstrained build operations Thread 88"        [_thread_blocked, id=30760, stack(0x0000007944300000,0x0000007944400000) (1024K)]
  0x0000026cd4dd6310 JavaThread "Unconstrained build operations Thread 89"        [_thread_blocked, id=31504, stack(0x0000007944400000,0x0000007944500000) (1024K)]
  0x0000026cd4dd69a0 JavaThread "Unconstrained build operations Thread 90"        [_thread_blocked, id=27616, stack(0x0000007944500000,0x0000007944600000) (1024K)]
  0x0000026cd2e85d30 JavaThread "Unconstrained build operations Thread 91"        [_thread_blocked, id=27572, stack(0x0000007944600000,0x0000007944700000) (1024K)]
  0x0000026cd2e86a50 JavaThread "Unconstrained build operations Thread 92"        [_thread_blocked, id=30764, stack(0x0000007944700000,0x0000007944800000) (1024K)]
  0x0000026cd2e835d0 JavaThread "Unconstrained build operations Thread 93"        [_thread_blocked, id=27396, stack(0x0000007944800000,0x0000007944900000) (1024K)]
  0x0000026cd2e870e0 JavaThread "Unconstrained build operations Thread 94"        [_thread_blocked, id=29956, stack(0x000000793a400000,0x000000793a500000) (1024K)]
  0x0000026cd2e83c60 JavaThread "Unconstrained build operations Thread 95"        [_thread_blocked, id=7952, stack(0x000000793a900000,0x000000793aa00000) (1024K)]
  0x0000026cd2e89ed0 JavaThread "Unconstrained build operations Thread 96"        [_thread_blocked, id=21704, stack(0x0000007944900000,0x0000007944a00000) (1024K)]
  0x0000026cd2e88b20 JavaThread "Unconstrained build operations Thread 97"        [_thread_blocked, id=27240, stack(0x0000007944a00000,0x0000007944b00000) (1024K)]
  0x0000026cd2e87770 JavaThread "Unconstrained build operations Thread 98"        [_thread_blocked, id=21412, stack(0x0000007944b00000,0x0000007944c00000) (1024K)]
  0x0000026cd2e8abf0 JavaThread "Unconstrained build operations Thread 99"        [_thread_blocked, id=28928, stack(0x0000007944c00000,0x0000007944d00000) (1024K)]
  0x0000026cd2e8a560 JavaThread "Unconstrained build operations Thread 100"        [_thread_blocked, id=1784, stack(0x0000007944d00000,0x0000007944e00000) (1024K)]
  0x0000026cd3e9a710 JavaThread "Unconstrained build operations Thread 101"        [_thread_blocked, id=25964, stack(0x0000007944e00000,0x0000007944f00000) (1024K)]
  0x0000026cd3e9a080 JavaThread "Unconstrained build operations Thread 102"        [_thread_blocked, id=28748, stack(0x0000007944f00000,0x0000007945000000) (1024K)]
  0x0000026cd3e97fb0 JavaThread "Unconstrained build operations Thread 103"        [_thread_blocked, id=28224, stack(0x0000007945000000,0x0000007945100000) (1024K)]
  0x0000026cd3e98640 JavaThread "Unconstrained build operations Thread 104"        [_thread_blocked, id=26048, stack(0x0000007945300000,0x0000007945400000) (1024K)]
  0x0000026cd3e98cd0 JavaThread "Unconstrained build operations Thread 105"        [_thread_blocked, id=21396, stack(0x0000007945400000,0x0000007945500000) (1024K)]
  0x0000026cd3e99360 JavaThread "Unconstrained build operations Thread 106"        [_thread_blocked, id=24464, stack(0x0000007945500000,0x0000007945600000) (1024K)]
  0x0000026cd3e999f0 JavaThread "Unconstrained build operations Thread 107"        [_thread_blocked, id=20756, stack(0x0000007945600000,0x0000007945700000) (1024K)]
  0x0000026cd33aa510 JavaThread "Unconstrained build operations Thread 108"        [_thread_blocked, id=30832, stack(0x0000007945100000,0x0000007945200000) (1024K)]
  0x0000026cd33a97f0 JavaThread "Unconstrained build operations Thread 109"        [_thread_blocked, id=25604, stack(0x0000007945200000,0x0000007945300000) (1024K)]
  0x0000026cd33a8ad0 JavaThread "Unconstrained build operations Thread 110"        [_thread_blocked, id=24716, stack(0x0000007945700000,0x0000007945800000) (1024K)]
  0x0000026cd33aaba0 JavaThread "Unconstrained build operations Thread 111"        [_thread_blocked, id=16760, stack(0x0000007945800000,0x0000007945900000) (1024K)]
  0x0000026cd33a7db0 JavaThread "Unconstrained build operations Thread 112"        [_thread_blocked, id=29768, stack(0x0000007945900000,0x0000007945a00000) (1024K)]
  0x0000026cd33ab8c0 JavaThread "Unconstrained build operations Thread 113"        [_thread_blocked, id=7464, stack(0x0000007945a00000,0x0000007945b00000) (1024K)]
  0x0000026cd33abf50 JavaThread "Unconstrained build operations Thread 114"        [_thread_blocked, id=14744, stack(0x0000007945b00000,0x0000007945c00000) (1024K)]
  0x0000026cd33a9160 JavaThread "Unconstrained build operations Thread 115"        [_thread_blocked, id=15524, stack(0x0000007945c00000,0x0000007945d00000) (1024K)]
  0x0000026cd33ac5e0 JavaThread "Unconstrained build operations Thread 116"        [_thread_blocked, id=21200, stack(0x0000007945d00000,0x0000007945e00000) (1024K)]
  0x0000026cd33acc70 JavaThread "Unconstrained build operations Thread 117"        [_thread_blocked, id=14840, stack(0x0000007945e00000,0x0000007945f00000) (1024K)]
  0x0000026cd33ad300 JavaThread "Unconstrained build operations Thread 118"        [_thread_blocked, id=29120, stack(0x0000007945f00000,0x0000007946000000) (1024K)]
  0x0000026cd33ad990 JavaThread "Unconstrained build operations Thread 119"        [_thread_blocked, id=24904, stack(0x0000007946000000,0x0000007946100000) (1024K)]
  0x0000026cd32e9db0 JavaThread "Unconstrained build operations Thread 120"        [_thread_blocked, id=25664, stack(0x0000007946100000,0x0000007946200000) (1024K)]
  0x0000026cd32e9090 JavaThread "Unconstrained build operations Thread 121"        [_thread_blocked, id=17936, stack(0x0000007946200000,0x0000007946300000) (1024K)]
  0x0000026cd32ea440 JavaThread "Unconstrained build operations Thread 122"        [_thread_blocked, id=21552, stack(0x0000007946500000,0x0000007946600000) (1024K)]
  0x0000026cd32eb160 JavaThread "Unconstrained build operations Thread 123"        [_thread_blocked, id=23656, stack(0x0000007946600000,0x0000007946700000) (1024K)]
  0x0000026cd32e9720 JavaThread "Unconstrained build operations Thread 124"        [_thread_blocked, id=29932, stack(0x0000007946700000,0x0000007946800000) (1024K)]
  0x0000026cd32ec510 JavaThread "Unconstrained build operations Thread 125"        [_thread_blocked, id=29980, stack(0x0000007946300000,0x0000007946400000) (1024K)]
  0x0000026cd32ecba0 JavaThread "Unconstrained build operations Thread 126"        [_thread_blocked, id=22956, stack(0x0000007946400000,0x0000007946500000) (1024K)]
  0x0000026cd32ed8c0 JavaThread "Unconstrained build operations Thread 127"        [_thread_blocked, id=27136, stack(0x0000007946800000,0x0000007946900000) (1024K)]
  0x0000026cd32eb7f0 JavaThread "Unconstrained build operations Thread 128"        [_thread_blocked, id=2920, stack(0x0000007946900000,0x0000007946a00000) (1024K)]
  0x0000026cd32ebe80 JavaThread "Unconstrained build operations Thread 129"        [_thread_blocked, id=27316, stack(0x0000007946a00000,0x0000007946b00000) (1024K)]
  0x0000026cd32ed230 JavaThread "Unconstrained build operations Thread 130"        [_thread_blocked, id=23764, stack(0x0000007946b00000,0x0000007946c00000) (1024K)]
  0x0000026cd32edf50 JavaThread "Unconstrained build operations Thread 131"        [_thread_blocked, id=17580, stack(0x0000007946c00000,0x0000007946d00000) (1024K)]
  0x0000026cd32eaad0 JavaThread "Unconstrained build operations Thread 132"        [_thread_blocked, id=30228, stack(0x0000007946d00000,0x0000007946e00000) (1024K)]
  0x0000026cd32eec70 JavaThread "Unconstrained build operations Thread 133"        [_thread_blocked, id=12280, stack(0x0000007946e00000,0x0000007946f00000) (1024K)]
  0x0000026cd6c33bf0 JavaThread "C1 CompilerThread1"         daemon [_thread_blocked, id=28584, stack(0x0000007946f00000,0x0000007947000000) (1024K)]
  0x0000026cd6c34990 JavaThread "C1 CompilerThread2"         daemon [_thread_blocked, id=31568, stack(0x0000007939000000,0x0000007939100000) (1024K)]
  0x0000026cd6c31310 JavaThread "C1 CompilerThread3"         daemon [_thread_blocked, id=31540, stack(0x000000793a300000,0x000000793a400000) (1024K)]
  0x0000026cd6c35060 JavaThread "C2 CompilerThread1"         daemon [_thread_blocked, id=29472, stack(0x0000007947000000,0x0000007947100000) (1024K)]
  0x0000026cd6c319e0 JavaThread "C2 CompilerThread2"         daemon [_thread_blocked, id=3984, stack(0x0000007947100000,0x0000007947200000) (1024K)]
  0x0000026cd32f0d40 JavaThread "Unconstrained build operations Thread 134"        [_thread_in_native, id=25360, stack(0x0000007947200000,0x0000007947300000) (1024K)]
  0x0000026cd32f13d0 JavaThread "Unconstrained build operations Thread 135"        [_thread_in_native, id=31184, stack(0x0000007947300000,0x0000007947400000) (1024K)]
  0x0000026cd32f1a60 JavaThread "Unconstrained build operations Thread 136"        [_thread_in_native, id=26408, stack(0x0000007947400000,0x0000007947500000) (1024K)]
  0x0000026cd32ee5e0 JavaThread "Unconstrained build operations Thread 137"        [_thread_in_native, id=26548, stack(0x0000007947500000,0x0000007947600000) (1024K)]
  0x0000026cd32f20f0 JavaThread "Unconstrained build operations Thread 138"        [_thread_in_native, id=6032, stack(0x0000007947600000,0x0000007947700000) (1024K)]
  0x0000026cd32f2e10 JavaThread "Unconstrained build operations Thread 139"        [_thread_in_native, id=10284, stack(0x0000007947700000,0x0000007947800000) (1024K)]
  0x0000026cd32f4ee0 JavaThread "Unconstrained build operations Thread 140"        [_thread_in_native, id=29716, stack(0x0000007947800000,0x0000007947900000) (1024K)]
  0x0000026cd32f2780 JavaThread "Unconstrained build operations Thread 141"        [_thread_in_native, id=29756, stack(0x0000007947900000,0x0000007947a00000) (1024K)]
  0x0000026cd32ef990 JavaThread "Unconstrained build operations Thread 142"        [_thread_in_native, id=29764, stack(0x0000007947a00000,0x0000007947b00000) (1024K)]
  0x0000026cd32f3b30 JavaThread "Unconstrained build operations Thread 143"        [_thread_in_native, id=31428, stack(0x0000007947b00000,0x0000007947c00000) (1024K)]
  0x0000026cd32f34a0 JavaThread "Unconstrained build operations Thread 144"        [_thread_in_native, id=30188, stack(0x0000007947c00000,0x0000007947d00000) (1024K)]
  0x0000026cd32f6290 JavaThread "Unconstrained build operations Thread 145"        [_thread_in_native, id=27356, stack(0x0000007947d00000,0x0000007947e00000) (1024K)]
  0x0000026cd32f6fb0 JavaThread "Unconstrained build operations Thread 146"        [_thread_in_native, id=12180, stack(0x0000007947e00000,0x0000007947f00000) (1024K)]
  0x0000026cd32f6920 JavaThread "Unconstrained build operations Thread 147"        [_thread_in_native, id=22200, stack(0x0000007947f00000,0x0000007948000000) (1024K)]
  0x0000026cd32f7640 JavaThread "Unconstrained build operations Thread 148"        [_thread_in_native, id=15476, stack(0x0000007948000000,0x0000007948100000) (1024K)]
  0x0000026cd32f41c0 JavaThread "Unconstrained build operations Thread 149"        [_thread_in_native, id=29888, stack(0x0000007948100000,0x0000007948200000) (1024K)]
  0x0000026cd32f4850 JavaThread "Unconstrained build operations Thread 150"        [_thread_in_native, id=17832, stack(0x0000007948200000,0x0000007948300000) (1024K)]
  0x0000026cd32f7cd0 JavaThread "Unconstrained build operations Thread 151"        [_thread_in_native, id=10796, stack(0x0000007948300000,0x0000007948400000) (1024K)]
  0x0000026cd32f8360 JavaThread "Unconstrained build operations Thread 152"        [_thread_in_native, id=28972, stack(0x0000007948400000,0x0000007948500000) (1024K)]
Total: 220

Other Threads:
  0x0000026cf68e2b00 VMThread "VM Thread"                           [id=5916, stack(0x0000007939a00000,0x0000007939b00000) (1024K)]
  0x0000026cf69eca00 WatcherThread "VM Periodic Task Thread"        [id=16736, stack(0x0000007939900000,0x0000007939a00000) (1024K)]
  0x0000026ce9b51d00 WorkerThread "GC Thread#0"                     [id=23144, stack(0x0000007939400000,0x0000007939500000) (1024K)]
  0x0000026cfb7d98c0 WorkerThread "GC Thread#1"                     [id=26648, stack(0x000000793aa00000,0x000000793ab00000) (1024K)]
  0x0000026cfb7d9c70 WorkerThread "GC Thread#2"                     [id=23004, stack(0x000000793ab00000,0x000000793ac00000) (1024K)]
  0x0000026cfb755270 WorkerThread "GC Thread#3"                     [id=28368, stack(0x000000793ac00000,0x000000793ad00000) (1024K)]
  0x0000026cfb755620 WorkerThread "GC Thread#4"                     [id=27288, stack(0x000000793ad00000,0x000000793ae00000) (1024K)]
  0x0000026cfbaebe10 WorkerThread "GC Thread#5"                     [id=22012, stack(0x000000793ae00000,0x000000793af00000) (1024K)]
  0x0000026cfbaec1c0 WorkerThread "GC Thread#6"                     [id=21056, stack(0x000000793af00000,0x000000793b000000) (1024K)]
  0x0000026cfbaec980 WorkerThread "GC Thread#7"                     [id=23808, stack(0x000000793b000000,0x000000793b100000) (1024K)]
  0x0000026cfb2d4440 WorkerThread "GC Thread#8"                     [id=18708, stack(0x000000793b100000,0x000000793b200000) (1024K)]
  0x0000026cfd1f96b0 WorkerThread "GC Thread#9"                     [id=25476, stack(0x000000793c000000,0x000000793c100000) (1024K)]
  0x0000026cfd1facd0 WorkerThread "GC Thread#10"                    [id=12292, stack(0x000000793c100000,0x000000793c200000) (1024K)]
  0x0000026cfd1f9e10 WorkerThread "GC Thread#11"                    [id=29200, stack(0x000000793c200000,0x000000793c300000) (1024K)]
  0x0000026cfd1fce00 WorkerThread "GC Thread#12"                    [id=27500, stack(0x000000793c300000,0x000000793c400000) (1024K)]
  0x0000026cfd1f9a60 WorkerThread "GC Thread#13"                    [id=24120, stack(0x000000793c400000,0x000000793c500000) (1024K)]
  0x0000026cfd1fd1b0 WorkerThread "GC Thread#14"                    [id=9680, stack(0x000000793c500000,0x000000793c600000) (1024K)]
  0x0000026ce9b56c00 ConcurrentGCThread "G1 Main Marker"            [id=26356, stack(0x0000007939500000,0x0000007939600000) (1024K)]
  0x0000026ce764a620 WorkerThread "G1 Conc#0"                       [id=8236, stack(0x0000007939600000,0x0000007939700000) (1024K)]
  0x0000026cfd1fa1c0 WorkerThread "G1 Conc#1"                       [id=14660, stack(0x000000793c600000,0x000000793c700000) (1024K)]
  0x0000026cfd1fa920 WorkerThread "G1 Conc#2"                       [id=2232, stack(0x000000793c700000,0x000000793c800000) (1024K)]
  0x0000026cfd1fb080 WorkerThread "G1 Conc#3"                       [id=29340, stack(0x000000793c800000,0x000000793c900000) (1024K)]
  0x0000026cf6883ab0 ConcurrentGCThread "G1 Refine#0"               [id=4916, stack(0x0000007939700000,0x0000007939800000) (1024K)]
  0x0000026cf6887f10 ConcurrentGCThread "G1 Service"                [id=23528, stack(0x0000007939800000,0x0000007939900000) (1024K)]
Total: 24

Threads with active compile tasks:
C2 CompilerThread0  135393 20446 %     4       org.gradle.api.internal.artifacts.repositories.PatternHelper::substituteTokens @ 148 (700 bytes)
Total: 1

VM state: not at safepoint (normal execution)

VM Mutex/Monitor currently owned by a thread: None

Heap address: 0x00000000e0000000, size: 512 MB, Compressed Oops mode: 32-bit

CDS archive(s) mapped at: [0x0000026c8f000000-0x0000026c8fc80000-0x0000026c8fc80000), size 13107200, SharedBaseAddress: 0x0000026c8f000000, ArchiveRelocationMode: 1.
Compressed class space mapped at: 0x0000026c90000000-0x0000026cd0000000, reserved size: 1073741824
Narrow klass base: 0x0000026c8f000000, Narrow klass shift: 0, Narrow klass range: 0x100000000

GC Precious Log:
 CardTable entry size: 512
 Card Set container configuration: InlinePtr #cards 5 size 8 Array Of Cards #cards 12 size 40 Howl #buckets 4 coarsen threshold 1843 Howl Bitmap #cards 512 size 80 coarsen threshold 460 Card regions per heap region 1 cards per card region 2048
 CPUs: 20 total, 20 available
 Memory: 24283M
 Large Page Support: Disabled
 NUMA Support: Disabled
 Compressed Oops: Enabled (32-bit)
 Heap Region Size: 1M
 Heap Min Capacity: 8M
 Heap Initial Capacity: 380M
 Heap Max Capacity: 512M
 Pre-touch: Disabled
 Parallel Workers: 15
 Concurrent Workers: 4
 Concurrent Refinement Workers: 15
 Periodic GC: Disabled

Heap:
 garbage-first heap   total 288768K, used 230943K [0x00000000e0000000, 0x0000000100000000)
  region size 1024K, 69 young (70656K), 10 survivors (10240K)
 Metaspace       used 117052K, committed 119296K, reserved 1179648K
  class space    used 15976K, committed 17088K, reserved 1048576K

Heap Regions: E=young(eden), S=young(survivor), O=old, HS=humongous(starts), HC=humongous(continues), CS=collection set, F=free, TAMS=top-at-mark-start, PB=parsable bottom
|   0|0x00000000e0000000, 0x00000000e0100000, 0x00000000e0100000|100%|HS|  |TAMS 0x00000000e0000000| PB 0x00000000e0000000| Complete 
|   1|0x00000000e0100000, 0x00000000e0200000, 0x00000000e0200000|100%|HC|  |TAMS 0x00000000e0100000| PB 0x00000000e0100000| Complete 
|   2|0x00000000e0200000, 0x00000000e0300000, 0x00000000e0300000|100%|HC|  |TAMS 0x00000000e0200000| PB 0x00000000e0200000| Complete 
|   3|0x00000000e0300000, 0x00000000e0400000, 0x00000000e0400000|100%|HC|  |TAMS 0x00000000e0300000| PB 0x00000000e0300000| Complete 
|   4|0x00000000e0400000, 0x00000000e0500000, 0x00000000e0500000|100%| O|  |TAMS 0x00000000e0400000| PB 0x00000000e0400000| Untracked 
|   5|0x00000000e0500000, 0x00000000e0600000, 0x00000000e0600000|100%| O|  |TAMS 0x00000000e0500000| PB 0x00000000e0500000| Untracked 
|   6|0x00000000e0600000, 0x00000000e0700000, 0x00000000e0700000|100%| O|  |TAMS 0x00000000e0600000| PB 0x00000000e0600000| Untracked 
|   7|0x00000000e0700000, 0x00000000e0800000, 0x00000000e0800000|100%| O|  |TAMS 0x00000000e0700000| PB 0x00000000e0700000| Untracked 
|   8|0x00000000e0800000, 0x00000000e0900000, 0x00000000e0900000|100%| O|  |TAMS 0x00000000e0800000| PB 0x00000000e0800000| Untracked 
|   9|0x00000000e0900000, 0x00000000e0a00000, 0x00000000e0a00000|100%| O|  |TAMS 0x00000000e0900000| PB 0x00000000e0900000| Untracked 
|  10|0x00000000e0a00000, 0x00000000e0b00000, 0x00000000e0b00000|100%|HS|  |TAMS 0x00000000e0a00000| PB 0x00000000e0a00000| Complete 
|  11|0x00000000e0b00000, 0x00000000e0c00000, 0x00000000e0c00000|100%| O|  |TAMS 0x00000000e0b00000| PB 0x00000000e0b00000| Untracked 
|  12|0x00000000e0c00000, 0x00000000e0d00000, 0x00000000e0d00000|100%| O|  |TAMS 0x00000000e0c00000| PB 0x00000000e0c00000| Untracked 
|  13|0x00000000e0d00000, 0x00000000e0e00000, 0x00000000e0e00000|100%| O|  |TAMS 0x00000000e0d00000| PB 0x00000000e0d00000| Untracked 
|  14|0x00000000e0e00000, 0x00000000e0f00000, 0x00000000e0f00000|100%| O|  |TAMS 0x00000000e0e00000| PB 0x00000000e0e00000| Untracked 
|  15|0x00000000e0f00000, 0x00000000e1000000, 0x00000000e1000000|100%| O|  |TAMS 0x00000000e0f00000| PB 0x00000000e0f00000| Untracked 
|  16|0x00000000e1000000, 0x00000000e1100000, 0x00000000e1100000|100%| O|  |TAMS 0x00000000e1000000| PB 0x00000000e1000000| Untracked 
|  17|0x00000000e1100000, 0x00000000e1200000, 0x00000000e1200000|100%| O|  |TAMS 0x00000000e1100000| PB 0x00000000e1100000| Untracked 
|  18|0x00000000e1200000, 0x00000000e1300000, 0x00000000e1300000|100%| O|  |TAMS 0x00000000e1200000| PB 0x00000000e1200000| Untracked 
|  19|0x00000000e1300000, 0x00000000e1400000, 0x00000000e1400000|100%| O|  |TAMS 0x00000000e1300000| PB 0x00000000e1300000| Untracked 
|  20|0x00000000e1400000, 0x00000000e1500000, 0x00000000e1500000|100%| O|  |TAMS 0x00000000e1400000| PB 0x00000000e1400000| Untracked 
|  21|0x00000000e1500000, 0x00000000e1600000, 0x00000000e1600000|100%| O|  |TAMS 0x00000000e1500000| PB 0x00000000e1500000| Untracked 
|  22|0x00000000e1600000, 0x00000000e1700000, 0x00000000e1700000|100%| O|  |TAMS 0x00000000e1600000| PB 0x00000000e1600000| Untracked 
|  23|0x00000000e1700000, 0x00000000e1800000, 0x00000000e1800000|100%| O|  |TAMS 0x00000000e1700000| PB 0x00000000e1700000| Untracked 
|  24|0x00000000e1800000, 0x00000000e1900000, 0x00000000e1900000|100%| O|  |TAMS 0x00000000e1800000| PB 0x00000000e1800000| Untracked 
|  25|0x00000000e1900000, 0x00000000e1a00000, 0x00000000e1a00000|100%| O|  |TAMS 0x00000000e1900000| PB 0x00000000e1900000| Untracked 
|  26|0x00000000e1a00000, 0x00000000e1b00000, 0x00000000e1b00000|100%| O|  |TAMS 0x00000000e1a00000| PB 0x00000000e1a00000| Untracked 
|  27|0x00000000e1b00000, 0x00000000e1c00000, 0x00000000e1c00000|100%| O|  |TAMS 0x00000000e1b00000| PB 0x00000000e1b00000| Untracked 
|  28|0x00000000e1c00000, 0x00000000e1d00000, 0x00000000e1d00000|100%| O|  |TAMS 0x00000000e1c00000| PB 0x00000000e1c00000| Untracked 
|  29|0x00000000e1d00000, 0x00000000e1e00000, 0x00000000e1e00000|100%| O|  |TAMS 0x00000000e1d00000| PB 0x00000000e1d00000| Untracked 
|  30|0x00000000e1e00000, 0x00000000e1e00000, 0x00000000e1f00000|  0%| F|  |TAMS 0x00000000e1e00000| PB 0x00000000e1e00000| Untracked 
|  31|0x00000000e1f00000, 0x00000000e2000000, 0x00000000e2000000|100%| O|  |TAMS 0x00000000e1f00000| PB 0x00000000e1f00000| Untracked 
|  32|0x00000000e2000000, 0x00000000e2100000, 0x00000000e2100000|100%| O|  |TAMS 0x00000000e2000000| PB 0x00000000e2000000| Untracked 
|  33|0x00000000e2100000, 0x00000000e2200000, 0x00000000e2200000|100%| O|  |TAMS 0x00000000e2100000| PB 0x00000000e2100000| Untracked 
|  34|0x00000000e2200000, 0x00000000e2300000, 0x00000000e2300000|100%| O|  |TAMS 0x00000000e2200000| PB 0x00000000e2200000| Untracked 
|  35|0x00000000e2300000, 0x00000000e2400000, 0x00000000e2400000|100%| O|  |TAMS 0x00000000e2300000| PB 0x00000000e2300000| Untracked 
|  36|0x00000000e2400000, 0x00000000e2500000, 0x00000000e2500000|100%| O|  |TAMS 0x00000000e2400000| PB 0x00000000e2400000| Untracked 
|  37|0x00000000e2500000, 0x00000000e2600000, 0x00000000e2600000|100%| O|  |TAMS 0x00000000e2500000| PB 0x00000000e2500000| Untracked 
|  38|0x00000000e2600000, 0x00000000e2700000, 0x00000000e2700000|100%| O|  |TAMS 0x00000000e2600000| PB 0x00000000e2600000| Untracked 
|  39|0x00000000e2700000, 0x00000000e2800000, 0x00000000e2800000|100%| O|  |TAMS 0x00000000e2700000| PB 0x00000000e2700000| Untracked 
|  40|0x00000000e2800000, 0x00000000e2900000, 0x00000000e2900000|100%| O|  |TAMS 0x00000000e2800000| PB 0x00000000e2800000| Untracked 
|  41|0x00000000e2900000, 0x00000000e2a00000, 0x00000000e2a00000|100%| O|  |TAMS 0x00000000e2900000| PB 0x00000000e2900000| Untracked 
|  42|0x00000000e2a00000, 0x00000000e2b00000, 0x00000000e2b00000|100%| O|  |TAMS 0x00000000e2a00000| PB 0x00000000e2a00000| Untracked 
|  43|0x00000000e2b00000, 0x00000000e2c00000, 0x00000000e2c00000|100%| O|  |TAMS 0x00000000e2b00000| PB 0x00000000e2b00000| Untracked 
|  44|0x00000000e2c00000, 0x00000000e2d00000, 0x00000000e2d00000|100%| O|  |TAMS 0x00000000e2c00000| PB 0x00000000e2c00000| Untracked 
|  45|0x00000000e2d00000, 0x00000000e2e00000, 0x00000000e2e00000|100%| O|  |TAMS 0x00000000e2d00000| PB 0x00000000e2d00000| Untracked 
|  46|0x00000000e2e00000, 0x00000000e2f00000, 0x00000000e2f00000|100%| O|  |TAMS 0x00000000e2e00000| PB 0x00000000e2e00000| Untracked 
|  47|0x00000000e2f00000, 0x00000000e3000000, 0x00000000e3000000|100%| O|  |TAMS 0x00000000e2f00000| PB 0x00000000e2f00000| Untracked 
|  48|0x00000000e3000000, 0x00000000e3100000, 0x00000000e3100000|100%| O|  |TAMS 0x00000000e3000000| PB 0x00000000e3000000| Untracked 
|  49|0x00000000e3100000, 0x00000000e3200000, 0x00000000e3200000|100%| O|  |TAMS 0x00000000e3100000| PB 0x00000000e3100000| Untracked 
|  50|0x00000000e3200000, 0x00000000e3300000, 0x00000000e3300000|100%| O|  |TAMS 0x00000000e3200000| PB 0x00000000e3200000| Untracked 
|  51|0x00000000e3300000, 0x00000000e3400000, 0x00000000e3400000|100%| O|  |TAMS 0x00000000e3300000| PB 0x00000000e3300000| Untracked 
|  52|0x00000000e3400000, 0x00000000e3500000, 0x00000000e3500000|100%| O|  |TAMS 0x00000000e3400000| PB 0x00000000e3400000| Untracked 
|  53|0x00000000e3500000, 0x00000000e3600000, 0x00000000e3600000|100%| O|  |TAMS 0x00000000e3500000| PB 0x00000000e3500000| Untracked 
|  54|0x00000000e3600000, 0x00000000e3700000, 0x00000000e3700000|100%| O|  |TAMS 0x00000000e3600000| PB 0x00000000e3600000| Untracked 
|  55|0x00000000e3700000, 0x00000000e3800000, 0x00000000e3800000|100%| O|  |TAMS 0x00000000e3700000| PB 0x00000000e3700000| Untracked 
|  56|0x00000000e3800000, 0x00000000e3900000, 0x00000000e3900000|100%| O|  |TAMS 0x00000000e3800000| PB 0x00000000e3800000| Untracked 
|  57|0x00000000e3900000, 0x00000000e3a00000, 0x00000000e3a00000|100%| O|  |TAMS 0x00000000e3900000| PB 0x00000000e3900000| Untracked 
|  58|0x00000000e3a00000, 0x00000000e3b00000, 0x00000000e3b00000|100%| O|  |TAMS 0x00000000e3a00000| PB 0x00000000e3a00000| Untracked 
|  59|0x00000000e3b00000, 0x00000000e3c00000, 0x00000000e3c00000|100%| O|  |TAMS 0x00000000e3b00000| PB 0x00000000e3b00000| Untracked 
|  60|0x00000000e3c00000, 0x00000000e3d00000, 0x00000000e3d00000|100%| O|  |TAMS 0x00000000e3c00000| PB 0x00000000e3c00000| Untracked 
|  61|0x00000000e3d00000, 0x00000000e3e00000, 0x00000000e3e00000|100%| O|  |TAMS 0x00000000e3d00000| PB 0x00000000e3d00000| Untracked 
|  62|0x00000000e3e00000, 0x00000000e3f00000, 0x00000000e3f00000|100%| O|  |TAMS 0x00000000e3e00000| PB 0x00000000e3e00000| Untracked 
|  63|0x00000000e3f00000, 0x00000000e4000000, 0x00000000e4000000|100%| O|  |TAMS 0x00000000e3f00000| PB 0x00000000e3f00000| Untracked 
|  64|0x00000000e4000000, 0x00000000e4100000, 0x00000000e4100000|100%| O|  |TAMS 0x00000000e4000000| PB 0x00000000e4000000| Untracked 
|  65|0x00000000e4100000, 0x00000000e4200000, 0x00000000e4200000|100%| O|  |TAMS 0x00000000e4100000| PB 0x00000000e4100000| Untracked 
|  66|0x00000000e4200000, 0x00000000e4300000, 0x00000000e4300000|100%| O|  |TAMS 0x00000000e4200000| PB 0x00000000e4200000| Untracked 
|  67|0x00000000e4300000, 0x00000000e4400000, 0x00000000e4400000|100%| O|  |TAMS 0x00000000e4300000| PB 0x00000000e4300000| Untracked 
|  68|0x00000000e4400000, 0x00000000e4500000, 0x00000000e4500000|100%| O|  |TAMS 0x00000000e4400000| PB 0x00000000e4400000| Untracked 
|  69|0x00000000e4500000, 0x00000000e4600000, 0x00000000e4600000|100%| O|  |TAMS 0x00000000e4500000| PB 0x00000000e4500000| Untracked 
|  70|0x00000000e4600000, 0x00000000e4700000, 0x00000000e4700000|100%| O|  |TAMS 0x00000000e4600000| PB 0x00000000e4600000| Untracked 
|  71|0x00000000e4700000, 0x00000000e4800000, 0x00000000e4800000|100%| O|  |TAMS 0x00000000e4700000| PB 0x00000000e4700000| Untracked 
|  72|0x00000000e4800000, 0x00000000e4900000, 0x00000000e4900000|100%| O|  |TAMS 0x00000000e4800000| PB 0x00000000e4800000| Untracked 
|  73|0x00000000e4900000, 0x00000000e4a00000, 0x00000000e4a00000|100%| O|  |TAMS 0x00000000e4900000| PB 0x00000000e4900000| Untracked 
|  74|0x00000000e4a00000, 0x00000000e4b00000, 0x00000000e4b00000|100%| O|  |TAMS 0x00000000e4a00000| PB 0x00000000e4a00000| Untracked 
|  75|0x00000000e4b00000, 0x00000000e4c00000, 0x00000000e4c00000|100%| O|  |TAMS 0x00000000e4b00000| PB 0x00000000e4b00000| Untracked 
|  76|0x00000000e4c00000, 0x00000000e4d00000, 0x00000000e4d00000|100%| O|  |TAMS 0x00000000e4c00000| PB 0x00000000e4c00000| Untracked 
|  77|0x00000000e4d00000, 0x00000000e4e00000, 0x00000000e4e00000|100%|HS|  |TAMS 0x00000000e4d00000| PB 0x00000000e4d00000| Complete 
|  78|0x00000000e4e00000, 0x00000000e4f00000, 0x00000000e4f00000|100%| O|  |TAMS 0x00000000e4e00000| PB 0x00000000e4e00000| Untracked 
|  79|0x00000000e4f00000, 0x00000000e5000000, 0x00000000e5000000|100%| O|Cm|TAMS 0x00000000e4f00000| PB 0x00000000e4f00000| Complete 
|  80|0x00000000e5000000, 0x00000000e5100000, 0x00000000e5100000|100%| O|  |TAMS 0x00000000e5000000| PB 0x00000000e5000000| Untracked 
|  81|0x00000000e5100000, 0x00000000e5200000, 0x00000000e5200000|100%| O|  |TAMS 0x00000000e5100000| PB 0x00000000e5100000| Untracked 
|  82|0x00000000e5200000, 0x00000000e5300000, 0x00000000e5300000|100%| O|  |TAMS 0x00000000e5200000| PB 0x00000000e5200000| Untracked 
|  83|0x00000000e5300000, 0x00000000e5400000, 0x00000000e5400000|100%| O|  |TAMS 0x00000000e5300000| PB 0x00000000e5300000| Untracked 
|  84|0x00000000e5400000, 0x00000000e5500000, 0x00000000e5500000|100%| O|  |TAMS 0x00000000e5400000| PB 0x00000000e5400000| Untracked 
|  85|0x00000000e5500000, 0x00000000e5600000, 0x00000000e5600000|100%| O|  |TAMS 0x00000000e5500000| PB 0x00000000e5500000| Untracked 
|  86|0x00000000e5600000, 0x00000000e5700000, 0x00000000e5700000|100%| O|  |TAMS 0x00000000e5600000| PB 0x00000000e5600000| Untracked 
|  87|0x00000000e5700000, 0x00000000e5800000, 0x00000000e5800000|100%| O|  |TAMS 0x00000000e5700000| PB 0x00000000e5700000| Untracked 
|  88|0x00000000e5800000, 0x00000000e5900000, 0x00000000e5900000|100%| O|  |TAMS 0x00000000e5800000| PB 0x00000000e5800000| Untracked 
|  89|0x00000000e5900000, 0x00000000e5a00000, 0x00000000e5a00000|100%| O|  |TAMS 0x00000000e5900000| PB 0x00000000e5900000| Untracked 
|  90|0x00000000e5a00000, 0x00000000e5b00000, 0x00000000e5b00000|100%| O|  |TAMS 0x00000000e5a00000| PB 0x00000000e5a00000| Untracked 
|  91|0x00000000e5b00000, 0x00000000e5c00000, 0x00000000e5c00000|100%| O|  |TAMS 0x00000000e5b00000| PB 0x00000000e5b00000| Untracked 
|  92|0x00000000e5c00000, 0x00000000e5d00000, 0x00000000e5d00000|100%|HS|  |TAMS 0x00000000e5c00000| PB 0x00000000e5c00000| Complete 
|  93|0x00000000e5d00000, 0x00000000e5e00000, 0x00000000e5e00000|100%|HC|  |TAMS 0x00000000e5d00000| PB 0x00000000e5d00000| Complete 
|  94|0x00000000e5e00000, 0x00000000e5f00000, 0x00000000e5f00000|100%|HS|  |TAMS 0x00000000e5e00000| PB 0x00000000e5e00000| Complete 
|  95|0x00000000e5f00000, 0x00000000e6000000, 0x00000000e6000000|100%| O|  |TAMS 0x00000000e5f00000| PB 0x00000000e5f00000| Untracked 
|  96|0x00000000e6000000, 0x00000000e6100000, 0x00000000e6100000|100%| O|  |TAMS 0x00000000e6000000| PB 0x00000000e6000000| Untracked 
|  97|0x00000000e6100000, 0x00000000e6200000, 0x00000000e6200000|100%|HS|  |TAMS 0x00000000e6100000| PB 0x00000000e6100000| Complete 
|  98|0x00000000e6200000, 0x00000000e6300000, 0x00000000e6300000|100%| O|Cm|TAMS 0x00000000e6200000| PB 0x00000000e6200000| Complete 
|  99|0x00000000e6300000, 0x00000000e6400000, 0x00000000e6400000|100%| O|  |TAMS 0x00000000e6300000| PB 0x00000000e6300000| Untracked 
| 100|0x00000000e6400000, 0x00000000e6500000, 0x00000000e6500000|100%| O|  |TAMS 0x00000000e6400000| PB 0x00000000e6400000| Untracked 
| 101|0x00000000e6500000, 0x00000000e6600000, 0x00000000e6600000|100%| O|  |TAMS 0x00000000e6500000| PB 0x00000000e6500000| Untracked 
| 102|0x00000000e6600000, 0x00000000e6700000, 0x00000000e6700000|100%| O|  |TAMS 0x00000000e6600000| PB 0x00000000e6600000| Untracked 
| 103|0x00000000e6700000, 0x00000000e6800000, 0x00000000e6800000|100%| O|  |TAMS 0x00000000e6700000| PB 0x00000000e6700000| Untracked 
| 104|0x00000000e6800000, 0x00000000e6900000, 0x00000000e6900000|100%| O|  |TAMS 0x00000000e6800000| PB 0x00000000e6800000| Untracked 
| 105|0x00000000e6900000, 0x00000000e6a00000, 0x00000000e6a00000|100%| O|  |TAMS 0x00000000e6900000| PB 0x00000000e6900000| Untracked 
| 106|0x00000000e6a00000, 0x00000000e6b00000, 0x00000000e6b00000|100%| O|  |TAMS 0x00000000e6a00000| PB 0x00000000e6a00000| Untracked 
| 107|0x00000000e6b00000, 0x00000000e6c00000, 0x00000000e6c00000|100%| O|  |TAMS 0x00000000e6b00000| PB 0x00000000e6b00000| Untracked 
| 108|0x00000000e6c00000, 0x00000000e6d00000, 0x00000000e6d00000|100%| O|  |TAMS 0x00000000e6c00000| PB 0x00000000e6c00000| Untracked 
| 109|0x00000000e6d00000, 0x00000000e6e00000, 0x00000000e6e00000|100%| O|  |TAMS 0x00000000e6d00000| PB 0x00000000e6d00000| Untracked 
| 110|0x00000000e6e00000, 0x00000000e6f00000, 0x00000000e6f00000|100%| O|  |TAMS 0x00000000e6e00000| PB 0x00000000e6e00000| Untracked 
| 111|0x00000000e6f00000, 0x00000000e7000000, 0x00000000e7000000|100%|HS|  |TAMS 0x00000000e6f00000| PB 0x00000000e6f00000| Complete 
| 112|0x00000000e7000000, 0x00000000e7100000, 0x00000000e7100000|100%| O|  |TAMS 0x00000000e7000000| PB 0x00000000e7000000| Untracked 
| 113|0x00000000e7100000, 0x00000000e7200000, 0x00000000e7200000|100%|HS|  |TAMS 0x00000000e7100000| PB 0x00000000e7100000| Complete 
| 114|0x00000000e7200000, 0x00000000e7300000, 0x00000000e7300000|100%|HC|  |TAMS 0x00000000e7200000| PB 0x00000000e7200000| Complete 
| 115|0x00000000e7300000, 0x00000000e7400000, 0x00000000e7400000|100%|HC|  |TAMS 0x00000000e7300000| PB 0x00000000e7300000| Complete 
| 116|0x00000000e7400000, 0x00000000e7500000, 0x00000000e7500000|100%| O|  |TAMS 0x00000000e7400000| PB 0x00000000e7400000| Untracked 
| 117|0x00000000e7500000, 0x00000000e7600000, 0x00000000e7600000|100%| O|  |TAMS 0x00000000e7500000| PB 0x00000000e7500000| Untracked 
| 118|0x00000000e7600000, 0x00000000e7700000, 0x00000000e7700000|100%| O|  |TAMS 0x00000000e7600000| PB 0x00000000e7600000| Untracked 
| 119|0x00000000e7700000, 0x00000000e7800000, 0x00000000e7800000|100%| O|  |TAMS 0x00000000e7700000| PB 0x00000000e7700000| Untracked 
| 120|0x00000000e7800000, 0x00000000e7900000, 0x00000000e7900000|100%| O|  |TAMS 0x00000000e7800000| PB 0x00000000e7800000| Untracked 
| 121|0x00000000e7900000, 0x00000000e7a00000, 0x00000000e7a00000|100%| O|  |TAMS 0x00000000e7900000| PB 0x00000000e7900000| Untracked 
| 122|0x00000000e7a00000, 0x00000000e7b00000, 0x00000000e7b00000|100%| O|  |TAMS 0x00000000e7a00000| PB 0x00000000e7a00000| Untracked 
| 123|0x00000000e7b00000, 0x00000000e7c00000, 0x00000000e7c00000|100%| O|  |TAMS 0x00000000e7b00000| PB 0x00000000e7b00000| Untracked 
| 124|0x00000000e7c00000, 0x00000000e7d00000, 0x00000000e7d00000|100%| O|  |TAMS 0x00000000e7c00000| PB 0x00000000e7c00000| Untracked 
| 125|0x00000000e7d00000, 0x00000000e7e00000, 0x00000000e7e00000|100%| O|  |TAMS 0x00000000e7d00000| PB 0x00000000e7d00000| Untracked 
| 126|0x00000000e7e00000, 0x00000000e7e00000, 0x00000000e7f00000|  0%| F|  |TAMS 0x00000000e7e00000| PB 0x00000000e7e00000| Untracked 
| 127|0x00000000e7f00000, 0x00000000e8000000, 0x00000000e8000000|100%| O|  |TAMS 0x00000000e7f00000| PB 0x00000000e7f00000| Untracked 
| 128|0x00000000e8000000, 0x00000000e8100000, 0x00000000e8100000|100%|HS|  |TAMS 0x00000000e8000000| PB 0x00000000e8000000| Complete 
| 129|0x00000000e8100000, 0x00000000e8200000, 0x00000000e8200000|100%|HS|  |TAMS 0x00000000e8100000| PB 0x00000000e8100000| Complete 
| 130|0x00000000e8200000, 0x00000000e8300000, 0x00000000e8300000|100%|HC|  |TAMS 0x00000000e8200000| PB 0x00000000e8200000| Complete 
| 131|0x00000000e8300000, 0x00000000e8400000, 0x00000000e8400000|100%|HS|  |TAMS 0x00000000e8300000| PB 0x00000000e8300000| Complete 
| 132|0x00000000e8400000, 0x00000000e8500000, 0x00000000e8500000|100%|HS|  |TAMS 0x00000000e8400000| PB 0x00000000e8400000| Complete 
| 133|0x00000000e8500000, 0x00000000e8600000, 0x00000000e8600000|100%|HS|  |TAMS 0x00000000e8500000| PB 0x00000000e8500000| Complete 
| 134|0x00000000e8600000, 0x00000000e8700000, 0x00000000e8700000|100%|HC|  |TAMS 0x00000000e8600000| PB 0x00000000e8600000| Complete 
| 135|0x00000000e8700000, 0x00000000e8800000, 0x00000000e8800000|100%|HC|  |TAMS 0x00000000e8700000| PB 0x00000000e8700000| Complete 
| 136|0x00000000e8800000, 0x00000000e8900000, 0x00000000e8900000|100%|HS|  |TAMS 0x00000000e8800000| PB 0x00000000e8800000| Complete 
| 137|0x00000000e8900000, 0x00000000e8a00000, 0x00000000e8a00000|100%| O|  |TAMS 0x00000000e8900000| PB 0x00000000e8900000| Untracked 
| 138|0x00000000e8a00000, 0x00000000e8b00000, 0x00000000e8b00000|100%| O|  |TAMS 0x00000000e8a00000| PB 0x00000000e8a00000| Untracked 
| 139|0x00000000e8b00000, 0x00000000e8c00000, 0x00000000e8c00000|100%| O|  |TAMS 0x00000000e8b00000| PB 0x00000000e8b00000| Untracked 
| 140|0x00000000e8c00000, 0x00000000e8d00000, 0x00000000e8d00000|100%| O|  |TAMS 0x00000000e8c00000| PB 0x00000000e8c00000| Untracked 
| 141|0x00000000e8d00000, 0x00000000e8e00000, 0x00000000e8e00000|100%| O|  |TAMS 0x00000000e8d00000| PB 0x00000000e8d00000| Untracked 
| 142|0x00000000e8e00000, 0x00000000e8f00000, 0x00000000e8f00000|100%| O|  |TAMS 0x00000000e8e00000| PB 0x00000000e8e00000| Untracked 
| 143|0x00000000e8f00000, 0x00000000e9000000, 0x00000000e9000000|100%| O|  |TAMS 0x00000000e8f00000| PB 0x00000000e8f00000| Untracked 
| 144|0x00000000e9000000, 0x00000000e9100000, 0x00000000e9100000|100%| O|  |TAMS 0x00000000e9000000| PB 0x00000000e9000000| Untracked 
| 145|0x00000000e9100000, 0x00000000e9200000, 0x00000000e9200000|100%| O|  |TAMS 0x00000000e9100000| PB 0x00000000e9100000| Untracked 
| 146|0x00000000e9200000, 0x00000000e9200000, 0x00000000e9300000|  0%| F|  |TAMS 0x00000000e9200000| PB 0x00000000e9200000| Untracked 
| 147|0x00000000e9300000, 0x00000000e9400000, 0x00000000e9400000|100%| O|  |TAMS 0x00000000e9300000| PB 0x00000000e9300000| Untracked 
| 148|0x00000000e9400000, 0x00000000e9500000, 0x00000000e9500000|100%| O|  |TAMS 0x00000000e9400000| PB 0x00000000e9400000| Untracked 
| 149|0x00000000e9500000, 0x00000000e9600000, 0x00000000e9600000|100%| O|  |TAMS 0x00000000e9500000| PB 0x00000000e9500000| Untracked 
| 150|0x00000000e9600000, 0x00000000e9700000, 0x00000000e9700000|100%| O|  |TAMS 0x00000000e9600000| PB 0x00000000e9600000| Untracked 
| 151|0x00000000e9700000, 0x00000000e9800000, 0x00000000e9800000|100%| O|Cm|TAMS 0x00000000e9700000| PB 0x00000000e9700000| Complete 
| 152|0x00000000e9800000, 0x00000000e9900000, 0x00000000e9900000|100%| O|  |TAMS 0x00000000e9800000| PB 0x00000000e9800000| Untracked 
| 153|0x00000000e9900000, 0x00000000e9900000, 0x00000000e9a00000|  0%| F|  |TAMS 0x00000000e9900000| PB 0x00000000e9900000| Untracked 
| 154|0x00000000e9a00000, 0x00000000e9b00000, 0x00000000e9b00000|100%| O|  |TAMS 0x00000000e9a00000| PB 0x00000000e9a00000| Untracked 
| 155|0x00000000e9b00000, 0x00000000e9c00000, 0x00000000e9c00000|100%| O|  |TAMS 0x00000000e9b00000| PB 0x00000000e9b00000| Untracked 
| 156|0x00000000e9c00000, 0x00000000e9c00000, 0x00000000e9d00000|  0%| F|  |TAMS 0x00000000e9c00000| PB 0x00000000e9c00000| Untracked 
| 157|0x00000000e9d00000, 0x00000000e9e00000, 0x00000000e9e00000|100%| O|Cm|TAMS 0x00000000e9d00000| PB 0x00000000e9d00000| Complete 
| 158|0x00000000e9e00000, 0x00000000e9f00000, 0x00000000e9f00000|100%| O|  |TAMS 0x00000000e9e00000| PB 0x00000000e9e00000| Untracked 
| 159|0x00000000e9f00000, 0x00000000ea000000, 0x00000000ea000000|100%| O|Cm|TAMS 0x00000000e9f00000| PB 0x00000000e9f00000| Complete 
| 160|0x00000000ea000000, 0x00000000ea100000, 0x00000000ea100000|100%| O|  |TAMS 0x00000000ea000000| PB 0x00000000ea000000| Untracked 
| 161|0x00000000ea100000, 0x00000000ea200000, 0x00000000ea200000|100%| O|  |TAMS 0x00000000ea100000| PB 0x00000000ea100000| Untracked 
| 162|0x00000000ea200000, 0x00000000ea300000, 0x00000000ea300000|100%| O|  |TAMS 0x00000000ea200000| PB 0x00000000ea200000| Untracked 
| 163|0x00000000ea300000, 0x00000000ea399bc0, 0x00000000ea400000| 60%| O|  |TAMS 0x00000000ea300000| PB 0x00000000ea300000| Untracked 
| 164|0x00000000ea400000, 0x00000000ea4ee100, 0x00000000ea500000| 92%| S|CS|TAMS 0x00000000ea400000| PB 0x00000000ea400000| Complete 
| 165|0x00000000ea500000, 0x00000000ea600000, 0x00000000ea600000|100%| S|CS|TAMS 0x00000000ea500000| PB 0x00000000ea500000| Complete 
| 166|0x00000000ea600000, 0x00000000ea700000, 0x00000000ea700000|100%| S|CS|TAMS 0x00000000ea600000| PB 0x00000000ea600000| Complete 
| 167|0x00000000ea700000, 0x00000000ea800000, 0x00000000ea800000|100%| S|CS|TAMS 0x00000000ea700000| PB 0x00000000ea700000| Complete 
| 168|0x00000000ea800000, 0x00000000ea900000, 0x00000000ea900000|100%| S|CS|TAMS 0x00000000ea800000| PB 0x00000000ea800000| Complete 
| 169|0x00000000ea900000, 0x00000000eaa00000, 0x00000000eaa00000|100%| S|CS|TAMS 0x00000000ea900000| PB 0x00000000ea900000| Complete 
| 170|0x00000000eaa00000, 0x00000000eab00000, 0x00000000eab00000|100%| S|CS|TAMS 0x00000000eaa00000| PB 0x00000000eaa00000| Complete 
| 171|0x00000000eab00000, 0x00000000eac00000, 0x00000000eac00000|100%| S|CS|TAMS 0x00000000eab00000| PB 0x00000000eab00000| Complete 
| 172|0x00000000eac00000, 0x00000000ead00000, 0x00000000ead00000|100%| S|CS|TAMS 0x00000000eac00000| PB 0x00000000eac00000| Complete 
| 173|0x00000000ead00000, 0x00000000eae00000, 0x00000000eae00000|100%| S|CS|TAMS 0x00000000ead00000| PB 0x00000000ead00000| Complete 
| 174|0x00000000eae00000, 0x00000000eae00000, 0x00000000eaf00000|  0%| F|  |TAMS 0x00000000eae00000| PB 0x00000000eae00000| Untracked 
| 175|0x00000000eaf00000, 0x00000000eaf00000, 0x00000000eb000000|  0%| F|  |TAMS 0x00000000eaf00000| PB 0x00000000eaf00000| Untracked 
| 176|0x00000000eb000000, 0x00000000eb000000, 0x00000000eb100000|  0%| F|  |TAMS 0x00000000eb000000| PB 0x00000000eb000000| Untracked 
| 177|0x00000000eb100000, 0x00000000eb100000, 0x00000000eb200000|  0%| F|  |TAMS 0x00000000eb100000| PB 0x00000000eb100000| Untracked 
| 178|0x00000000eb200000, 0x00000000eb200000, 0x00000000eb300000|  0%| F|  |TAMS 0x00000000eb200000| PB 0x00000000eb200000| Untracked 
| 179|0x00000000eb300000, 0x00000000eb300000, 0x00000000eb400000|  0%| F|  |TAMS 0x00000000eb300000| PB 0x00000000eb300000| Untracked 
| 180|0x00000000eb400000, 0x00000000eb400000, 0x00000000eb500000|  0%| F|  |TAMS 0x00000000eb400000| PB 0x00000000eb400000| Untracked 
| 181|0x00000000eb500000, 0x00000000eb500000, 0x00000000eb600000|  0%| F|  |TAMS 0x00000000eb500000| PB 0x00000000eb500000| Untracked 
| 182|0x00000000eb600000, 0x00000000eb600000, 0x00000000eb700000|  0%| F|  |TAMS 0x00000000eb600000| PB 0x00000000eb600000| Untracked 
| 183|0x00000000eb700000, 0x00000000eb700000, 0x00000000eb800000|  0%| F|  |TAMS 0x00000000eb700000| PB 0x00000000eb700000| Untracked 
| 184|0x00000000eb800000, 0x00000000eb800000, 0x00000000eb900000|  0%| F|  |TAMS 0x00000000eb800000| PB 0x00000000eb800000| Untracked 
| 185|0x00000000eb900000, 0x00000000eb900000, 0x00000000eba00000|  0%| F|  |TAMS 0x00000000eb900000| PB 0x00000000eb900000| Untracked 
| 186|0x00000000eba00000, 0x00000000eba00000, 0x00000000ebb00000|  0%| F|  |TAMS 0x00000000eba00000| PB 0x00000000eba00000| Untracked 
| 187|0x00000000ebb00000, 0x00000000ebb00000, 0x00000000ebc00000|  0%| F|  |TAMS 0x00000000ebb00000| PB 0x00000000ebb00000| Untracked 
| 188|0x00000000ebc00000, 0x00000000ebc00000, 0x00000000ebd00000|  0%| F|  |TAMS 0x00000000ebc00000| PB 0x00000000ebc00000| Untracked 
| 189|0x00000000ebd00000, 0x00000000ebd00000, 0x00000000ebe00000|  0%| F|  |TAMS 0x00000000ebd00000| PB 0x00000000ebd00000| Untracked 
| 190|0x00000000ebe00000, 0x00000000ebe00000, 0x00000000ebf00000|  0%| F|  |TAMS 0x00000000ebe00000| PB 0x00000000ebe00000| Untracked 
| 191|0x00000000ebf00000, 0x00000000ebf00000, 0x00000000ec000000|  0%| F|  |TAMS 0x00000000ebf00000| PB 0x00000000ebf00000| Untracked 
| 192|0x00000000ec000000, 0x00000000ec000000, 0x00000000ec100000|  0%| F|  |TAMS 0x00000000ec000000| PB 0x00000000ec000000| Untracked 
| 193|0x00000000ec100000, 0x00000000ec100000, 0x00000000ec200000|  0%| F|  |TAMS 0x00000000ec100000| PB 0x00000000ec100000| Untracked 
| 194|0x00000000ec200000, 0x00000000ec200000, 0x00000000ec300000|  0%| F|  |TAMS 0x00000000ec200000| PB 0x00000000ec200000| Untracked 
| 195|0x00000000ec300000, 0x00000000ec300000, 0x00000000ec400000|  0%| F|  |TAMS 0x00000000ec300000| PB 0x00000000ec300000| Untracked 
| 196|0x00000000ec400000, 0x00000000ec400000, 0x00000000ec500000|  0%| F|  |TAMS 0x00000000ec400000| PB 0x00000000ec400000| Untracked 
| 197|0x00000000ec500000, 0x00000000ec500000, 0x00000000ec600000|  0%| F|  |TAMS 0x00000000ec500000| PB 0x00000000ec500000| Untracked 
| 198|0x00000000ec600000, 0x00000000ec600000, 0x00000000ec700000|  0%| F|  |TAMS 0x00000000ec600000| PB 0x00000000ec600000| Untracked 
| 199|0x00000000ec700000, 0x00000000ec700000, 0x00000000ec800000|  0%| F|  |TAMS 0x00000000ec700000| PB 0x00000000ec700000| Untracked 
| 200|0x00000000ec800000, 0x00000000ec800000, 0x00000000ec900000|  0%| F|  |TAMS 0x00000000ec800000| PB 0x00000000ec800000| Untracked 
| 201|0x00000000ec900000, 0x00000000ec900000, 0x00000000eca00000|  0%| F|  |TAMS 0x00000000ec900000| PB 0x00000000ec900000| Untracked 
| 202|0x00000000eca00000, 0x00000000eca00000, 0x00000000ecb00000|  0%| F|  |TAMS 0x00000000eca00000| PB 0x00000000eca00000| Untracked 
| 203|0x00000000ecb00000, 0x00000000ecb00000, 0x00000000ecc00000|  0%| F|  |TAMS 0x00000000ecb00000| PB 0x00000000ecb00000| Untracked 
| 204|0x00000000ecc00000, 0x00000000ecc00000, 0x00000000ecd00000|  0%| F|  |TAMS 0x00000000ecc00000| PB 0x00000000ecc00000| Untracked 
| 205|0x00000000ecd00000, 0x00000000ecd00000, 0x00000000ece00000|  0%| F|  |TAMS 0x00000000ecd00000| PB 0x00000000ecd00000| Untracked 
| 206|0x00000000ece00000, 0x00000000ece00000, 0x00000000ecf00000|  0%| F|  |TAMS 0x00000000ece00000| PB 0x00000000ece00000| Untracked 
| 207|0x00000000ecf00000, 0x00000000ecf00000, 0x00000000ed000000|  0%| F|  |TAMS 0x00000000ecf00000| PB 0x00000000ecf00000| Untracked 
| 208|0x00000000ed000000, 0x00000000ed000000, 0x00000000ed100000|  0%| F|  |TAMS 0x00000000ed000000| PB 0x00000000ed000000| Untracked 
| 209|0x00000000ed100000, 0x00000000ed100000, 0x00000000ed200000|  0%| F|  |TAMS 0x00000000ed100000| PB 0x00000000ed100000| Untracked 
| 210|0x00000000ed200000, 0x00000000ed200000, 0x00000000ed300000|  0%| F|  |TAMS 0x00000000ed200000| PB 0x00000000ed200000| Untracked 
| 211|0x00000000ed300000, 0x00000000ed300000, 0x00000000ed400000|  0%| F|  |TAMS 0x00000000ed300000| PB 0x00000000ed300000| Untracked 
| 212|0x00000000ed400000, 0x00000000ed400000, 0x00000000ed500000|  0%| F|  |TAMS 0x00000000ed400000| PB 0x00000000ed400000| Untracked 
| 213|0x00000000ed500000, 0x00000000ed500000, 0x00000000ed600000|  0%| F|  |TAMS 0x00000000ed500000| PB 0x00000000ed500000| Untracked 
| 214|0x00000000ed600000, 0x00000000ed600000, 0x00000000ed700000|  0%| F|  |TAMS 0x00000000ed600000| PB 0x00000000ed600000| Untracked 
| 215|0x00000000ed700000, 0x00000000ed700000, 0x00000000ed800000|  0%| F|  |TAMS 0x00000000ed700000| PB 0x00000000ed700000| Untracked 
| 216|0x00000000ed800000, 0x00000000ed800000, 0x00000000ed900000|  0%| F|  |TAMS 0x00000000ed800000| PB 0x00000000ed800000| Untracked 
| 217|0x00000000ed900000, 0x00000000ed900000, 0x00000000eda00000|  0%| F|  |TAMS 0x00000000ed900000| PB 0x00000000ed900000| Untracked 
| 218|0x00000000eda00000, 0x00000000eda00000, 0x00000000edb00000|  0%| F|  |TAMS 0x00000000eda00000| PB 0x00000000eda00000| Untracked 
| 219|0x00000000edb00000, 0x00000000edb00000, 0x00000000edc00000|  0%| F|  |TAMS 0x00000000edb00000| PB 0x00000000edb00000| Untracked 
| 220|0x00000000edc00000, 0x00000000edc00000, 0x00000000edd00000|  0%| F|  |TAMS 0x00000000edc00000| PB 0x00000000edc00000| Untracked 
| 221|0x00000000edd00000, 0x00000000edd00000, 0x00000000ede00000|  0%| F|  |TAMS 0x00000000edd00000| PB 0x00000000edd00000| Untracked 
| 222|0x00000000ede00000, 0x00000000ede00000, 0x00000000edf00000|  0%| F|  |TAMS 0x00000000ede00000| PB 0x00000000ede00000| Untracked 
| 223|0x00000000edf00000, 0x00000000edfd4568, 0x00000000ee000000| 82%| E|  |TAMS 0x00000000edf00000| PB 0x00000000edf00000| Complete 
| 224|0x00000000ee000000, 0x00000000ee100000, 0x00000000ee100000|100%| E|CS|TAMS 0x00000000ee000000| PB 0x00000000ee000000| Complete 
| 225|0x00000000ee100000, 0x00000000ee200000, 0x00000000ee200000|100%| E|CS|TAMS 0x00000000ee100000| PB 0x00000000ee100000| Complete 
| 226|0x00000000ee200000, 0x00000000ee300000, 0x00000000ee300000|100%| E|CS|TAMS 0x00000000ee200000| PB 0x00000000ee200000| Complete 
| 227|0x00000000ee300000, 0x00000000ee400000, 0x00000000ee400000|100%| E|CS|TAMS 0x00000000ee300000| PB 0x00000000ee300000| Complete 
| 228|0x00000000ee400000, 0x00000000ee500000, 0x00000000ee500000|100%| E|CS|TAMS 0x00000000ee400000| PB 0x00000000ee400000| Complete 
| 229|0x00000000ee500000, 0x00000000ee600000, 0x00000000ee600000|100%| E|CS|TAMS 0x00000000ee500000| PB 0x00000000ee500000| Complete 
| 230|0x00000000ee600000, 0x00000000ee700000, 0x00000000ee700000|100%| E|CS|TAMS 0x00000000ee600000| PB 0x00000000ee600000| Complete 
| 231|0x00000000ee700000, 0x00000000ee800000, 0x00000000ee800000|100%| E|CS|TAMS 0x00000000ee700000| PB 0x00000000ee700000| Complete 
| 232|0x00000000ee800000, 0x00000000ee900000, 0x00000000ee900000|100%| E|CS|TAMS 0x00000000ee800000| PB 0x00000000ee800000| Complete 
| 233|0x00000000ee900000, 0x00000000eea00000, 0x00000000eea00000|100%| E|  |TAMS 0x00000000ee900000| PB 0x00000000ee900000| Complete 
| 234|0x00000000eea00000, 0x00000000eeb00000, 0x00000000eeb00000|100%| E|CS|TAMS 0x00000000eea00000| PB 0x00000000eea00000| Complete 
| 235|0x00000000eeb00000, 0x00000000eec00000, 0x00000000eec00000|100%| E|CS|TAMS 0x00000000eeb00000| PB 0x00000000eeb00000| Complete 
| 236|0x00000000eec00000, 0x00000000eed00000, 0x00000000eed00000|100%| E|CS|TAMS 0x00000000eec00000| PB 0x00000000eec00000| Complete 
| 237|0x00000000eed00000, 0x00000000eee00000, 0x00000000eee00000|100%| E|CS|TAMS 0x00000000eed00000| PB 0x00000000eed00000| Complete 
| 238|0x00000000eee00000, 0x00000000eef00000, 0x00000000eef00000|100%| E|CS|TAMS 0x00000000eee00000| PB 0x00000000eee00000| Complete 
| 239|0x00000000eef00000, 0x00000000ef000000, 0x00000000ef000000|100%| E|CS|TAMS 0x00000000eef00000| PB 0x00000000eef00000| Complete 
| 240|0x00000000ef000000, 0x00000000ef100000, 0x00000000ef100000|100%| E|CS|TAMS 0x00000000ef000000| PB 0x00000000ef000000| Complete 
| 241|0x00000000ef100000, 0x00000000ef200000, 0x00000000ef200000|100%| E|CS|TAMS 0x00000000ef100000| PB 0x00000000ef100000| Complete 
| 242|0x00000000ef200000, 0x00000000ef300000, 0x00000000ef300000|100%| E|CS|TAMS 0x00000000ef200000| PB 0x00000000ef200000| Complete 
| 243|0x00000000ef300000, 0x00000000ef400000, 0x00000000ef400000|100%| E|CS|TAMS 0x00000000ef300000| PB 0x00000000ef300000| Complete 
| 244|0x00000000ef400000, 0x00000000ef500000, 0x00000000ef500000|100%| E|CS|TAMS 0x00000000ef400000| PB 0x00000000ef400000| Complete 
| 245|0x00000000ef500000, 0x00000000ef600000, 0x00000000ef600000|100%| E|CS|TAMS 0x00000000ef500000| PB 0x00000000ef500000| Complete 
| 246|0x00000000ef600000, 0x00000000ef700000, 0x00000000ef700000|100%| E|CS|TAMS 0x00000000ef600000| PB 0x00000000ef600000| Complete 
| 247|0x00000000ef700000, 0x00000000ef800000, 0x00000000ef800000|100%| E|CS|TAMS 0x00000000ef700000| PB 0x00000000ef700000| Complete 
| 248|0x00000000ef800000, 0x00000000ef900000, 0x00000000ef900000|100%| E|CS|TAMS 0x00000000ef800000| PB 0x00000000ef800000| Complete 
| 249|0x00000000ef900000, 0x00000000efa00000, 0x00000000efa00000|100%| E|CS|TAMS 0x00000000ef900000| PB 0x00000000ef900000| Complete 
| 250|0x00000000efa00000, 0x00000000efb00000, 0x00000000efb00000|100%| E|CS|TAMS 0x00000000efa00000| PB 0x00000000efa00000| Complete 
| 251|0x00000000efb00000, 0x00000000efc00000, 0x00000000efc00000|100%| E|CS|TAMS 0x00000000efb00000| PB 0x00000000efb00000| Complete 
| 252|0x00000000efc00000, 0x00000000efd00000, 0x00000000efd00000|100%| E|CS|TAMS 0x00000000efc00000| PB 0x00000000efc00000| Complete 
| 253|0x00000000efd00000, 0x00000000efe00000, 0x00000000efe00000|100%| E|CS|TAMS 0x00000000efd00000| PB 0x00000000efd00000| Complete 
| 254|0x00000000efe00000, 0x00000000eff00000, 0x00000000eff00000|100%| E|CS|TAMS 0x00000000efe00000| PB 0x00000000efe00000| Complete 
| 255|0x00000000eff00000, 0x00000000f0000000, 0x00000000f0000000|100%| E|CS|TAMS 0x00000000eff00000| PB 0x00000000eff00000| Complete 
| 256|0x00000000f0000000, 0x00000000f0100000, 0x00000000f0100000|100%| E|CS|TAMS 0x00000000f0000000| PB 0x00000000f0000000| Complete 
| 257|0x00000000f0100000, 0x00000000f0200000, 0x00000000f0200000|100%| E|CS|TAMS 0x00000000f0100000| PB 0x00000000f0100000| Complete 
| 258|0x00000000f0200000, 0x00000000f0300000, 0x00000000f0300000|100%| E|CS|TAMS 0x00000000f0200000| PB 0x00000000f0200000| Complete 
| 259|0x00000000f0300000, 0x00000000f0400000, 0x00000000f0400000|100%| E|CS|TAMS 0x00000000f0300000| PB 0x00000000f0300000| Complete 
| 260|0x00000000f0400000, 0x00000000f0500000, 0x00000000f0500000|100%| E|CS|TAMS 0x00000000f0400000| PB 0x00000000f0400000| Complete 
| 261|0x00000000f0500000, 0x00000000f0600000, 0x00000000f0600000|100%| E|CS|TAMS 0x00000000f0500000| PB 0x00000000f0500000| Complete 
| 262|0x00000000f0600000, 0x00000000f0700000, 0x00000000f0700000|100%| E|CS|TAMS 0x00000000f0600000| PB 0x00000000f0600000| Complete 
| 283|0x00000000f1b00000, 0x00000000f1c00000, 0x00000000f1c00000|100%| E|CS|TAMS 0x00000000f1b00000| PB 0x00000000f1b00000| Complete 
| 284|0x00000000f1c00000, 0x00000000f1d00000, 0x00000000f1d00000|100%| E|CS|TAMS 0x00000000f1c00000| PB 0x00000000f1c00000| Complete 
| 285|0x00000000f1d00000, 0x00000000f1e00000, 0x00000000f1e00000|100%| E|CS|TAMS 0x00000000f1d00000| PB 0x00000000f1d00000| Complete 
| 286|0x00000000f1e00000, 0x00000000f1f00000, 0x00000000f1f00000|100%| E|CS|TAMS 0x00000000f1e00000| PB 0x00000000f1e00000| Complete 
| 287|0x00000000f1f00000, 0x00000000f2000000, 0x00000000f2000000|100%| E|CS|TAMS 0x00000000f1f00000| PB 0x00000000f1f00000| Complete 
| 288|0x00000000f2000000, 0x00000000f2100000, 0x00000000f2100000|100%| E|CS|TAMS 0x00000000f2000000| PB 0x00000000f2000000| Complete 
| 289|0x00000000f2100000, 0x00000000f2200000, 0x00000000f2200000|100%| E|CS|TAMS 0x00000000f2100000| PB 0x00000000f2100000| Complete 
| 290|0x00000000f2200000, 0x00000000f2300000, 0x00000000f2300000|100%| E|CS|TAMS 0x00000000f2200000| PB 0x00000000f2200000| Complete 
| 291|0x00000000f2300000, 0x00000000f2400000, 0x00000000f2400000|100%| E|CS|TAMS 0x00000000f2300000| PB 0x00000000f2300000| Complete 
| 292|0x00000000f2400000, 0x00000000f2500000, 0x00000000f2500000|100%| E|CS|TAMS 0x00000000f2400000| PB 0x00000000f2400000| Complete 
| 293|0x00000000f2500000, 0x00000000f2600000, 0x00000000f2600000|100%| E|CS|TAMS 0x00000000f2500000| PB 0x00000000f2500000| Complete 
| 294|0x00000000f2600000, 0x00000000f2700000, 0x00000000f2700000|100%| E|CS|TAMS 0x00000000f2600000| PB 0x00000000f2600000| Complete 
| 379|0x00000000f7b00000, 0x00000000f7c00000, 0x00000000f7c00000|100%| E|CS|TAMS 0x00000000f7b00000| PB 0x00000000f7b00000| Complete 
| 506|0x00000000ffa00000, 0x00000000ffb00000, 0x00000000ffb00000|100%| E|CS|TAMS 0x00000000ffa00000| PB 0x00000000ffa00000| Complete 
| 507|0x00000000ffb00000, 0x00000000ffc00000, 0x00000000ffc00000|100%| E|CS|TAMS 0x00000000ffb00000| PB 0x00000000ffb00000| Complete 
| 508|0x00000000ffc00000, 0x00000000ffd00000, 0x00000000ffd00000|100%| E|CS|TAMS 0x00000000ffc00000| PB 0x00000000ffc00000| Complete 
| 509|0x00000000ffd00000, 0x00000000ffe00000, 0x00000000ffe00000|100%| E|CS|TAMS 0x00000000ffd00000| PB 0x00000000ffd00000| Complete 
| 510|0x00000000ffe00000, 0x00000000fff00000, 0x00000000fff00000|100%| E|CS|TAMS 0x00000000ffe00000| PB 0x00000000ffe00000| Complete 
| 511|0x00000000fff00000, 0x0000000100000000, 0x0000000100000000|100%| E|CS|TAMS 0x00000000fff00000| PB 0x00000000fff00000| Complete 

Card table byte_map: [0x0000026cf2e10000,0x0000026cf2f10000] _byte_map_base: 0x0000026cf2710000

Marking Bits: (CMBitMap*) 0x0000026ce9b52320
 Bits: [0x0000026cf2f10000, 0x0000026cf3710000)

Polling page: 0x0000026ce78c0000

Metaspace:

Usage:
  Non-class:     98.71 MB used.
      Class:     15.60 MB used.
       Both:    114.31 MB used.

Virtual space:
  Non-class space:      128.00 MB reserved,      99.81 MB ( 78%) committed,  2 nodes.
      Class space:        1.00 GB reserved,      16.69 MB (  2%) committed,  1 nodes.
             Both:        1.12 GB reserved,     116.50 MB ( 10%) committed. 

Chunk freelists:
   Non-Class:  11.97 MB
       Class:  15.19 MB
        Both:  27.16 MB

MaxMetaspaceSize: unlimited
CompressedClassSpaceSize: 1.00 GB
Initial GC threshold: 21.00 MB
Current GC threshold: 193.12 MB
CDS: on
 - commit_granule_bytes: 65536.
 - commit_granule_words: 8192.
 - virtual_space_node_default_size: 8388608.
 - enlarge_chunks_in_place: 1.
 - use_allocation_guard: 0.


Internal statistics:

num_allocs_failed_limit: 9.
num_arena_births: 4242.
num_arena_deaths: 12.
num_vsnodes_births: 3.
num_vsnodes_deaths: 0.
num_space_committed: 1864.
num_space_uncommitted: 0.
num_chunks_returned_to_freelist: 35.
num_chunks_taken_from_freelist: 9293.
num_chunk_merges: 7.
num_chunk_splits: 6072.
num_chunks_enlarged: 3867.
num_inconsistent_stats: 0.

CodeHeap 'non-profiled nmethods': size=119168Kb used=12193Kb max_used=12193Kb free=106974Kb
 bounds [0x0000026c87ba0000, 0x0000026c88790000, 0x0000026c8f000000]
CodeHeap 'profiled nmethods': size=119104Kb used=33693Kb max_used=33693Kb free=85410Kb
 bounds [0x0000026c80000000, 0x0000026c820f0000, 0x0000026c87450000]
CodeHeap 'non-nmethods': size=7488Kb used=4508Kb max_used=4569Kb free=2979Kb
 bounds [0x0000026c87450000, 0x0000026c878e0000, 0x0000026c87ba0000]
CodeCache: size=245760Kb, used=50394Kb, max_used=50455Kb, free=195363Kb
 total_blobs=18327, nmethods=17263, adapters=964, full_count=0
Compilation: enabled, stopped_count=0, restarted_count=0

Compilation events (20 events):
Event: 135.345 Thread 0x0000026cd6c34990 20445       1       org.gradle.api.internal.changedetection.state.DefaultZipEntryContext::getEntry (5 bytes)
Event: 135.345 Thread 0x0000026cd6c34990 nmethod 20445 0x0000026c88784a90 code [0x0000026c88784c20, 0x0000026c88784ce8]
Event: 135.346 Thread 0x0000026cf690de90 20446 %     4       org.gradle.api.internal.artifacts.repositories.PatternHelper::substituteTokens @ 148 (700 bytes)
Event: 135.346 Thread 0x0000026cf690e7c0 20447       3       org.gradle.internal.component.external.model.UrlBackedArtifactMetadata::getName (55 bytes)
Event: 135.346 Thread 0x0000026cf690e7c0 nmethod 20447 0x0000026c820e0590 code [0x0000026c820e07c0, 0x0000026c820e11b8]
Event: 135.348 Thread 0x0000026cf690e7c0 20448       3       java.lang.String::regionMatches (150 bytes)
Event: 135.348 Thread 0x0000026cf690e7c0 nmethod 20448 0x0000026c820e1410 code [0x0000026c820e1660, 0x0000026c820e1e28]
Event: 135.352 Thread 0x0000026cd6c34990 20449       3       org.gradle.internal.work.DefaultWorkerLeaseService::runAsWorkerThread (37 bytes)
Event: 135.353 Thread 0x0000026cd6c34990 nmethod 20449 0x0000026c820e2110 code [0x0000026c820e2360, 0x0000026c820e2b98]
Event: 135.353 Thread 0x0000026cd6c319e0 20450       4       sun.nio.fs.NativeBuffers::releaseNativeBuffer (97 bytes)
Event: 135.355 Thread 0x0000026cf690e7c0 20451       1       java.net.InetSocketAddress$InetSocketAddressHolder::getAddress (5 bytes)
Event: 135.355 Thread 0x0000026cf690e7c0 nmethod 20451 0x0000026c88784d90 code [0x0000026c88784f20, 0x0000026c88784fe8]
Event: 135.357 Thread 0x0000026cd6c35060 20452       4       jdk.internal.misc.Unsafe::checkSize (32 bytes)
Event: 135.357 Thread 0x0000026cd6c35060 nmethod 20452 0x0000026c88785090 code [0x0000026c88785220, 0x0000026c887852d8]
Event: 135.358 Thread 0x0000026cd6c319e0 nmethod 20450 0x0000026c88785390 code [0x0000026c88785580, 0x0000026c88785ae8]
Event: 135.358 Thread 0x0000026cd6c319e0 20453       4       jdk.internal.org.objectweb.asm.Frame::merge (395 bytes)
Event: 135.367 Thread 0x0000026cd6c33bf0 20454   !   3       java.util.zip.Inflater::inflate (456 bytes)
Event: 135.368 Thread 0x0000026cd6c33bf0 nmethod 20454 0x0000026c820e2f10 code [0x0000026c820e3300, 0x0000026c820e51b0]
Event: 135.369 Thread 0x0000026cd6c31310 20455       3       org.gradle.internal.hash.HashingOutputStream::write (23 bytes)
Event: 135.370 Thread 0x0000026cd6c31310 nmethod 20455 0x0000026c820e6210 code [0x0000026c820e6400, 0x0000026c820e6910]

GC Heap History (20 events):
Event: 13.135 GC heap before
{Heap before GC invocations=41 (full 0):
 garbage-first heap   total 237568K, used 158085K [0x00000000e0000000, 0x0000000100000000)
  region size 1024K, 21 young (21504K), 6 survivors (6144K)
 Metaspace       used 88799K, committed 90752K, reserved 1179648K
  class space    used 12117K, committed 13056K, reserved 1048576K
}
Event: 13.139 GC heap after
{Heap after GC invocations=42 (full 0):
 garbage-first heap   total 237568K, used 144222K [0x00000000e0000000, 0x0000000100000000)
  region size 1024K, 4 young (4096K), 4 survivors (4096K)
 Metaspace       used 88799K, committed 90752K, reserved 1179648K
  class space    used 12117K, committed 13056K, reserved 1048576K
}
Event: 13.728 GC heap before
{Heap before GC invocations=43 (full 0):
 garbage-first heap   total 247808K, used 214878K [0x00000000e0000000, 0x0000000100000000)
  region size 1024K, 70 young (71680K), 4 survivors (4096K)
 Metaspace       used 90748K, committed 92736K, reserved 1179648K
  class space    used 12407K, committed 13376K, reserved 1048576K
}
Event: 13.732 GC heap after
{Heap after GC invocations=44 (full 0):
 garbage-first heap   total 247808K, used 153165K [0x00000000e0000000, 0x0000000100000000)
  region size 1024K, 9 young (9216K), 9 survivors (9216K)
 Metaspace       used 90748K, committed 92736K, reserved 1179648K
  class space    used 12407K, committed 13376K, reserved 1048576K
}
Event: 14.313 GC heap before
{Heap before GC invocations=44 (full 0):
 garbage-first heap   total 247808K, used 223821K [0x00000000e0000000, 0x0000000100000000)
  region size 1024K, 77 young (78848K), 9 survivors (9216K)
 Metaspace       used 95892K, committed 97856K, reserved 1179648K
  class space    used 13187K, committed 14144K, reserved 1048576K
}
Event: 14.322 GC heap after
{Heap after GC invocations=45 (full 0):
 garbage-first heap   total 247808K, used 153732K [0x00000000e0000000, 0x0000000100000000)
  region size 1024K, 4 young (4096K), 4 survivors (4096K)
 Metaspace       used 95892K, committed 97856K, reserved 1179648K
  class space    used 13187K, committed 14144K, reserved 1048576K
}
Event: 14.899 GC heap before
{Heap before GC invocations=45 (full 0):
 garbage-first heap   total 247808K, used 224388K [0x00000000e0000000, 0x0000000100000000)
  region size 1024K, 73 young (74752K), 4 survivors (4096K)
 Metaspace       used 101117K, committed 103168K, reserved 1179648K
  class space    used 14025K, committed 15040K, reserved 1048576K
}
Event: 14.903 GC heap after
{Heap after GC invocations=46 (full 0):
 garbage-first heap   total 247808K, used 157164K [0x00000000e0000000, 0x0000000100000000)
  region size 1024K, 7 young (7168K), 7 survivors (7168K)
 Metaspace       used 101117K, committed 103168K, reserved 1179648K
  class space    used 14025K, committed 15040K, reserved 1048576K
}
Event: 15.663 GC heap before
{Heap before GC invocations=47 (full 0):
 garbage-first heap   total 263168K, used 227820K [0x00000000e0000000, 0x0000000100000000)
  region size 1024K, 76 young (77824K), 7 survivors (7168K)
 Metaspace       used 105844K, committed 108032K, reserved 1179648K
  class space    used 14662K, committed 15744K, reserved 1048576K
}
Event: 15.669 GC heap after
{Heap after GC invocations=48 (full 0):
 garbage-first heap   total 263168K, used 162891K [0x00000000e0000000, 0x0000000100000000)
  region size 1024K, 10 young (10240K), 10 survivors (10240K)
 Metaspace       used 105844K, committed 108032K, reserved 1179648K
  class space    used 14662K, committed 15744K, reserved 1048576K
}
Event: 17.706 GC heap before
{Heap before GC invocations=48 (full 0):
 garbage-first heap   total 263168K, used 238667K [0x00000000e0000000, 0x0000000100000000)
  region size 1024K, 85 young (87040K), 10 survivors (10240K)
 Metaspace       used 109728K, committed 112000K, reserved 1179648K
  class space    used 15171K, committed 16320K, reserved 1048576K
}
Event: 17.720 GC heap after
{Heap after GC invocations=49 (full 0):
 garbage-first heap   total 263168K, used 166649K [0x00000000e0000000, 0x0000000100000000)
  region size 1024K, 11 young (11264K), 11 survivors (11264K)
 Metaspace       used 109728K, committed 112000K, reserved 1179648K
  class space    used 15171K, committed 16320K, reserved 1048576K
}
Event: 18.851 GC heap before
{Heap before GC invocations=49 (full 0):
 garbage-first heap   total 263168K, used 240377K [0x00000000e0000000, 0x0000000100000000)
  region size 1024K, 84 young (86016K), 11 survivors (11264K)
 Metaspace       used 109856K, committed 112128K, reserved 1179648K
  class space    used 15186K, committed 16320K, reserved 1048576K
}
Event: 18.859 GC heap after
{Heap after GC invocations=50 (full 0):
 garbage-first heap   total 263168K, used 167902K [0x00000000e0000000, 0x0000000100000000)
  region size 1024K, 7 young (7168K), 7 survivors (7168K)
 Metaspace       used 109856K, committed 112128K, reserved 1179648K
  class space    used 15186K, committed 16320K, reserved 1048576K
}
Event: 19.717 GC heap before
{Heap before GC invocations=51 (full 0):
 garbage-first heap   total 281600K, used 242654K [0x00000000e0000000, 0x0000000100000000)
  region size 1024K, 81 young (82944K), 7 survivors (7168K)
 Metaspace       used 109995K, committed 112320K, reserved 1179648K
  class space    used 15197K, committed 16320K, reserved 1048576K
}
Event: 19.722 GC heap after
{Heap after GC invocations=52 (full 0):
 garbage-first heap   total 281600K, used 166062K [0x00000000e0000000, 0x0000000100000000)
  region size 1024K, 3 young (3072K), 3 survivors (3072K)
 Metaspace       used 109995K, committed 112320K, reserved 1179648K
  class space    used 15197K, committed 16320K, reserved 1048576K
}
Event: 80.879 GC heap before
{Heap before GC invocations=52 (full 0):
 garbage-first heap   total 281600K, used 257198K [0x00000000e0000000, 0x0000000100000000)
  region size 1024K, 93 young (95232K), 3 survivors (3072K)
 Metaspace       used 112934K, committed 115264K, reserved 1179648K
  class space    used 15503K, committed 16640K, reserved 1048576K
}
Event: 80.883 GC heap after
{Heap after GC invocations=53 (full 0):
 garbage-first heap   total 281600K, used 164923K [0x00000000e0000000, 0x0000000100000000)
  region size 1024K, 3 young (3072K), 3 survivors (3072K)
 Metaspace       used 112934K, committed 115264K, reserved 1179648K
  class space    used 15503K, committed 16640K, reserved 1048576K
}
Event: 104.513 GC heap before
{Heap before GC invocations=53 (full 0):
 garbage-first heap   total 281600K, used 265275K [0x00000000e0000000, 0x0000000100000000)
  region size 1024K, 101 young (103424K), 3 survivors (3072K)
 Metaspace       used 116383K, committed 118656K, reserved 1179648K
  class space    used 15950K, committed 17088K, reserved 1048576K
}
Event: 104.526 GC heap after
{Heap after GC invocations=54 (full 0):
 garbage-first heap   total 281600K, used 172575K [0x00000000e0000000, 0x0000000100000000)
  region size 1024K, 10 young (10240K), 10 survivors (10240K)
 Metaspace       used 116383K, committed 118656K, reserved 1179648K
  class space    used 15950K, committed 17088K, reserved 1048576K
}

Dll operation events (20 events):
Event: 0.052 Attempting to load shared library C:\Program Files\Microsoft\jdk-21.0.12.101-hotspot\bin\nio.dll
Event: 0.052 Loaded shared library C:\Program Files\Microsoft\jdk-21.0.12.101-hotspot\bin\nio.dll
Event: 0.053 Attempting to load shared library C:\Program Files\Microsoft\jdk-21.0.12.101-hotspot\bin\zip.dll
Event: 0.053 Loaded shared library C:\Program Files\Microsoft\jdk-21.0.12.101-hotspot\bin\zip.dll
Event: 0.168 Attempting to load shared library C:\Program Files\Microsoft\jdk-21.0.12.101-hotspot\bin\jimage.dll
Event: 0.168 Loaded shared library C:\Program Files\Microsoft\jdk-21.0.12.101-hotspot\bin\jimage.dll
Event: 0.240 Attempting to load shared library C:\Program Files\Microsoft\jdk-21.0.12.101-hotspot\bin\verify.dll
Event: 0.240 Loaded shared library C:\Program Files\Microsoft\jdk-21.0.12.101-hotspot\bin\verify.dll
Event: 0.327 Attempting to load shared library C:\Users\araba\.gradle\native\c067742578af261105cb4f569cf0c3c89f3d7b1fecec35dd04571415982c5e48\windows-amd64\native-platform.dll
Event: 0.327 Loaded shared library C:\Users\araba\.gradle\native\c067742578af261105cb4f569cf0c3c89f3d7b1fecec35dd04571415982c5e48\windows-amd64\native-platform.dll
Event: 0.330 Attempting to load shared library C:\Users\araba\.gradle\native\100fb08df4bc3b14c8652ba06237920a3bd2aa13389f12d3474272988ae205f9\windows-amd64\native-platform-file-events.dll
Event: 0.331 Loaded shared library C:\Users\araba\.gradle\native\100fb08df4bc3b14c8652ba06237920a3bd2aa13389f12d3474272988ae205f9\windows-amd64\native-platform-file-events.dll
Event: 0.870 Attempting to load shared library C:\Program Files\Microsoft\jdk-21.0.12.101-hotspot\bin\management.dll
Event: 0.871 Loaded shared library C:\Program Files\Microsoft\jdk-21.0.12.101-hotspot\bin\management.dll
Event: 0.871 Attempting to load shared library C:\Program Files\Microsoft\jdk-21.0.12.101-hotspot\bin\management_ext.dll
Event: 0.872 Loaded shared library C:\Program Files\Microsoft\jdk-21.0.12.101-hotspot\bin\management_ext.dll
Event: 0.985 Attempting to load shared library C:\Program Files\Microsoft\jdk-21.0.12.101-hotspot\bin\extnet.dll
Event: 0.986 Loaded shared library C:\Program Files\Microsoft\jdk-21.0.12.101-hotspot\bin\extnet.dll
Event: 1.101 Attempting to load shared library C:\Program Files\Microsoft\jdk-21.0.12.101-hotspot\bin\sunmscapi.dll
Event: 1.102 Loaded shared library C:\Program Files\Microsoft\jdk-21.0.12.101-hotspot\bin\sunmscapi.dll

Deoptimization events (20 events):
Event: 135.360 Thread 0x0000026cd32f1a60 Uncommon trap: trap_request=0xffffffc6 fr.pc=0x0000026c88698868 relative=0x0000000000000ca8
Event: 135.360 Thread 0x0000026cd32f1a60 Uncommon trap: reason=bimorphic_or_optimized_type_check action=maybe_recompile pc=0x0000026c88698868 method=java.util.zip.InflaterInputStream.fill()V @ 19 c2
Event: 135.360 Thread 0x0000026cd32f1a60 DEOPT PACKING pc=0x0000026c88698868 sp=0x00000079474fb440
Event: 135.360 Thread 0x0000026cd32f1a60 DEOPT UNPACKING pc=0x0000026c874a4422 sp=0x00000079474fb428 mode 2
Event: 135.360 Thread 0x0000026cd32f1a60 Uncommon trap: trap_request=0xffffffc6 fr.pc=0x0000026c88698868 relative=0x0000000000000ca8
Event: 135.360 Thread 0x0000026cd32f1a60 Uncommon trap: reason=bimorphic_or_optimized_type_check action=maybe_recompile pc=0x0000026c88698868 method=java.util.zip.InflaterInputStream.fill()V @ 19 c2
Event: 135.360 Thread 0x0000026cd32f1a60 DEOPT PACKING pc=0x0000026c88698868 sp=0x00000079474fb440
Event: 135.361 Thread 0x0000026cd32f1a60 DEOPT UNPACKING pc=0x0000026c874a4422 sp=0x00000079474fb428 mode 2
Event: 135.361 Thread 0x0000026cd32f1a60 Uncommon trap: trap_request=0xffffffc6 fr.pc=0x0000026c88698868 relative=0x0000000000000ca8
Event: 135.361 Thread 0x0000026cd32f1a60 Uncommon trap: reason=bimorphic_or_optimized_type_check action=maybe_recompile pc=0x0000026c88698868 method=java.util.zip.InflaterInputStream.fill()V @ 19 c2
Event: 135.361 Thread 0x0000026cd32f1a60 DEOPT PACKING pc=0x0000026c88698868 sp=0x00000079474fb440
Event: 135.361 Thread 0x0000026cd32f1a60 DEOPT UNPACKING pc=0x0000026c874a4422 sp=0x00000079474fb428 mode 2
Event: 135.361 Thread 0x0000026cd32f1a60 Uncommon trap: trap_request=0xffffffc6 fr.pc=0x0000026c88698868 relative=0x0000000000000ca8
Event: 135.361 Thread 0x0000026cd32f1a60 Uncommon trap: reason=bimorphic_or_optimized_type_check action=maybe_recompile pc=0x0000026c88698868 method=java.util.zip.InflaterInputStream.fill()V @ 19 c2
Event: 135.361 Thread 0x0000026cd32f1a60 DEOPT PACKING pc=0x0000026c88698868 sp=0x00000079474fb440
Event: 135.361 Thread 0x0000026cd32f1a60 DEOPT UNPACKING pc=0x0000026c874a4422 sp=0x00000079474fb428 mode 2
Event: 135.362 Thread 0x0000026cd32f1a60 Uncommon trap: trap_request=0xffffff45 fr.pc=0x0000026c87ce9308 relative=0x0000000000000328
Event: 135.362 Thread 0x0000026cd32f1a60 Uncommon trap: reason=unstable_if action=reinterpret pc=0x0000026c87ce9308 method=java.util.zip.Inflater.inflate([BII)I @ 31 c2
Event: 135.362 Thread 0x0000026cd32f1a60 DEOPT PACKING pc=0x0000026c87ce9308 sp=0x00000079474fb700
Event: 135.362 Thread 0x0000026cd32f1a60 DEOPT UNPACKING pc=0x0000026c874a4422 sp=0x00000079474fb670 mode 2

Classes loaded (20 events):
Event: 80.914 Loading class java/util/EnumMap$EntryIterator
Event: 80.914 Loading class java/util/EnumMap$EnumMapIterator
Event: 80.914 Loading class java/util/EnumMap$EnumMapIterator done
Event: 80.914 Loading class java/util/EnumMap$EntryIterator done
Event: 80.914 Loading class java/util/EnumMap$EntryIterator$Entry
Event: 80.914 Loading class java/util/EnumMap$EntryIterator$Entry done
Event: 81.273 Loading class java/io/SerialCallbackContext
Event: 81.274 Loading class java/io/SerialCallbackContext done
Event: 81.277 Loading class java/io/ObjectStreamClass$ExceptionInfo
Event: 81.277 Loading class java/io/ObjectStreamClass$ExceptionInfo done
Event: 81.280 Loading class java/util/HashMap$UnsafeHolder
Event: 81.280 Loading class java/util/HashMap$UnsafeHolder done
Event: 101.913 Loading class java/util/concurrent/locks/ReentrantReadWriteLock$Sync$HoldCounter
Event: 101.913 Loading class java/util/concurrent/locks/ReentrantReadWriteLock$Sync$HoldCounter done
Event: 111.212 Loading class java/time/Instant$1
Event: 111.212 Loading class java/time/Instant$1 done
Event: 135.310 Loading class java/nio/file/FileTreeWalker$1
Event: 135.310 Loading class java/nio/file/FileTreeWalker$1 done
Event: 135.346 Loading class java/io/PushbackInputStream
Event: 135.346 Loading class java/io/PushbackInputStream done

Classes unloaded (20 events):
Event: 14.937 Thread 0x0000026cf68e2b00 Unloading class 0x0000026c90d1e000 '_BuildScript_$_run_closure1$_closure6'
Event: 14.937 Thread 0x0000026cf68e2b00 Unloading class 0x0000026c90d1dbd0 '_BuildScript_$_run_closure1$_closure5'
Event: 14.937 Thread 0x0000026cf68e2b00 Unloading class 0x0000026c90d1d7e0 '_BuildScript_$_run_closure1$_closure4$_closure12'
Event: 14.937 Thread 0x0000026cf68e2b00 Unloading class 0x0000026c90d1d3f0 '_BuildScript_$_run_closure1$_closure4'
Event: 14.937 Thread 0x0000026cf68e2b00 Unloading class 0x0000026c90d1d000 '_BuildScript_$_run_closure1$_closure3$_closure11'
Event: 14.937 Thread 0x0000026cf68e2b00 Unloading class 0x0000026c90d1c930 '_BuildScript_$_run_closure1$_closure3'
Event: 14.937 Thread 0x0000026cf68e2b00 Unloading class 0x0000026c90d1c540 '_BuildScript_$_run_closure1'
Event: 14.937 Thread 0x0000026cf68e2b00 Unloading class 0x0000026c90d1c000 '_BuildScript_'
Event: 18.897 Thread 0x0000026cf68e2b00 Unloading class 0x0000026c90ed8540 '_BuildScript_$_run_closure1'
Event: 18.897 Thread 0x0000026cf68e2b00 Unloading class 0x0000026c90ed8000 '_BuildScript_'
Event: 104.595 Thread 0x0000026cf68e2b00 Unloading class 0x0000026c90d1e7e0 '_BuildScript_$_run_closure2'
Event: 104.595 Thread 0x0000026cf68e2b00 Unloading class 0x0000026c90d1e3f0 '_BuildScript_$_run_closure1$_closure8'
Event: 104.595 Thread 0x0000026cf68e2b00 Unloading class 0x0000026c90d1e000 '_BuildScript_$_run_closure1$_closure7'
Event: 104.595 Thread 0x0000026cf68e2b00 Unloading class 0x0000026c90d1dbd0 '_BuildScript_$_run_closure1$_closure6'
Event: 104.595 Thread 0x0000026cf68e2b00 Unloading class 0x0000026c90d1d7e0 '_BuildScript_$_run_closure1$_closure5'
Event: 104.595 Thread 0x0000026cf68e2b00 Unloading class 0x0000026c90d1d3f0 '_BuildScript_$_run_closure1$_closure4$_closure9'
Event: 104.595 Thread 0x0000026cf68e2b00 Unloading class 0x0000026c90d1d000 '_BuildScript_$_run_closure1$_closure4'
Event: 104.595 Thread 0x0000026cf68e2b00 Unloading class 0x0000026c90d1c930 '_BuildScript_$_run_closure1$_closure3'
Event: 104.595 Thread 0x0000026cf68e2b00 Unloading class 0x0000026c90d1c540 '_BuildScript_$_run_closure1'
Event: 104.595 Thread 0x0000026cf68e2b00 Unloading class 0x0000026c90d1c000 '_BuildScript_'

Classes redefined (0 events):
No events

Internal exceptions (20 events):
Event: 80.904 Thread 0x0000026cfcd68620 Exception <a 'sun/nio/fs/WindowsException'{0x00000000fff9f180}> (0x00000000fff9f180) 
thrown [s\src\hotspot\share\prims\jni.cpp, line 520]
Event: 80.911 Thread 0x0000026cfcd68620 Exception <a 'sun/nio/fs/WindowsException'{0x00000000ffe314b8}> (0x00000000ffe314b8) 
thrown [s\src\hotspot\share\prims\jni.cpp, line 520]
Event: 80.911 Thread 0x0000026cfcd68620 Exception <a 'sun/nio/fs/WindowsException'{0x00000000ffe32b60}> (0x00000000ffe32b60) 
thrown [s\src\hotspot\share\prims\jni.cpp, line 520]
Event: 80.911 Thread 0x0000026cfcd68620 Exception <a 'sun/nio/fs/WindowsException'{0x00000000ffe34258}> (0x00000000ffe34258) 
thrown [s\src\hotspot\share\prims\jni.cpp, line 520]
Event: 80.911 Thread 0x0000026cfcd68620 Exception <a 'sun/nio/fs/WindowsException'{0x00000000ffe35950}> (0x00000000ffe35950) 
thrown [s\src\hotspot\share\prims\jni.cpp, line 520]
Event: 80.913 Thread 0x0000026cfcd68620 Exception <a 'sun/nio/fs/WindowsException'{0x00000000ffe61560}> (0x00000000ffe61560) 
thrown [s\src\hotspot\share\prims\jni.cpp, line 520]
Event: 80.913 Thread 0x0000026cfcd68620 Exception <a 'sun/nio/fs/WindowsException'{0x00000000ffe62c08}> (0x00000000ffe62c08) 
thrown [s\src\hotspot\share\prims\jni.cpp, line 520]
Event: 80.913 Thread 0x0000026cfcd68620 Exception <a 'sun/nio/fs/WindowsException'{0x00000000ffe64300}> (0x00000000ffe64300) 
thrown [s\src\hotspot\share\prims\jni.cpp, line 520]
Event: 80.913 Thread 0x0000026cfcd68620 Exception <a 'sun/nio/fs/WindowsException'{0x00000000ffe659f8}> (0x00000000ffe659f8) 
thrown [s\src\hotspot\share\prims\jni.cpp, line 520]
Event: 80.959 Thread 0x0000026cfcd68620 Implicit null exception at 0x0000026c8844ba5b to 0x0000026c88454530
Event: 81.064 Thread 0x0000026cfcd68620 Implicit null exception at 0x0000026c8860da3e to 0x0000026c8860db80
Event: 81.098 Thread 0x0000026cfcd68620 Implicit null exception at 0x0000026c88615b47 to 0x0000026c88615ceb
Event: 81.112 Thread 0x0000026cfcd68620 Implicit null exception at 0x0000026c886187c7 to 0x0000026c8861896b
Event: 81.204 Thread 0x0000026cd148e1c0 Exception <a 'java/lang/NoSuchMethodError'{0x00000000ef043c70}: 'java.lang.Object java.lang.invoke.DirectMethodHandle$Holder.newInvokeSpecial(java.lang.Object, java.lang.Object, int, java.lang.Object, java.lang.Object)'> (0x00000000ef043c70) 
thrown [s\src\hotspot\share\interpreter\linkResolver.cpp, line 773]
Event: 81.247 Thread 0x0000026cd1492360 Exception <a 'java/lang/NoSuchMethodError'{0x00000000eeb43858}: 'java.lang.Object java.lang.invoke.DirectMethodHandle$Holder.invokeVirtual(java.lang.Object, java.lang.Object, java.lang.Object, java.lang.Object, java.lang.Object, java.lang.Object, java.lang.Object, java.lang.Object, java.lang.Object, java.lang.Object, java.lang.Object, java.lang.Object, java.lang.Object, java.lang.Object, java.lang.Object, java.lang.Object, java.lang.Object, java.lang.Object, java.lang.Object)'> (0x00000000eeb43858) 
thrown
Event: 81.265 Thread 0x0000026cd1492360 Exception <a 'java/lang/NoSuchMethodError'{0x00000000eeac16d0}: 'void java.lang.invoke.DirectMethodHandle$Holder.invokeSpecial(java.lang.Object, java.lang.Object, java.lang.Object, java.lang.Object, int, java.lang.Object, java.lang.Object)'> (0x00000000eeac16d0) 
thrown [s\src\hotspot\share\interpreter\linkResolver.cpp, line 773]
Event: 81.272 Thread 0x0000026cd4dd4240 Exception <a 'java/lang/NoSuchMethodError'{0x00000000ee98b818}: static Ljava/lang/Object;.<clinit>()V> (0x00000000ee98b818) 
thrown [s\src\hotspot\share\prims\jni.cpp, line 1111]
Event: 81.275 Thread 0x0000026cd4dd4240 Exception <a 'java/lang/NoSuchMethodError'{0x00000000ee9b4da0}: static Lorg/jetbrains/kotlin/gradle/plugin/statistics/MetricContainer;.<clinit>()V> (0x00000000ee9b4da0) 
thrown [s\src\hotspot\share\prims\jni.cpp, line 1111]
Event: 81.287 Thread 0x0000026cd1492360 Exception <a 'sun/nio/fs/WindowsException'{0x00000000ee884290}> (0x00000000ee884290) 
thrown [s\src\hotspot\share\prims\jni.cpp, line 520]
Event: 81.300 Thread 0x0000026cd1492360 Exception <a 'sun/nio/fs/WindowsException'{0x00000000ee7760a0}> (0x00000000ee7760a0) 
thrown [s\src\hotspot\share\prims\jni.cpp, line 520]

ZGC Phase Switch (0 events):
No events

VM Operations (20 events):
Event: 129.447 Executing safepoint VM operation: Cleanup
Event: 129.447 Executing safepoint VM operation: Cleanup done
Event: 130.461 Executing safepoint VM operation: Cleanup
Event: 130.461 Executing safepoint VM operation: Cleanup done
Event: 131.463 Executing safepoint VM operation: Cleanup
Event: 131.463 Executing safepoint VM operation: Cleanup done
Event: 132.477 Executing safepoint VM operation: Cleanup
Event: 132.477 Executing safepoint VM operation: Cleanup done
Event: 133.489 Executing safepoint VM operation: Cleanup
Event: 133.489 Executing safepoint VM operation: Cleanup done
Event: 134.502 Executing safepoint VM operation: Cleanup
Event: 134.503 Executing safepoint VM operation: Cleanup done
Event: 135.313 Executing non-safepoint VM operation: HandshakeAllThreads (Deoptimize)
Event: 135.313 Executing non-safepoint VM operation: HandshakeAllThreads (Deoptimize) done
Event: 135.317 Executing non-safepoint VM operation: HandshakeAllThreads (Deoptimize)
Event: 135.317 Executing non-safepoint VM operation: HandshakeAllThreads (Deoptimize) done
Event: 135.347 Executing non-safepoint VM operation: HandshakeAllThreads (Deoptimize)
Event: 135.357 Executing non-safepoint VM operation: HandshakeAllThreads (Deoptimize) done
Event: 135.360 Executing non-safepoint VM operation: HandshakeAllThreads (Deoptimize)
Event: 135.360 Executing non-safepoint VM operation: HandshakeAllThreads (Deoptimize) done

Memory protections (0 events):
No events

Nmethod flushes (20 events):
Event: 104.612 Thread 0x0000026cf68e2b00 flushing  nmethod 0x0000026c8078b210
Event: 104.612 Thread 0x0000026cf68e2b00 flushing  nmethod 0x0000026c807c0f90
Event: 104.612 Thread 0x0000026cf68e2b00 flushing  nmethod 0x0000026c807c9b10
Event: 104.612 Thread 0x0000026cf68e2b00 flushing  nmethod 0x0000026c807cfd90
Event: 104.612 Thread 0x0000026cf68e2b00 flushing  nmethod 0x0000026c807dc010
Event: 104.612 Thread 0x0000026cf68e2b00 flushing  nmethod 0x0000026c807ffd10
Event: 104.612 Thread 0x0000026cf68e2b00 flushing  nmethod 0x0000026c80812410
Event: 104.612 Thread 0x0000026cf68e2b00 flushing  nmethod 0x0000026c8082d610
Event: 104.612 Thread 0x0000026cf68e2b00 flushing  nmethod 0x0000026c8082dd90
Event: 104.612 Thread 0x0000026cf68e2b00 flushing  nmethod 0x0000026c80a23390
Event: 104.612 Thread 0x0000026cf68e2b00 flushing  nmethod 0x0000026c80a2ee90
Event: 104.612 Thread 0x0000026cf68e2b00 flushing  nmethod 0x0000026c80a31190
Event: 104.612 Thread 0x0000026cf68e2b00 flushing  nmethod 0x0000026c80a32a10
Event: 104.612 Thread 0x0000026cf68e2b00 flushing  nmethod 0x0000026c80e2b610
Event: 104.612 Thread 0x0000026cf68e2b00 flushing  nmethod 0x0000026c8125c410
Event: 104.612 Thread 0x0000026cf68e2b00 flushing  nmethod 0x0000026c81263c10
Event: 104.612 Thread 0x0000026cf68e2b00 flushing  nmethod 0x0000026c815ed710
Event: 104.612 Thread 0x0000026cf68e2b00 flushing  nmethod 0x0000026c81607f90
Event: 104.612 Thread 0x0000026cf68e2b00 flushing  nmethod 0x0000026c81a26110
Event: 104.612 Thread 0x0000026cf68e2b00 flushing  nmethod 0x0000026c81b8b310

Events (20 events):
Event: 135.302 Thread 0x0000026cd6c34990 Thread added: 0x0000026cd6c319e0
Event: 135.340 Thread 0x0000026cd1492360 Thread added: 0x0000026cd32f0d40
Event: 135.341 Thread 0x0000026cd1492360 Thread added: 0x0000026cd32f13d0
Event: 135.341 Thread 0x0000026cd1492360 Thread added: 0x0000026cd32f1a60
Event: 135.341 Thread 0x0000026cd1492360 Thread added: 0x0000026cd32ee5e0
Event: 135.341 Thread 0x0000026cd1492360 Thread added: 0x0000026cd32f20f0
Event: 135.341 Thread 0x0000026cd1492360 Thread added: 0x0000026cd32f2e10
Event: 135.341 Thread 0x0000026cd1492360 Thread added: 0x0000026cd32f4ee0
Event: 135.341 Thread 0x0000026cd1492360 Thread added: 0x0000026cd32f2780
Event: 135.341 Thread 0x0000026cd1492360 Thread added: 0x0000026cd32ef990
Event: 135.341 Thread 0x0000026cd1492360 Thread added: 0x0000026cd32f3b30
Event: 135.341 Thread 0x0000026cd1492360 Thread added: 0x0000026cd32f34a0
Event: 135.341 Thread 0x0000026cd1492360 Thread added: 0x0000026cd32f6290
Event: 135.341 Thread 0x0000026cd1492360 Thread added: 0x0000026cd32f6fb0
Event: 135.341 Thread 0x0000026cd1492360 Thread added: 0x0000026cd32f6920
Event: 135.342 Thread 0x0000026cd1492360 Thread added: 0x0000026cd32f7640
Event: 135.342 Thread 0x0000026cd1492360 Thread added: 0x0000026cd32f41c0
Event: 135.342 Thread 0x0000026cd1492360 Thread added: 0x0000026cd32f4850
Event: 135.342 Thread 0x0000026cd1492360 Thread added: 0x0000026cd32f7cd0
Event: 135.342 Thread 0x0000026cd1492360 Thread added: 0x0000026cd32f8360


Dynamic libraries:
0x00007ff7c2d20000 - 0x00007ff7c2d2e000 	C:\Program Files\Microsoft\jdk-21.0.12.101-hotspot\bin\java.exe
0x00007ff8f5c80000 - 0x00007ff8f5ee7000 	C:\Windows\SYSTEM32\ntdll.dll
0x00007ff8f46b0000 - 0x00007ff8f477b000 	C:\Windows\System32\KERNEL32.DLL
0x00007ff8f3100000 - 0x00007ff8f3501000 	C:\Windows\System32\KERNELBASE.dll
0x00007ff8f37b0000 - 0x00007ff8f38fc000 	C:\Windows\System32\ucrtbase.dll
0x00007ff89c9a0000 - 0x00007ff89c9b8000 	C:\Program Files\Microsoft\jdk-21.0.12.101-hotspot\bin\jli.dll
0x00007ff869010000 - 0x00007ff86902e000 	C:\Program Files\Microsoft\jdk-21.0.12.101-hotspot\bin\VCRUNTIME140.dll
0x00007ff8f3ee0000 - 0x00007ff8f40b7000 	C:\Windows\System32\USER32.dll
0x00007ff8d2270000 - 0x00007ff8d2500000 	C:\Windows\WinSxS\amd64_microsoft.windows.common-controls_6595b64144ccf1df_6.0.26100.9549_none_3e0a0396e3330090\COMCTL32.dll
0x00007ff8f30d0000 - 0x00007ff8f30f7000 	C:\Windows\System32\win32u.dll
0x00007ff8f41a0000 - 0x00007ff8f4249000 	C:\Windows\System32\msvcrt.dll
0x00007ff8f3a50000 - 0x00007ff8f3a7b000 	C:\Windows\System32\GDI32.dll
0x00007ff8f3680000 - 0x00007ff8f37a8000 	C:\Windows\System32\gdi32full.dll
0x00007ff8f35d0000 - 0x00007ff8f3673000 	C:\Windows\System32\msvcp_win.dll
0x00007ff8f5c00000 - 0x00007ff8f5c31000 	C:\Windows\System32\IMM32.DLL
0x00007ff8bb6c0000 - 0x00007ff8bb6cc000 	C:\Program Files\Microsoft\jdk-21.0.12.101-hotspot\bin\vcruntime140_1.dll
0x00007ff847240000 - 0x00007ff8472c9000 	C:\Program Files\Microsoft\jdk-21.0.12.101-hotspot\bin\msvcp140.dll
0x00007ff80e150000 - 0x00007ff80eeff000 	C:\Program Files\Microsoft\jdk-21.0.12.101-hotspot\bin\server\jvm.dll
0x00007ff8f3c60000 - 0x00007ff8f3d1b000 	C:\Windows\System32\ADVAPI32.dll
0x00007ff8f39a0000 - 0x00007ff8f3a48000 	C:\Windows\System32\sechost.dll
0x00007ff8f5960000 - 0x00007ff8f5a78000 	C:\Windows\System32\RPCRT4.dll
0x00007ff8f5b70000 - 0x00007ff8f5bf1000 	C:\Windows\System32\WS2_32.dll
0x00007ff8f1980000 - 0x00007ff8f19de000 	C:\Windows\SYSTEM32\POWRPROF.dll
0x00007ff8ef800000 - 0x00007ff8ef837000 	C:\Windows\SYSTEM32\WINMM.dll
0x00007ff8e6170000 - 0x00007ff8e617b000 	C:\Windows\SYSTEM32\VERSION.dll
0x00007ff8f1960000 - 0x00007ff8f1975000 	C:\Windows\SYSTEM32\UMPDC.dll
0x00007ff8f1c40000 - 0x00007ff8f1c5b000 	C:\Windows\SYSTEM32\kernel.appcore.dll
0x00007ff8b1c40000 - 0x00007ff8b1c4a000 	C:\Program Files\Microsoft\jdk-21.0.12.101-hotspot\bin\jimage.dll
0x00007ff8efd80000 - 0x00007ff8effcc000 	C:\Windows\SYSTEM32\DBGHELP.DLL
0x00007ff8f4320000 - 0x00007ff8f46aa000 	C:\Windows\System32\combase.dll
0x00007ff8f40c0000 - 0x00007ff8f4199000 	C:\Windows\System32\OLEAUT32.dll
0x00007ff8d0530000 - 0x00007ff8d056b000 	C:\Windows\SYSTEM32\dbgcore.DLL
0x00007ff8f3510000 - 0x00007ff8f35bc000 	C:\Windows\System32\bcryptPrimitives.dll
0x00007ff8b02c0000 - 0x00007ff8b02d0000 	C:\Program Files\Microsoft\jdk-21.0.12.101-hotspot\bin\instrument.dll
0x00007ff868fe0000 - 0x00007ff869001000 	C:\Program Files\Microsoft\jdk-21.0.12.101-hotspot\bin\java.dll
0x00007ff8f4890000 - 0x00007ff8f502c000 	C:\Windows\System32\SHELL32.dll
0x00007ff8f08d0000 - 0x00007ff8f117d000 	C:\Windows\SYSTEM32\windows.storage.dll
0x00007ff8f5040000 - 0x00007ff8f5139000 	C:\Windows\System32\SHCORE.dll
0x00007ff8f4780000 - 0x00007ff8f47e6000 	C:\Windows\System32\shlwapi.dll
0x00007ff8f2d90000 - 0x00007ff8f2db9000 	C:\Windows\SYSTEM32\profapi.dll
0x00007ff845ec0000 - 0x00007ff845f96000 	C:\Program Files\Microsoft\jdk-21.0.12.101-hotspot\bin\jsvml.dll
0x00007ff84daa0000 - 0x00007ff84dab8000 	C:\Program Files\Microsoft\jdk-21.0.12.101-hotspot\bin\zip.dll
0x00007ff84da80000 - 0x00007ff84da91000 	C:\Program Files\Microsoft\jdk-21.0.12.101-hotspot\bin\net.dll
0x00007ff8e8ca0000 - 0x00007ff8e8dca000 	C:\Windows\SYSTEM32\WINHTTP.dll
0x00007ff8f2200000 - 0x00007ff8f226c000 	C:\Windows\system32\mswsock.dll
0x00007ff84d300000 - 0x00007ff84d316000 	C:\Program Files\Microsoft\jdk-21.0.12.101-hotspot\bin\nio.dll
0x00007ff8af280000 - 0x00007ff8af290000 	C:\Program Files\Microsoft\jdk-21.0.12.101-hotspot\bin\verify.dll
0x00007ff84d220000 - 0x00007ff84d247000 	C:\Users\araba\.gradle\native\c067742578af261105cb4f569cf0c3c89f3d7b1fecec35dd04571415982c5e48\windows-amd64\native-platform.dll
0x00007ff82c5d0000 - 0x00007ff82c714000 	C:\Users\araba\.gradle\native\100fb08df4bc3b14c8652ba06237920a3bd2aa13389f12d3474272988ae205f9\windows-amd64\native-platform-file-events.dll
0x00007ff8ae520000 - 0x00007ff8ae52a000 	C:\Program Files\Microsoft\jdk-21.0.12.101-hotspot\bin\management.dll
0x00007ff8ad890000 - 0x00007ff8ad89c000 	C:\Program Files\Microsoft\jdk-21.0.12.101-hotspot\bin\management_ext.dll
0x00007ff8f4310000 - 0x00007ff8f4318000 	C:\Windows\System32\PSAPI.DLL
0x00007ff8f24f0000 - 0x00007ff8f250b000 	C:\Windows\SYSTEM32\CRYPTSP.dll
0x00007ff8f1ba0000 - 0x00007ff8f1bd9000 	C:\Windows\system32\rsaenh.dll
0x00007ff8f22b0000 - 0x00007ff8f22e4000 	C:\Windows\SYSTEM32\USERENV.dll
0x00007ff8f2d60000 - 0x00007ff8f2d8a000 	C:\Windows\SYSTEM32\bcrypt.dll
0x00007ff8f2510000 - 0x00007ff8f251c000 	C:\Windows\SYSTEM32\CRYPTBASE.dll
0x00007ff8f1540000 - 0x00007ff8f1573000 	C:\Windows\SYSTEM32\IPHLPAPI.DLL
0x00007ff8f47f0000 - 0x00007ff8f47fa000 	C:\Windows\System32\NSI.dll
0x00007ff8ad390000 - 0x00007ff8ad399000 	C:\Program Files\Microsoft\jdk-21.0.12.101-hotspot\bin\extnet.dll
0x00007ff8ab0d0000 - 0x00007ff8ab0de000 	C:\Program Files\Microsoft\jdk-21.0.12.101-hotspot\bin\sunmscapi.dll
0x00007ff8f2f40000 - 0x00007ff8f30bf000 	C:\Windows\System32\CRYPT32.dll
0x00007ff8f2750000 - 0x00007ff8f2780000 	C:\Windows\SYSTEM32\ncrypt.dll
0x00007ff8f2700000 - 0x00007ff8f273f000 	C:\Windows\SYSTEM32\NTASN1.dll
0x00007ff8e0d50000 - 0x00007ff8e0d58000 	C:\Windows\system32\wshunix.dll
0x00007ff8f1630000 - 0x00007ff8f1788000 	C:\Windows\SYSTEM32\DNSAPI.dll
0x00007ff8f1fe0000 - 0x00007ff8f1fed000 	C:\Windows\SYSTEM32\DSPARSE.dll
0x00007ff8dd970000 - 0x00007ff8dd97b000 	C:\Windows\System32\rasadhlp.dll
0x00007ff8e8770000 - 0x00007ff8e87f6000 	C:\Windows\System32\fwpuclnt.dll
0x00007ff8bc850000 - 0x00007ff8bc868000 	C:\Windows\system32\napinsp.dll
0x00007ff8bc810000 - 0x00007ff8bc823000 	C:\Windows\System32\winrnr.dll
0x00007ff8bc7b0000 - 0x00007ff8bc7d7000 	C:\Windows\system32\nlansp_c.dll
0x00007ff8bc750000 - 0x00007ff8bc766000 	C:\Windows\system32\wshbth.dll

JVMTI agents:
D:\IQOO Hackathon\DevLens_Prototype\.build-tools\gradle-8.10.2\lib\agents\gradle-instrumentation-agent-8.10.2.jar path:C:\Program Files\Microsoft\jdk-21.0.12.101-hotspot\bin\instrument.dll, loaded, initialized, instrumentlib options:none

dbghelp: loaded successfully - version: 4.0.5 - missing functions: none
symbol engine: initialized successfully - sym options: 0x614 - pdb path: .;C:\Program Files\Microsoft\jdk-21.0.12.101-hotspot\bin;C:\Windows\SYSTEM32;C:\Windows\WinSxS\amd64_microsoft.windows.common-controls_6595b64144ccf1df_6.0.26100.9549_none_3e0a0396e3330090;C:\Program Files\Microsoft\jdk-21.0.12.101-hotspot\bin\server;C:\Users\araba\.gradle\native\c067742578af261105cb4f569cf0c3c89f3d7b1fecec35dd04571415982c5e48\windows-amd64;C:\Users\araba\.gradle\native\100fb08df4bc3b14c8652ba06237920a3bd2aa13389f12d3474272988ae205f9\windows-amd64

VM Arguments:
jvm_args: -XX:+HeapDumpOnOutOfMemoryError --add-opens=java.base/java.util=ALL-UNNAMED --add-opens=java.base/java.lang=ALL-UNNAMED --add-opens=java.base/java.lang.invoke=ALL-UNNAMED --add-opens=java.prefs/java.util.prefs=ALL-UNNAMED --add-exports=jdk.compiler/com.sun.tools.javac.api=ALL-UNNAMED --add-exports=jdk.compiler/com.sun.tools.javac.util=ALL-UNNAMED --add-opens=java.base/java.nio.charset=ALL-UNNAMED --add-opens=java.base/java.net=ALL-UNNAMED --add-opens=java.base/java.util.concurrent.atomic=ALL-UNNAMED -Xmx512m -Dfile.encoding=UTF-8 -Duser.country=IN -Duser.language=en -Duser.variant -javaagent:D:\IQOO Hackathon\DevLens_Prototype\.build-tools\gradle-8.10.2\lib\agents\gradle-instrumentation-agent-8.10.2.jar 
java_command: org.gradle.launcher.daemon.bootstrap.GradleDaemon 8.10.2
java_class_path (initial): D:\IQOO Hackathon\DevLens_Prototype\.build-tools\gradle-8.10.2\lib\gradle-daemon-main-8.10.2.jar
Launcher Type: SUN_STANDARD

[Global flags]
     intx CICompilerCount                          = 12                                        {product} {ergonomic}
     uint ConcGCThreads                            = 4                                         {product} {ergonomic}
     uint G1ConcRefinementThreads                  = 15                                        {product} {ergonomic}
   size_t G1HeapRegionSize                         = 1048576                                   {product} {ergonomic}
    uintx GCDrainStackTargetSize                   = 64                                        {product} {ergonomic}
     bool HeapDumpOnOutOfMemoryError               = true                                   {manageable} {command line}
   size_t InitialHeapSize                          = 398458880                                 {product} {ergonomic}
   size_t MarkStackSize                            = 4194304                                   {product} {ergonomic}
   size_t MaxHeapSize                              = 536870912                                 {product} {command line}
   size_t MaxNewSize                               = 321912832                                 {product} {ergonomic}
   size_t MinHeapDeltaBytes                        = 1048576                                   {product} {ergonomic}
   size_t MinHeapSize                              = 8388608                                   {product} {ergonomic}
    uintx NonNMethodCodeHeapSize                   = 7602480                                {pd product} {ergonomic}
    uintx NonProfiledCodeHeapSize                  = 122027880                              {pd product} {ergonomic}
    uintx ProfiledCodeHeapSize                     = 122027880                              {pd product} {ergonomic}
    uintx ReservedCodeCacheSize                    = 251658240                              {pd product} {ergonomic}
     bool SegmentedCodeCache                       = true                                      {product} {ergonomic}
   size_t SoftMaxHeapSize                          = 536870912                              {manageable} {ergonomic}
     bool UseCompressedOops                        = true                           {product lp64_product} {ergonomic}
     bool UseG1GC                                  = true                                      {product} {ergonomic}
     bool UseLargePagesIndividualAllocation        = false                                  {pd product} {ergonomic}

Logging:
Log output configuration:
 #0: stdout all=warning uptime,level,tags foldmultilines=false
 #1: stderr all=off uptime,level,tags foldmultilines=false

Release file:
IMPLEMENTOR="Microsoft" 
IMPLEMENTOR_VERSION="Microsoft-14941484" 
JAVA_RUNTIME_VERSION="21.0.12.1+1-LTS" 
JAVA_VERSION="21.0.12.1" 
JAVA_VERSION_DATE="2026-08-18" 
LIBC="default" 
MODULES="java.base java.compiler java.datatransfer java.xml java.prefs java.desktop java.instrument java.logging java.management java.security.sasl java.naming java.rmi java.management.rmi java.net.http java.scripting java.security.jgss java.transaction.xa java.sql java.sql.rowset java.xml.crypto java.se java.smartcardio jdk.accessibility jdk.internal.jvmstat jdk.attach jdk.charsets jdk.internal.opt jdk.zipfs jdk.compiler jdk.crypto.ec jdk.crypto.cryptoki jdk.crypto.mscapi jdk.dynalink jdk.internal.ed jdk.editpad jdk.hotspot.agent jdk.httpserver jdk.incubator.vector jdk.internal.le jdk.internal.vm.ci jdk.internal.vm.compiler jdk.internal.vm.compiler.management jdk.jartool jdk.javadoc jdk.jcmd jdk.management jdk.management.agent jdk.jconsole jdk.jdeps jdk.jdwp.agent jdk.jdi jdk.jfr jdk.jlink jdk.jpackage jdk.jshell jdk.jsobject jdk.jstatd jdk.localedata jdk.management.jfr jdk.naming.dns jdk.naming.rmi jdk.net jdk.nio.mapmode jdk.random jdk.sctp jdk.security.auth jdk.security.jgss jdk.unsupported jdk.unsupported.desktop jdk.xml.dom" 
OS_ARCH="x86_64" 
OS_NAME="Windows" 
SOURCE=".:git:6f26c6b2b098" 

Environment Variables:
JAVA_HOME=C:\Program Files\Microsoft\jdk-21.0.12.101-hotspot
CLASSPATH=D:\IQOO Hackathon\DevLens_Prototype\.build-tools\gradle-8.10.2\lib\gradle-gradle-cli-main-8.10.2.jar
PATH=C:/Users/araba/.gemini/antigravity-ide/bin;C:\Program Files\Microsoft\jdk-21.0.12.101-hotspot\bin;C:\Program Files\Eclipse Adoptium\jdk-21.0.12.101-hotspot\bin;C:\Windows\system32;C:\Windows;C:\Windows\System32\Wbem;C:\Windows\System32\WindowsPowerShell\v1.0\;C:\Windows\System32\OpenSSH\;C:\Program Files (x86)\NVIDIA Corporation\PhysX\Common;C:\Program Files\NVIDIA Corporation\NVIDIA NvDLISR;C:\Users\araba\AppData\Local\Programs\Python\Python313;C:\Users\araba\AppData\Local\Programs\Python\Python313\Scripts;C:\Program Files\Git\cmd;C:\Program Files\Java\jdk-25.0.2\bin;C:\Users\araba\Downloads\ffmpeg-8.1-essentials_build\ffmpeg-8.1-essentials_build\bin;D:\NodeJs\;%araba%\AppData\Roaming\npm;C:\Users\araba\AppData\Local\Programs\OpenAI\Codex\bin;C:\Users\araba\.local\bin;C:\Users\araba\AppData\Local\Programs\Python\Launcher\;C:\Users\araba\AppData\Local\Microsoft\WindowsApps;C:\MinGW\bin;C:\Program Files\Common Files\Oracle\Java\javapath;C:\Program Files\JetBrains\IntelliJ IDEA 2025.3.3\bin;C:\Users\araba\AppData\Local\Programs\Ollama;C:\Users\araba\AppData\Local\Microsoft\WinGet\Packages\DenoLand.Deno_Microsoft.Winget.Source_8wekyb3d8bbwe;D:\Antigravity IDE\bin;C:\Users\araba\AppData\Roaming\npm;D:\Microsoft VS Code\bin;C:\Users\araba\AppData\Local\Programs\Antigravity IDE\bin
USERNAME=araba
OS=Windows_NT
PROCESSOR_IDENTIFIER=Intel64 Family 6 Model 183 Stepping 1, GenuineIntel
TMP=C:\Users\araba\AppData\Local\Temp
TEMP=C:\Users\araba\AppData\Local\Temp




Periodic native trim disabled

---------------  S Y S T E M  ---------------

OS:
 Windows 11 , 64 bit Build 26100 (10.0.26100.9549)
OS uptime: 0 days 16:59 hours
Hyper-V role detected

CPU: total 20 (initial active 20) (10 cores per cpu, 2 threads per core) family 6 model 183 stepping 1 microcode 0x12e, cx8, cmov, fxsr, ht, mmx, 3dnowpref, sse, sse2, sse3, ssse3, sse4.1, sse4.2, popcnt, lzcnt, tsc, tscinvbit, avx, avx2, aes, erms, clmul, bmi1, bmi2, adx, sha, fma, vzeroupper, clflush, clflushopt, clwb, hv, serialize, rdtscp, rdpid, fsrm, f16c, cet_ibt, cet_ss
Processor Information for processor 0
  Max Mhz: 2600, Current Mhz: 2600, Mhz Limit: 2600
Processor Information for processor 1
  Max Mhz: 2600, Current Mhz: 2600, Mhz Limit: 2600
Processor Information for processor 2
  Max Mhz: 2600, Current Mhz: 2600, Mhz Limit: 2600
Processor Information for processor 3
  Max Mhz: 2600, Current Mhz: 1496, Mhz Limit: 2600
Processor Information for processor 4
  Max Mhz: 2600, Current Mhz: 2600, Mhz Limit: 2600
Processor Information for processor 5
  Max Mhz: 2600, Current Mhz: 2600, Mhz Limit: 2600
Processor Information for processor 6
  Max Mhz: 2600, Current Mhz: 2600, Mhz Limit: 2600
Processor Information for processor 7
  Max Mhz: 2600, Current Mhz: 2600, Mhz Limit: 2600
Processor Information for processor 8
  Max Mhz: 2600, Current Mhz: 1496, Mhz Limit: 2600
Processor Information for processor 9
  Max Mhz: 2600, Current Mhz: 2600, Mhz Limit: 2600
Processor Information for processor 10
  Max Mhz: 2600, Current Mhz: 2600, Mhz Limit: 2600
Processor Information for processor 11
  Max Mhz: 2600, Current Mhz: 2600, Mhz Limit: 2600
Processor Information for processor 12
  Max Mhz: 2600, Current Mhz: 1505, Mhz Limit: 2600
Processor Information for processor 13
  Max Mhz: 2600, Current Mhz: 2600, Mhz Limit: 2600
Processor Information for processor 14
  Max Mhz: 2600, Current Mhz: 2600, Mhz Limit: 2600
Processor Information for processor 15
  Max Mhz: 2600, Current Mhz: 1505, Mhz Limit: 2600
Processor Information for processor 16
  Max Mhz: 2600, Current Mhz: 2600, Mhz Limit: 2600
Processor Information for processor 17
  Max Mhz: 2600, Current Mhz: 2600, Mhz Limit: 2600
Processor Information for processor 18
  Max Mhz: 2600, Current Mhz: 2600, Mhz Limit: 2600
Processor Information for processor 19
  Max Mhz: 2600, Current Mhz: 1505, Mhz Limit: 2600

Memory: 4k page, system-wide physical 24283M (8417M free)
TotalPageFile size 24283M (AvailPageFile size 1M)
current process WorkingSet (physical memory assigned to process): 613M, peak: 647M
current process commit charge ("private bytes"): 671M, peak: 705M

vm_info: OpenJDK 64-Bit Server VM (21.0.12.1+1-LTS) for windows-amd64 JRE (21.0.12.1+1-LTS), built on 2026-08-11T20:50:01Z by "MicrosoftCorporation" with MS VC++ 17.14 (VS2022)

END.
